rental_id,equipment_id,customer_id,site_id,site_name,site_city,check_in_date,expected_return_date,actual_return_date,rental_days,rental_rate_per_day,total_rental_cost,deposit_amount,payment_status,operator_id,contract_status,overdue_days
RNT100000,EQX1244,CUST1117,SITE106,Harbor Expansion,Salem,2025-05-18,2025-05-21,2025-05-21,3,30000,90000,60000,Pending,OP1182,Completed,0
RNT100001,EQX1216,CUST1102,SITE128,Harbor Expansion,Bangalore,2025-05-11,2025-05-22,2025-05-22,11,24000,264000,48000,Paid,OP1143,Completed,0
RNT100002,EQX1139,CUST1098,SITE114,IT Park,Chennai,2025-01-19,2025-02-07,2025-02-07,19,30000,570000,60000,Paid,OP1126,Completed,0
RNT100003,EQX1104,CUST1068,SITE116,Industrial Park,Madurai,2025-03-09,2025-03-22,2025-03-22,13,24000,312000,48000,Paid,OP1179,Completed,0
RNT100004,EQX1284,CUST1097,SITE104,River Embankment,Hyderabad,2025-05-12,2025-05-17,2025-05-17,5,18000,90000,36000,Paid,OP1036,Completed,0
RNT100005,EQX1137,CUST1071,SITE106,Harbor Expansion,Salem,2025-01-06,2025-01-10,2025-01-19,4,18000,234000,36000,Paid,OP1116,Overdue,9
RNT100006,EQX1114,CUST1027,SITE119,Mining Site,Bangalore,2025-02-17,2025-03-18,2025-03-22,29,12000,396000,24000,Paid,OP1171,Overdue,4
RNT100007,EQX1236,CUST1112,SITE113,Bridge Construction,Chennai,2025-01-15,2025-01-19,2025-01-19,4,18000,72000,36000,Pending,OP1158,Completed,0
RNT100008,EQX1278,CUST1014,SITE108,Mining Site,Salem,2025-03-01,2025-03-21,2025-03-21,20,22000,440000,44000,Paid,OP1022,Completed,0
RNT100009,EQX1185,CUST1003,SITE116,Industrial Park,Mysore,2025-03-07,2025-03-31,2025-03-31,24,30000,720000,60000,Paid,OP1116,Completed,0
RNT100010,EQX1159,CUST1107,SITE103,Residential Township,Madurai,2025-01-21,2025-01-28,2025-01-28,7,24000,168000,48000,Partial,OP1172,Completed,0
RNT100011,EQX1036,CUST1043,SITE123,Bridge Construction,Trichy,2025-05-26,2025-06-21,2025-06-21,26,24000,624000,48000,Pending,OP1041,Completed,0
RNT100012,EQX1051,CUST1047,SITE105,IT Park,Mysore,2025-02-08,2025-02-20,2025-02-20,12,12000,144000,24000,Pending,OP1075,Completed,0
RNT100013,EQX1177,CUST1096,SITE127,Harbor Expansion,Salem,2025-05-18,2025-06-15,2025-06-15,28,25000,700000,50000,Paid,OP1173,Completed,0
RNT100014,EQX1171,CUST1088,SITE124,Smart City Zone,Madurai,2025-03-20,2025-04-03,2025-04-03,14,22000,308000,44000,Paid,OP1038,Completed,0
RNT100015,EQX1261,CUST1118,SITE124,Mining Site,Coimbatore,2025-06-18,2025-07-08,2025-07-09,20,24000,504000,48000,Paid,OP1023,Overdue,1
RNT100016,EQX1270,CUST1109,SITE113,Bridge Construction,Mysore,2025-04-24,2025-05-03,2025-05-03,9,18000,162000,36000,Paid,OP1111,Completed,0
RNT100017,EQX1148,CUST1022,SITE116,Highway Expansion,Bangalore,2025-05-13,2025-05-30,2025-05-30,17,22000,374000,44000,Paid,OP1079,Completed,0
RNT100018,EQX1225,CUST1015,SITE106,IT Park,Mysore,2025-01-04,2025-01-15,2025-01-17,11,22000,286000,44000,Paid,OP1052,Overdue,2
RNT100019,EQX1109,CUST1084,SITE108,Mining Site,Chennai,2025-03-02,2025-04-01,2025-04-06,30,24000,840000,48000,Paid,OP1008,Overdue,5
RNT100020,EQX1284,CUST1019,SITE125,Industrial Park,Mysore,2025-03-08,2025-04-03,2025-04-03,26,18000,468000,36000,Pending,OP1137,Completed,0
RNT100021,EQX1110,CUST1011,SITE124,Airport Extension,Bangalore,2025-01-19,2025-01-21,2025-01-21,2,12000,24000,24000,Pending,OP1169,Completed,0
RNT100022,EQX1119,CUST1014,SITE124,Harbor Expansion,Bangalore,2025-04-11,2025-04-23,2025-04-26,12,22000,330000,44000,Pending,OP1105,Overdue,3
RNT100023,EQX1018,CUST1100,SITE127,Metro Rail Project,Bangalore,2025-03-05,2025-03-08,2025-03-12,3,22000,154000,44000,Paid,OP1162,Overdue,4
RNT100024,EQX1056,CUST1096,SITE108,Smart City Zone,Bangalore,2025-01-27,2025-02-18,2025-02-18,22,22000,484000,44000,Paid,OP1043,Completed,0
RNT100025,EQX1185,CUST1077,SITE116,Highway Expansion,Salem,2025-01-02,2025-01-30,2025-01-30,28,30000,840000,60000,Paid,OP1043,Completed,0
RNT100026,EQX1142,CUST1115,SITE107,Mining Site,Mysore,2025-05-11,2025-05-19,2025-05-23,8,24000,288000,48000,Pending,OP1086,Overdue,4
RNT100027,EQX1278,CUST1051,SITE122,Harbor Expansion,Madurai,2025-02-08,2025-02-27,2025-02-27,19,22000,418000,44000,Partial,OP1106,Completed,0
RNT100028,EQX1268,CUST1026,SITE109,IT Park,Mysore,2025-05-07,2025-05-14,2025-05-14,7,22000,154000,44000,Paid,OP1181,Completed,0
RNT100029,EQX1164,CUST1090,SITE129,Smart City Zone,Madurai,2025-06-17,2025-07-05,2025-07-05,18,30000,540000,60000,Paid,OP1120,Completed,0
RNT100030,EQX1254,CUST1030,SITE126,Airport Extension,Bangalore,2025-02-21,2025-02-24,2025-03-06,3,18000,234000,36000,Paid,OP1010,Overdue,10
RNT100031,EQX1097,CUST1005,SITE125,Residential Township,Trichy,2025-02-08,2025-03-07,2025-03-16,27,22000,792000,44000,Paid,OP1195,Overdue,9
RNT100032,EQX1004,CUST1116,SITE106,River Embankment,Bangalore,2025-04-19,2025-05-06,2025-05-06,17,30000,510000,60000,Pending,OP1073,Completed,0
RNT100033,EQX1025,CUST1087,SITE101,Residential Township,Hyderabad,2025-04-25,2025-05-03,2025-05-12,8,30000,510000,60000,Paid,OP1030,Overdue,9
RNT100034,EQX1078,CUST1021,SITE130,Residential Township,Chennai,2025-03-15,2025-03-22,2025-03-31,7,12000,192000,24000,Partial,OP1174,Overdue,9
RNT100035,EQX1085,CUST1063,SITE117,Smart City Zone,Coimbatore,2025-05-11,2025-06-04,2025-06-13,24,24000,792000,48000,Pending,OP1148,Overdue,9
RNT100036,EQX1286,CUST1092,SITE121,Mining Site,Hyderabad,2025-01-24,2025-02-06,2025-02-06,13,18000,234000,36000,Partial,OP1053,Completed,0
RNT100037,EQX1026,CUST1034,SITE127,IT Park,Bangalore,2025-02-13,2025-02-17,2025-02-21,4,25000,200000,50000,Paid,OP1150,Overdue,4
RNT100038,EQX1017,CUST1036,SITE114,River Embankment,Hyderabad,2025-05-29,2025-06-06,2025-06-06,8,12000,96000,24000,Paid,OP1141,Completed,0
RNT100039,EQX1153,CUST1089,SITE104,Bridge Construction,Chennai,2025-05-13,2025-05-24,2025-05-24,11,24000,264000,48000,Paid,OP1039,Completed,0
RNT100040,EQX1130,CUST1119,SITE116,Metro Rail Project,Madurai,2025-01-31,2025-02-04,2025-02-04,4,25000,100000,50000,Paid,OP1163,Completed,0
RNT100041,EQX1285,CUST1103,SITE121,Industrial Park,Trichy,2025-04-04,2025-04-06,2025-04-06,2,30000,60000,60000,Paid,OP1113,Completed,0
RNT100042,EQX1020,CUST1088,SITE102,Airport Extension,Coimbatore,2025-05-20,2025-05-27,2025-05-27,7,30000,210000,60000,Paid,OP1089,Completed,0
RNT100043,EQX1111,CUST1100,SITE125,Harbor Expansion,Chennai,2025-03-02,2025-03-09,2025-03-09,7,22000,154000,44000,Paid,OP1122,Completed,0
RNT100044,EQX1164,CUST1120,SITE109,Industrial Park,Coimbatore,2025-03-08,2025-03-28,2025-03-28,20,30000,600000,60000,Paid,OP1112,Completed,0
RNT100045,EQX1261,CUST1089,SITE123,Industrial Park,Coimbatore,2025-05-17,2025-06-09,2025-06-09,23,24000,552000,48000,Paid,OP1134,Completed,0
RNT100046,EQX1098,CUST1019,SITE116,Solar Power Plant,Mysore,2025-04-13,2025-05-09,2025-05-09,26,30000,780000,60000,Paid,OP1162,Completed,0
RNT100047,EQX1274,CUST1079,SITE124,Harbor Expansion,Madurai,2025-02-13,2025-02-28,2025-02-28,15,30000,450000,60000,Pending,OP1173,Completed,0
RNT100048,EQX1121,CUST1003,SITE106,Highway Expansion,Madurai,2025-03-17,2025-04-15,2025-04-15,29,22000,638000,44000,Paid,OP1030,Completed,0
RNT100049,EQX1254,CUST1052,SITE109,Highway Expansion,Trichy,2025-04-03,2025-04-25,2025-04-25,22,18000,396000,36000,Paid,OP1046,Completed,0
RNT100050,EQX1196,CUST1061,SITE112,River Embankment,Mysore,2025-06-18,2025-07-05,2025-07-05,17,22000,374000,44000,Pending,OP1175,Completed,0
RNT100051,EQX1154,CUST1032,SITE104,Mining Site,Madurai,2025-05-08,2025-05-15,2025-05-15,7,12000,84000,24000,Paid,OP1149,Completed,0
RNT100052,EQX1285,CUST1002,SITE122,Metro Rail Project,Salem,2025-05-14,2025-05-31,2025-06-04,17,30000,630000,60000,Paid,OP1112,Overdue,4
RNT100053,EQX1036,CUST1067,SITE124,Airport Extension,Chennai,2025-04-30,2025-05-09,2025-05-09,9,24000,216000,48000,Paid,OP1147,Completed,0
RNT100054,EQX1227,CUST1057,SITE115,Residential Township,Chennai,2025-05-02,2025-05-07,2025-05-07,5,18000,90000,36000,Paid,OP1068,Completed,0
RNT100055,EQX1191,CUST1108,SITE129,Solar Power Plant,Bangalore,2025-04-30,2025-05-26,2025-05-26,26,24000,624000,48000,Paid,OP1142,Completed,0
RNT100056,EQX1204,CUST1050,SITE118,Highway Expansion,Bangalore,2025-05-30,2025-06-19,2025-06-19,20,30000,600000,60000,Paid,OP1095,Completed,0
RNT100057,EQX1058,CUST1051,SITE103,River Embankment,Salem,2025-06-13,2025-06-15,2025-06-16,2,30000,90000,60000,Paid,OP1129,Overdue,1
RNT100058,EQX1298,CUST1106,SITE117,Mining Site,Trichy,2025-04-23,2025-05-05,2025-05-05,12,22000,264000,44000,Paid,OP1178,Completed,0
RNT100059,EQX1181,CUST1021,SITE125,Bridge Construction,Bangalore,2025-03-27,2025-04-18,2025-04-18,22,22000,484000,44000,Partial,OP1027,Completed,0
RNT100060,EQX1158,CUST1002,SITE122,Solar Power Plant,Salem,2025-05-10,2025-05-15,2025-05-21,5,24000,264000,48000,Pending,OP1080,Overdue,6
RNT100061,EQX1267,CUST1004,SITE108,Airport Extension,Hyderabad,2025-04-08,2025-05-03,2025-05-03,25,30000,750000,60000,Pending,OP1090,Completed,0
RNT100062,EQX1081,CUST1032,SITE111,IT Park,Chennai,2025-02-01,2025-02-16,2025-02-16,15,22000,330000,44000,Paid,OP1056,Completed,0
RNT100063,EQX1260,CUST1056,SITE127,Metro Rail Project,Bangalore,2025-05-04,2025-05-15,2025-05-25,11,30000,630000,60000,Paid,OP1154,Overdue,10
RNT100064,EQX1203,CUST1032,SITE105,Mining Site,Mysore,2025-02-10,2025-02-12,2025-02-14,2,22000,88000,44000,Paid,OP1093,Overdue,2
RNT100065,EQX1259,CUST1045,SITE112,Airport Extension,Madurai,2025-05-20,2025-05-26,2025-05-26,6,22000,132000,44000,Pending,OP1004,Completed,0
RNT100066,EQX1230,CUST1055,SITE127,IT Park,Salem,2025-06-08,2025-07-08,2025-07-08,30,18000,540000,36000,Pending,OP1004,Completed,0
RNT100067,EQX1064,CUST1016,SITE113,Solar Power Plant,Chennai,2025-02-21,2025-03-17,2025-03-17,24,18000,432000,36000,Paid,OP1094,Completed,0
RNT100068,EQX1126,CUST1031,SITE107,River Embankment,Madurai,2025-04-15,2025-04-22,2025-04-22,7,18000,126000,36000,Paid,OP1146,Completed,0
RNT100069,EQX1056,CUST1109,SITE109,Industrial Park,Chennai,2025-04-10,2025-04-19,2025-04-19,9,22000,198000,44000,Pending,OP1126,Completed,0
RNT100070,EQX1104,CUST1079,SITE125,Industrial Park,Bangalore,2025-06-18,2025-06-28,2025-06-28,10,24000,240000,48000,Paid,OP1170,Completed,0
RNT100071,EQX1108,CUST1047,SITE118,Solar Power Plant,Bangalore,2025-04-21,2025-05-20,2025-05-20,29,22000,638000,44000,Paid,OP1125,Completed,0
RNT100072,EQX1161,CUST1009,SITE118,Highway Expansion,Chennai,2025-01-18,2025-01-23,2025-01-23,5,30000,150000,60000,Paid,OP1168,Completed,0
RNT100073,EQX1089,CUST1098,SITE111,River Embankment,Trichy,2025-05-05,2025-05-14,2025-05-14,9,18000,162000,36000,Paid,OP1106,Completed,0
RNT100074,EQX1025,CUST1094,SITE120,IT Park,Bangalore,2025-04-09,2025-05-06,2025-05-06,27,30000,810000,60000,Paid,OP1112,Completed,0
RNT100075,EQX1146,CUST1044,SITE108,River Embankment,Hyderabad,2025-03-09,2025-03-19,2025-03-19,10,18000,180000,36000,Pending,OP1056,Completed,0
RNT100076,EQX1195,CUST1112,SITE108,Highway Expansion,Chennai,2025-06-05,2025-06-19,2025-06-19,14,18000,252000,36000,Pending,OP1160,Completed,0
RNT100077,EQX1217,CUST1041,SITE103,Smart City Zone,Hyderabad,2025-01-23,2025-01-31,2025-01-31,8,18000,144000,36000,Paid,OP1121,Completed,0
RNT100078,EQX1177,CUST1113,SITE119,Solar Power Plant,Hyderabad,2025-01-29,2025-02-22,2025-02-22,24,25000,600000,50000,Paid,OP1004,Completed,0
RNT100079,EQX1099,CUST1038,SITE116,Residential Township,Coimbatore,2025-05-11,2025-05-26,2025-05-26,15,22000,330000,44000,Paid,OP1112,Completed,0
RNT100080,EQX1089,CUST1059,SITE125,Residential Township,Chennai,2025-01-02,2025-01-11,2025-01-11,9,18000,162000,36000,Paid,OP1054,Completed,0
RNT100081,EQX1086,CUST1043,SITE109,Residential Township,Chennai,2025-05-13,2025-05-17,2025-05-17,4,18000,72000,36000,Paid,OP1084,Completed,0
RNT100082,EQX1146,CUST1099,SITE115,Residential Township,Madurai,2025-06-13,2025-06-26,2025-06-26,13,18000,234000,36000,Partial,OP1100,Completed,0
RNT100083,EQX1198,CUST1117,SITE118,Smart City Zone,Salem,2025-06-12,2025-06-20,2025-06-20,8,24000,192000,48000,Paid,OP1026,Completed,0
RNT100084,EQX1073,CUST1052,SITE130,Industrial Park,Hyderabad,2025-01-19,2025-01-25,2025-01-25,6,22000,132000,44000,Paid,OP1188,Completed,0
RNT100085,EQX1144,CUST1087,SITE124,Metro Rail Project,Madurai,2025-06-15,2025-06-23,2025-06-23,8,18000,144000,36000,Paid,OP1140,Completed,0
RNT100086,EQX1211,CUST1040,SITE128,Industrial Park,Hyderabad,2025-02-23,2025-02-27,2025-02-27,4,24000,96000,48000,Paid,OP1045,Completed,0
RNT100087,EQX1019,CUST1068,SITE112,Bridge Construction,Chennai,2025-06-29,2025-07-24,2025-07-24,25,25000,625000,50000,Paid,OP1104,Completed,0
RNT100088,EQX1164,CUST1093,SITE103,Highway Expansion,Bangalore,2025-03-21,2025-04-10,2025-04-17,20,30000,810000,60000,Partial,OP1091,Overdue,7
RNT100089,EQX1087,CUST1003,SITE114,Smart City Zone,Bangalore,2025-01-07,2025-01-16,2025-01-16,9,25000,225000,50000,Partial,OP1106,Completed,0
RNT100090,EQX1264,CUST1080,SITE129,Solar Power Plant,Mysore,2025-05-19,2025-06-16,2025-06-16,28,22000,616000,44000,Paid,OP1178,Completed,0
RNT100091,EQX1207,CUST1079,SITE105,IT Park,Chennai,2025-05-25,2025-06-05,2025-06-05,11,30000,330000,60000,Paid,OP1016,Completed,0
RNT100092,EQX1253,CUST1060,SITE116,River Embankment,Bangalore,2025-03-23,2025-04-15,2025-04-15,23,24000,552000,48000,Paid,OP1146,Completed,0
RNT100093,EQX1048,CUST1001,SITE129,Harbor Expansion,Salem,2025-03-13,2025-03-23,2025-03-23,10,30000,300000,60000,Paid,OP1002,Completed,0
RNT100094,EQX1088,CUST1034,SITE111,Industrial Park,Trichy,2025-01-14,2025-01-26,2025-01-26,12,18000,216000,36000,Pending,OP1054,Completed,0
RNT100095,EQX1152,CUST1042,SITE109,Residential Township,Hyderabad,2025-03-27,2025-04-08,2025-04-08,12,18000,216000,36000,Pending,OP1185,Completed,0
RNT100096,EQX1033,CUST1004,SITE114,Bridge Construction,Mysore,2025-01-04,2025-01-17,2025-01-24,13,24000,480000,48000,Paid,OP1006,Overdue,7
RNT100097,EQX1286,CUST1033,SITE121,Residential Township,Trichy,2025-01-23,2025-02-12,2025-02-12,20,18000,360000,36000,Paid,OP1020,Completed,0
RNT100098,EQX1265,CUST1056,SITE108,River Embankment,Madurai,2025-04-05,2025-04-14,2025-04-14,9,22000,198000,44000,Paid,OP1158,Completed,0
RNT100099,EQX1266,CUST1110,SITE113,Metro Rail Project,Chennai,2025-02-14,2025-03-15,2025-03-20,29,30000,1020000,60000,Paid,OP1188,Overdue,5
RNT100100,EQX1029,CUST1077,SITE123,Solar Power Plant,Chennai,2025-05-28,2025-06-11,2025-06-20,14,12000,276000,24000,Paid,OP1049,Overdue,9
RNT100101,EQX1087,CUST1001,SITE117,Mining Site,Chennai,2025-06-07,2025-06-18,2025-06-18,11,25000,275000,50000,Paid,OP1098,Completed,0
RNT100102,EQX1052,CUST1015,SITE110,Solar Power Plant,Coimbatore,2025-01-04,2025-02-01,2025-02-01,28,24000,672000,48000,Partial,OP1162,Completed,0
RNT100103,EQX1160,CUST1088,SITE120,IT Park,Trichy,2025-01-19,2025-02-12,2025-02-12,24,18000,432000,36000,Pending,OP1150,Completed,0
RNT100104,EQX1042,CUST1115,SITE110,Metro Rail Project,Mysore,2025-04-04,2025-04-24,2025-04-24,20,25000,500000,50000,Paid,OP1064,Completed,0
RNT100105,EQX1298,CUST1106,SITE126,Highway Expansion,Trichy,2025-01-11,2025-01-19,2025-01-19,8,22000,176000,44000,Paid,OP1056,Completed,0
RNT100106,EQX1101,CUST1075,SITE119,Highway Expansion,Mysore,2025-05-20,2025-06-09,2025-06-09,20,24000,480000,48000,Paid,OP1010,Completed,0
RNT100107,EQX1232,CUST1100,SITE101,Bridge Construction,Chennai,2025-02-03,2025-03-02,2025-03-02,27,18000,486000,36000,Pending,OP1072,Completed,0
RNT100108,EQX1202,CUST1051,SITE124,Highway Expansion,Mysore,2025-06-11,2025-07-02,2025-07-02,21,30000,630000,60000,Paid,OP1191,Completed,0
RNT100109,EQX1110,CUST1054,SITE113,Harbor Expansion,Coimbatore,2025-04-11,2025-04-26,2025-04-26,15,12000,180000,24000,Pending,OP1129,Completed,0
RNT100110,EQX1028,CUST1093,SITE101,Metro Rail Project,Bangalore,2025-01-03,2025-01-10,2025-01-20,7,12000,204000,24000,Paid,OP1168,Overdue,10
RNT100111,EQX1285,CUST1097,SITE109,IT Park,Bangalore,2025-04-08,2025-04-18,2025-04-18,10,30000,300000,60000,Paid,OP1064,Completed,0
RNT100112,EQX1156,CUST1118,SITE126,IT Park,Trichy,2025-01-21,2025-01-27,2025-01-27,6,30000,180000,60000,Paid,OP1163,Completed,0
RNT100113,EQX1264,CUST1043,SITE110,Airport Extension,Madurai,2025-02-25,2025-03-14,2025-03-14,17,22000,374000,44000,Paid,OP1001,Completed,0
RNT100114,EQX1284,CUST1098,SITE121,Highway Expansion,Salem,2025-02-06,2025-03-02,2025-03-02,24,18000,432000,36000,Paid,OP1144,Completed,0
RNT100115,EQX1298,CUST1028,SITE105,Solar Power Plant,Bangalore,2025-03-18,2025-04-13,2025-04-13,26,22000,572000,44000,Paid,OP1038,Completed,0
RNT100116,EQX1266,CUST1069,SITE104,Highway Expansion,Chennai,2025-01-15,2025-01-23,2025-01-29,8,30000,420000,60000,Pending,OP1023,Overdue,6
RNT100117,EQX1284,CUST1002,SITE117,Industrial Park,Bangalore,2025-06-07,2025-06-21,2025-06-22,14,18000,270000,36000,Partial,OP1079,Overdue,1
RNT100118,EQX1136,CUST1062,SITE101,Bridge Construction,Bangalore,2025-02-16,2025-03-06,2025-03-06,18,24000,432000,48000,Paid,OP1060,Completed,0
RNT100119,EQX1016,CUST1090,SITE113,Harbor Expansion,Trichy,2025-06-23,2025-07-15,2025-07-15,22,24000,528000,48000,Paid,OP1083,Completed,0
RNT100120,EQX1043,CUST1047,SITE107,Airport Extension,Hyderabad,2025-01-11,2025-02-01,2025-02-01,21,22000,462000,44000,Paid,OP1080,Completed,0
RNT100121,EQX1176,CUST1036,SITE112,Airport Extension,Trichy,2025-01-26,2025-02-25,2025-03-03,30,30000,1080000,60000,Partial,OP1067,Overdue,6
RNT100122,EQX1286,CUST1092,SITE111,Bridge Construction,Salem,2025-06-20,2025-07-04,2025-07-09,14,18000,342000,36000,Paid,OP1063,Overdue,5
RNT100123,EQX1095,CUST1016,SITE110,Metro Rail Project,Hyderabad,2025-06-01,2025-06-27,2025-06-27,26,18000,468000,36000,Paid,OP1050,Completed,0
RNT100124,EQX1091,CUST1010,SITE108,Residential Township,Madurai,2025-05-13,2025-05-27,2025-06-06,14,25000,600000,50000,Paid,OP1045,Overdue,10
RNT100125,EQX1161,CUST1055,SITE103,Smart City Zone,Chennai,2025-02-01,2025-02-14,2025-02-24,13,30000,690000,60000,Paid,OP1140,Overdue,10
RNT100126,EQX1229,CUST1032,SITE114,Bridge Construction,Chennai,2025-02-08,2025-02-14,2025-02-14,6,22000,132000,44000,Paid,OP1191,Completed,0
RNT100127,EQX1187,CUST1060,SITE109,Mining Site,Chennai,2025-05-01,2025-05-05,2025-05-05,4,30000,120000,60000,Pending,OP1152,Completed,0
RNT100128,EQX1038,CUST1010,SITE122,Smart City Zone,Madurai,2025-04-09,2025-05-02,2025-05-02,23,18000,414000,36000,Paid,OP1187,Completed,0
RNT100129,EQX1168,CUST1029,SITE117,Harbor Expansion,Chennai,2025-05-20,2025-06-11,2025-06-11,22,25000,550000,50000,Paid,OP1142,Completed,0
RNT100130,EQX1130,CUST1036,SITE106,River Embankment,Salem,2025-06-14,2025-07-04,2025-07-04,20,25000,500000,50000,Paid,OP1197,Completed,0
RNT100131,EQX1241,CUST1060,SITE121,Mining Site,Salem,2025-04-20,2025-04-22,2025-04-22,2,12000,24000,24000,Pending,OP1038,Completed,0
RNT100132,EQX1239,CUST1106,SITE128,Airport Extension,Hyderabad,2025-02-18,2025-03-14,2025-03-14,24,22000,528000,44000,Paid,OP1023,Completed,0
RNT100133,EQX1284,CUST1084,SITE110,Mining Site,Chennai,2025-03-14,2025-04-04,2025-04-05,21,18000,396000,36000,Paid,OP1194,Overdue,1
RNT100134,EQX1282,CUST1108,SITE102,IT Park,Coimbatore,2025-02-07,2025-03-06,2025-03-06,27,18000,486000,36000,Pending,OP1033,Completed,0
RNT100135,EQX1098,CUST1092,SITE114,IT Park,Trichy,2025-06-07,2025-06-20,2025-06-20,13,30000,390000,60000,Paid,OP1113,Completed,0
RNT100136,EQX1099,CUST1120,SITE112,Highway Expansion,Coimbatore,2025-05-01,2025-05-16,2025-05-16,15,22000,330000,44000,Paid,OP1082,Completed,0
RNT100137,EQX1178,CUST1118,SITE104,Smart City Zone,Trichy,2025-06-14,2025-07-07,2025-07-07,23,22000,506000,44000,Paid,OP1090,Completed,0
RNT100138,EQX1243,CUST1082,SITE105,Mining Site,Hyderabad,2025-05-05,2025-05-18,2025-05-18,13,30000,390000,60000,Paid,OP1052,Completed,0
RNT100139,EQX1144,CUST1018,SITE106,Smart City Zone,Chennai,2025-06-03,2025-06-18,2025-06-18,15,18000,270000,36000,Paid,OP1142,Completed,0
RNT100140,EQX1049,CUST1083,SITE110,Highway Expansion,Hyderabad,2025-02-24,2025-03-03,2025-03-03,7,12000,84000,24000,Pending,OP1131,Completed,0
RNT100141,EQX1045,CUST1005,SITE103,Harbor Expansion,Coimbatore,2025-05-25,2025-05-27,2025-05-27,2,25000,50000,50000,Paid,OP1183,Completed,0
RNT100142,EQX1244,CUST1084,SITE128,Mining Site,Trichy,2025-04-23,2025-05-20,2025-05-26,27,30000,990000,60000,Paid,OP1071,Overdue,6
RNT100143,EQX1193,CUST1062,SITE104,Highway Expansion,Hyderabad,2025-04-13,2025-04-23,2025-04-23,10,18000,180000,36000,Pending,OP1021,Completed,0
RNT100144,EQX1047,CUST1010,SITE115,Highway Expansion,Chennai,2025-05-29,2025-06-22,2025-06-22,24,24000,576000,48000,Paid,OP1079,Completed,0
RNT100145,EQX1155,CUST1115,SITE113,Mining Site,Bangalore,2025-05-15,2025-05-26,2025-05-26,11,18000,198000,36000,Pending,OP1157,Completed,0
RNT100146,EQX1029,CUST1038,SITE109,Industrial Park,Chennai,2025-01-22,2025-02-11,2025-02-11,20,12000,240000,24000,Pending,OP1109,Completed,0
RNT100147,EQX1150,CUST1055,SITE114,Industrial Park,Bangalore,2025-01-15,2025-01-26,2025-01-26,11,18000,198000,36000,Paid,OP1192,Completed,0
RNT100148,EQX1233,CUST1002,SITE130,Metro Rail Project,Trichy,2025-03-24,2025-04-09,2025-04-09,16,30000,480000,60000,Paid,OP1071,Completed,0
RNT100149,EQX1097,CUST1020,SITE108,Harbor Expansion,Trichy,2025-04-11,2025-04-23,2025-04-23,12,22000,264000,44000,Paid,OP1019,Completed,0
RNT100150,EQX1038,CUST1092,SITE128,River Embankment,Hyderabad,2025-02-17,2025-03-07,2025-03-07,18,18000,324000,36000,Paid,OP1097,Completed,0
RNT100151,EQX1069,CUST1077,SITE110,Harbor Expansion,Madurai,2025-02-02,2025-02-08,2025-02-08,6,25000,150000,50000,Paid,OP1023,Completed,0
RNT100152,EQX1083,CUST1092,SITE128,Highway Expansion,Mysore,2025-01-27,2025-01-30,2025-01-30,3,25000,75000,50000,Paid,OP1011,Completed,0
RNT100153,EQX1077,CUST1036,SITE109,Smart City Zone,Hyderabad,2025-03-17,2025-04-14,2025-04-18,28,18000,576000,36000,Pending,OP1134,Overdue,4
RNT100154,EQX1103,CUST1032,SITE120,Mining Site,Mysore,2025-05-28,2025-06-09,2025-06-12,12,25000,375000,50000,Paid,OP1159,Overdue,3
RNT100155,EQX1186,CUST1051,SITE113,Metro Rail Project,Mysore,2025-05-09,2025-05-20,2025-05-20,11,25000,275000,50000,Paid,OP1064,Completed,0
RNT100156,EQX1018,CUST1064,SITE116,Harbor Expansion,Madurai,2025-02-11,2025-02-26,2025-03-01,15,22000,396000,44000,Paid,OP1185,Overdue,3
RNT100157,EQX1175,CUST1083,SITE115,Industrial Park,Bangalore,2025-05-31,2025-06-26,2025-06-26,26,25000,650000,50000,Paid,OP1165,Completed,0
RNT100158,EQX1279,CUST1064,SITE102,Industrial Park,Bangalore,2025-01-09,2025-02-07,2025-02-07,29,25000,725000,50000,Paid,OP1065,Completed,0
RNT100159,EQX1282,CUST1038,SITE108,Highway Expansion,Hyderabad,2025-03-06,2025-03-21,2025-03-21,15,18000,270000,36000,Pending,OP1183,Completed,0
RNT100160,EQX1105,CUST1017,SITE130,Mining Site,Hyderabad,2025-04-12,2025-04-19,2025-04-19,7,12000,84000,24000,Paid,OP1109,Completed,0
RNT100161,EQX1052,CUST1070,SITE116,Mining Site,Hyderabad,2025-04-05,2025-04-14,2025-04-14,9,24000,216000,48000,Paid,OP1108,Completed,0
RNT100162,EQX1226,CUST1056,SITE118,Metro Rail Project,Hyderabad,2025-03-20,2025-04-13,2025-04-13,24,24000,576000,48000,Paid,OP1088,Completed,0
RNT100163,EQX1183,CUST1013,SITE128,Highway Expansion,Coimbatore,2025-02-14,2025-03-03,2025-03-10,17,12000,288000,24000,Paid,OP1088,Overdue,7
RNT100164,EQX1292,CUST1019,SITE128,Harbor Expansion,Mysore,2025-01-21,2025-02-06,2025-02-06,16,12000,192000,24000,Pending,OP1100,Completed,0
RNT100165,EQX1047,CUST1057,SITE120,River Embankment,Hyderabad,2025-01-20,2025-02-10,2025-02-10,21,24000,504000,48000,Paid,OP1071,Completed,0
RNT100166,EQX1247,CUST1035,SITE105,Solar Power Plant,Bangalore,2025-04-29,2025-05-03,2025-05-03,4,12000,48000,24000,Paid,OP1088,Completed,0
RNT100167,EQX1243,CUST1059,SITE110,Mining Site,Hyderabad,2025-04-24,2025-05-15,2025-05-22,21,30000,840000,60000,Paid,OP1196,Overdue,7
RNT100168,EQX1195,CUST1047,SITE117,Harbor Expansion,Bangalore,2025-06-17,2025-07-11,2025-07-11,24,18000,432000,36000,Paid,OP1177,Completed,0
RNT100169,EQX1139,CUST1100,SITE111,IT Park,Hyderabad,2025-04-30,2025-05-24,2025-05-24,24,30000,720000,60000,Paid,OP1049,Completed,0
RNT100170,EQX1179,CUST1082,SITE121,Residential Township,Madurai,2025-03-19,2025-04-15,2025-04-15,27,25000,675000,50000,Paid,OP1047,Completed,0
RNT100171,EQX1142,CUST1061,SITE130,River Embankment,Chennai,2025-06-03,2025-06-08,2025-06-08,5,24000,120000,48000,Paid,OP1049,Completed,0
RNT100172,EQX1043,CUST1028,SITE116,Airport Extension,Trichy,2025-04-21,2025-05-07,2025-05-07,16,22000,352000,44000,Paid,OP1178,Completed,0
RNT100173,EQX1044,CUST1038,SITE128,Airport Extension,Bangalore,2025-02-23,2025-03-12,2025-03-15,17,24000,480000,48000,Paid,OP1048,Overdue,3
RNT100174,EQX1029,CUST1064,SITE130,Highway Expansion,Coimbatore,2025-05-28,2025-06-25,2025-06-29,28,12000,384000,24000,Paid,OP1171,Overdue,4
RNT100175,EQX1112,CUST1064,SITE112,Smart City Zone,Trichy,2025-04-01,2025-04-13,2025-04-19,12,30000,540000,60000,Paid,OP1052,Overdue,6
RNT100176,EQX1139,CUST1108,SITE113,Bridge Construction,Salem,2025-03-08,2025-03-19,2025-03-27,11,30000,570000,60000,Paid,OP1042,Overdue,8
RNT100177,EQX1116,CUST1076,SITE109,Industrial Park,Madurai,2025-06-27,2025-07-13,2025-07-13,16,30000,480000,60000,Paid,OP1192,Completed,0
RNT100178,EQX1085,CUST1047,SITE129,Smart City Zone,Mysore,2025-05-23,2025-06-03,2025-06-03,11,24000,264000,48000,Paid,OP1115,Completed,0
RNT100179,EQX1241,CUST1091,SITE109,Highway Expansion,Mysore,2025-05-11,2025-05-27,2025-05-27,16,12000,192000,24000,Pending,OP1018,Completed,0
RNT100180,EQX1216,CUST1051,SITE125,Residential Township,Trichy,2025-05-05,2025-05-07,2025-05-07,2,24000,48000,48000,Paid,OP1106,Completed,0
RNT100181,EQX1129,CUST1051,SITE107,Mining Site,Salem,2025-06-22,2025-06-28,2025-06-30,6,24000,192000,48000,Paid,OP1154,Overdue,2
RNT100182,EQX1229,CUST1053,SITE119,Smart City Zone,Salem,2025-02-23,2025-03-24,2025-03-24,29,22000,638000,44000,Pending,OP1142,Completed,0
RNT100183,EQX1217,CUST1106,SITE120,Smart City Zone,Salem,2025-04-04,2025-04-26,2025-04-28,22,18000,432000,36000,Pending,OP1113,Overdue,2
RNT100184,EQX1200,CUST1116,SITE104,Harbor Expansion,Trichy,2025-02-11,2025-02-26,2025-02-26,15,18000,270000,36000,Pending,OP1069,Completed,0
RNT100185,EQX1262,CUST1112,SITE127,Metro Rail Project,Salem,2025-01-21,2025-01-24,2025-01-24,3,25000,75000,50000,Pending,OP1121,Completed,0
RNT100186,EQX1040,CUST1053,SITE102,Smart City Zone,Salem,2025-01-05,2025-01-22,2025-01-25,17,12000,240000,24000,Paid,OP1156,Overdue,3
RNT100187,EQX1150,CUST1113,SITE101,Smart City Zone,Hyderabad,2025-02-14,2025-03-10,2025-03-10,24,18000,432000,36000,Pending,OP1198,Completed,0
RNT100188,EQX1252,CUST1118,SITE119,Mining Site,Bangalore,2025-03-23,2025-03-29,2025-03-29,6,18000,108000,36000,Paid,OP1162,Completed,0
RNT100189,EQX1073,CUST1092,SITE114,Solar Power Plant,Coimbatore,2025-05-08,2025-05-19,2025-05-26,11,22000,396000,44000,Paid,OP1096,Overdue,7
RNT100190,EQX1135,CUST1019,SITE106,Smart City Zone,Coimbatore,2025-01-30,2025-02-13,2025-02-17,14,24000,432000,48000,Paid,OP1031,Overdue,4
RNT100191,EQX1168,CUST1091,SITE122,Metro Rail Project,Bangalore,2025-03-24,2025-04-23,2025-04-23,30,25000,750000,50000,Paid,OP1069,Completed,0
RNT100192,EQX1082,CUST1097,SITE109,Industrial Park,Trichy,2025-02-02,2025-02-12,2025-02-12,10,12000,120000,24000,Paid,OP1190,Completed,0
RNT100193,EQX1018,CUST1097,SITE125,IT Park,Coimbatore,2025-01-21,2025-02-03,2025-02-03,13,22000,286000,44000,Paid,OP1187,Completed,0
RNT100194,EQX1015,CUST1085,SITE113,Metro Rail Project,Chennai,2025-03-17,2025-04-02,2025-04-07,16,22000,462000,44000,Paid,OP1099,Overdue,5
RNT100195,EQX1171,CUST1001,SITE118,Metro Rail Project,Madurai,2025-03-03,2025-03-06,2025-03-06,3,22000,66000,44000,Paid,OP1200,Completed,0
RNT100196,EQX1231,CUST1075,SITE114,Mining Site,Coimbatore,2025-01-18,2025-01-23,2025-01-23,5,22000,110000,44000,Paid,OP1167,Completed,0
RNT100197,EQX1189,CUST1036,SITE116,Metro Rail Project,Mysore,2025-02-15,2025-02-20,2025-03-02,5,12000,180000,24000,Paid,OP1119,Overdue,10
RNT100198,EQX1046,CUST1103,SITE116,River Embankment,Hyderabad,2025-03-08,2025-03-23,2025-03-23,15,22000,330000,44000,Paid,OP1176,Completed,0
RNT100199,EQX1291,CUST1042,SITE125,Smart City Zone,Trichy,2025-06-16,2025-07-03,2025-07-03,17,25000,425000,50000,Paid,OP1009,Completed,0
RNT100200,EQX1006,CUST1037,SITE104,Bridge Construction,Coimbatore,2025-04-29,2025-05-26,2025-05-26,27,24000,648000,48000,Paid,OP1023,Completed,0
RNT100201,EQX1241,CUST1058,SITE108,River Embankment,Madurai,2025-06-20,2025-07-12,2025-07-12,22,12000,264000,24000,Pending,OP1020,Completed,0
RNT100202,EQX1247,CUST1109,SITE105,Airport Extension,Coimbatore,2025-06-07,2025-07-01,2025-07-03,24,12000,312000,24000,Paid,OP1187,Overdue,2
RNT100203,EQX1289,CUST1047,SITE124,Bridge Construction,Madurai,2025-04-22,2025-05-08,2025-05-08,16,24000,384000,48000,Paid,OP1165,Completed,0
RNT100204,EQX1226,CUST1097,SITE113,Harbor Expansion,Madurai,2025-04-03,2025-04-07,2025-04-13,4,24000,240000,48000,Paid,OP1153,Overdue,6
RNT100205,EQX1143,CUST1090,SITE114,Highway Expansion,Trichy,2025-06-07,2025-06-17,2025-06-17,10,12000,120000,24000,Paid,OP1009,Completed,0
RNT100206,EQX1172,CUST1106,SITE115,Metro Rail Project,Coimbatore,2025-04-06,2025-04-23,2025-04-23,17,30000,510000,60000,Paid,OP1115,Completed,0
RNT100207,EQX1120,CUST1058,SITE112,Industrial Park,Madurai,2025-04-19,2025-05-14,2025-05-14,25,22000,550000,44000,Partial,OP1135,Completed,0
RNT100208,EQX1237,CUST1008,SITE103,Mining Site,Mysore,2025-01-05,2025-01-20,2025-01-20,15,12000,180000,24000,Paid,OP1056,Completed,0
RNT100209,EQX1004,CUST1037,SITE109,IT Park,Trichy,2025-04-01,2025-04-30,2025-05-09,29,30000,1140000,60000,Paid,OP1054,Overdue,9
RNT100210,EQX1260,CUST1070,SITE130,Metro Rail Project,Salem,2025-01-03,2025-01-10,2025-01-10,7,30000,210000,60000,Partial,OP1104,Completed,0
RNT100211,EQX1242,CUST1115,SITE108,River Embankment,Hyderabad,2025-05-13,2025-05-21,2025-05-21,8,25000,200000,50000,Pending,OP1082,Completed,0
RNT100212,EQX1088,CUST1061,SITE124,Harbor Expansion,Salem,2025-04-02,2025-04-14,2025-04-14,12,18000,216000,36000,Paid,OP1017,Completed,0
RNT100213,EQX1239,CUST1001,SITE121,Residential Township,Salem,2025-02-13,2025-03-04,2025-03-04,19,22000,418000,44000,Pending,OP1086,Completed,0
RNT100214,EQX1124,CUST1053,SITE121,Mining Site,Madurai,2025-05-27,2025-06-01,2025-06-01,5,18000,90000,36000,Paid,OP1082,Completed,0
RNT100215,EQX1096,CUST1094,SITE117,IT Park,Coimbatore,2025-03-20,2025-04-14,2025-04-14,25,25000,625000,50000,Paid,OP1171,Completed,0
RNT100216,EQX1149,CUST1047,SITE129,Solar Power Plant,Mysore,2025-03-18,2025-03-23,2025-03-30,5,24000,288000,48000,Paid,OP1163,Overdue,7
RNT100217,EQX1132,CUST1028,SITE107,IT Park,Trichy,2025-02-17,2025-02-28,2025-02-28,11,30000,330000,60000,Pending,OP1100,Completed,0
RNT100218,EQX1181,CUST1111,SITE113,Highway Expansion,Bangalore,2025-01-12,2025-01-23,2025-01-23,11,22000,242000,44000,Partial,OP1038,Completed,0
RNT100219,EQX1266,CUST1040,SITE105,River Embankment,Coimbatore,2025-04-27,2025-05-18,2025-05-19,21,30000,660000,60000,Partial,OP1126,Overdue,1
RNT100220,EQX1015,CUST1113,SITE115,Industrial Park,Hyderabad,2025-06-18,2025-06-22,2025-06-29,4,22000,242000,44000,Paid,OP1191,Overdue,7
RNT100221,EQX1071,CUST1019,SITE123,Harbor Expansion,Bangalore,2025-01-24,2025-02-09,2025-02-09,16,30000,480000,60000,Paid,OP1106,Completed,0
RNT100222,EQX1041,CUST1073,SITE116,Mining Site,Hyderabad,2025-05-15,2025-06-09,2025-06-09,25,24000,600000,48000,Paid,OP1173,Completed,0
RNT100223,EQX1050,CUST1093,SITE109,Harbor Expansion,Chennai,2025-01-03,2025-01-25,2025-01-25,22,18000,396000,36000,Paid,OP1078,Completed,0
RNT100224,EQX1040,CUST1018,SITE102,Highway Expansion,Coimbatore,2025-01-07,2025-01-14,2025-01-14,7,12000,84000,24000,Paid,OP1062,Completed,0
RNT100225,EQX1277,CUST1003,SITE107,Residential Township,Trichy,2025-03-07,2025-03-27,2025-03-27,20,12000,240000,24000,Paid,OP1172,Completed,0
RNT100226,EQX1199,CUST1080,SITE130,Residential Township,Bangalore,2025-04-17,2025-05-11,2025-05-13,24,18000,468000,36000,Paid,OP1034,Overdue,2
RNT100227,EQX1278,CUST1074,SITE114,Bridge Construction,Salem,2025-04-13,2025-05-07,2025-05-07,24,22000,528000,44000,Paid,OP1054,Completed,0
RNT100228,EQX1040,CUST1050,SITE123,Solar Power Plant,Salem,2025-05-21,2025-06-17,2025-06-19,27,12000,348000,24000,Paid,OP1024,Overdue,2
RNT100229,EQX1131,CUST1041,SITE124,Highway Expansion,Madurai,2025-04-28,2025-05-25,2025-05-27,27,22000,638000,44000,Paid,OP1163,Overdue,2
RNT100230,EQX1069,CUST1111,SITE102,Mining Site,Bangalore,2025-01-28,2025-02-18,2025-02-18,21,25000,525000,50000,Paid,OP1063,Completed,0
RNT100231,EQX1029,CUST1074,SITE117,Metro Rail Project,Hyderabad,2025-04-17,2025-05-03,2025-05-03,16,12000,192000,24000,Paid,OP1007,Completed,0
RNT100232,EQX1213,CUST1052,SITE112,Metro Rail Project,Chennai,2025-04-12,2025-04-27,2025-04-27,15,12000,180000,24000,Paid,OP1107,Completed,0
RNT100233,EQX1136,CUST1052,SITE111,Residential Township,Bangalore,2025-01-03,2025-01-23,2025-01-23,20,24000,480000,48000,Paid,OP1138,Completed,0
RNT100234,EQX1018,CUST1032,SITE105,Metro Rail Project,Chennai,2025-02-11,2025-03-06,2025-03-06,23,22000,506000,44000,Paid,OP1014,Completed,0
RNT100235,EQX1127,CUST1043,SITE107,Highway Expansion,Coimbatore,2025-02-17,2025-02-24,2025-02-24,7,24000,168000,48000,Paid,OP1174,Completed,0
RNT100236,EQX1005,CUST1068,SITE127,Residential Township,Bangalore,2025-02-05,2025-02-25,2025-03-04,20,12000,324000,24000,Paid,OP1154,Overdue,7
RNT100237,EQX1166,CUST1091,SITE117,Mining Site,Mysore,2025-05-01,2025-05-26,2025-05-26,25,22000,550000,44000,Paid,OP1047,Completed,0
RNT100238,EQX1208,CUST1042,SITE105,Solar Power Plant,Trichy,2025-03-28,2025-04-12,2025-04-22,15,18000,450000,36000,Paid,OP1016,Overdue,10
RNT100239,EQX1296,CUST1114,SITE104,Solar Power Plant,Madurai,2025-02-21,2025-03-17,2025-03-18,24,30000,750000,60000,Partial,OP1050,Overdue,1
RNT100240,EQX1042,CUST1101,SITE122,Airport Extension,Mysore,2025-02-22,2025-03-07,2025-03-07,13,25000,325000,50000,Pending,OP1122,Completed,0
RNT100241,EQX1269,CUST1003,SITE101,Highway Expansion,Mysore,2025-01-29,2025-02-25,2025-02-25,27,12000,324000,24000,Paid,OP1038,Completed,0
RNT100242,EQX1213,CUST1030,SITE101,Highway Expansion,Coimbatore,2025-04-01,2025-04-29,2025-04-29,28,12000,336000,24000,Paid,OP1131,Completed,0
RNT100243,EQX1174,CUST1071,SITE125,Industrial Park,Hyderabad,2025-05-13,2025-05-20,2025-05-20,7,25000,175000,50000,Partial,OP1194,Completed,0
RNT100244,EQX1075,CUST1019,SITE130,River Embankment,Salem,2025-04-17,2025-04-27,2025-05-04,10,18000,306000,36000,Paid,OP1064,Overdue,7
RNT100245,EQX1016,CUST1091,SITE119,IT Park,Bangalore,2025-03-26,2025-04-08,2025-04-08,13,24000,312000,48000,Paid,OP1057,Completed,0
RNT100246,EQX1016,CUST1023,SITE128,Mining Site,Hyderabad,2025-03-30,2025-04-27,2025-04-27,28,24000,672000,48000,Paid,OP1021,Completed,0
RNT100247,EQX1049,CUST1066,SITE130,Industrial Park,Salem,2025-01-21,2025-01-28,2025-01-28,7,12000,84000,24000,Pending,OP1068,Completed,0
RNT100248,EQX1139,CUST1081,SITE126,Smart City Zone,Mysore,2025-04-12,2025-05-10,2025-05-10,28,30000,840000,60000,Paid,OP1038,Completed,0
RNT100249,EQX1083,CUST1064,SITE125,Residential Township,Mysore,2025-06-29,2025-07-17,2025-07-17,18,25000,450000,50000,Paid,OP1029,Completed,0
RNT100250,EQX1181,CUST1029,SITE120,Solar Power Plant,Salem,2025-02-12,2025-02-26,2025-03-07,14,22000,506000,44000,Pending,OP1146,Overdue,9
RNT100251,EQX1216,CUST1015,SITE105,Residential Township,Hyderabad,2025-02-12,2025-02-17,2025-02-17,5,24000,120000,48000,Paid,OP1125,Completed,0
RNT100252,EQX1175,CUST1112,SITE112,Harbor Expansion,Salem,2025-05-07,2025-05-26,2025-05-26,19,25000,475000,50000,Paid,OP1120,Completed,0
RNT100253,EQX1126,CUST1113,SITE111,Highway Expansion,Chennai,2025-04-21,2025-05-01,2025-05-01,10,18000,180000,36000,Paid,OP1144,Completed,0
RNT100254,EQX1223,CUST1090,SITE107,IT Park,Coimbatore,2025-01-09,2025-02-08,2025-02-08,30,30000,900000,60000,Paid,OP1131,Completed,0
RNT100255,EQX1138,CUST1043,SITE104,Industrial Park,Coimbatore,2025-04-09,2025-05-04,2025-05-04,25,22000,550000,44000,Paid,OP1114,Completed,0
RNT100256,EQX1144,CUST1117,SITE101,Solar Power Plant,Hyderabad,2025-06-15,2025-06-25,2025-06-29,10,18000,252000,36000,Paid,OP1039,Overdue,4
RNT100257,EQX1274,CUST1027,SITE123,Airport Extension,Chennai,2025-02-10,2025-02-17,2025-02-17,7,30000,210000,60000,Paid,OP1040,Completed,0
RNT100258,EQX1144,CUST1060,SITE127,Smart City Zone,Salem,2025-02-09,2025-02-24,2025-02-24,15,18000,270000,36000,Partial,OP1031,Completed,0
RNT100259,EQX1296,CUST1119,SITE116,Mining Site,Madurai,2025-06-19,2025-06-21,2025-06-21,2,30000,60000,60000,Paid,OP1135,Completed,0
RNT100260,EQX1063,CUST1018,SITE125,Harbor Expansion,Coimbatore,2025-05-19,2025-05-24,2025-05-24,5,25000,125000,50000,Paid,OP1135,Completed,0
RNT100261,EQX1106,CUST1119,SITE122,Highway Expansion,Bangalore,2025-04-13,2025-05-02,2025-05-10,19,18000,486000,36000,Paid,OP1087,Overdue,8
RNT100262,EQX1083,CUST1005,SITE106,Harbor Expansion,Bangalore,2025-02-11,2025-02-15,2025-02-15,4,25000,100000,50000,Paid,OP1042,Completed,0
RNT100263,EQX1053,CUST1092,SITE118,Airport Extension,Mysore,2025-05-16,2025-06-06,2025-06-06,21,18000,378000,36000,Paid,OP1047,Completed,0
RNT100264,EQX1088,CUST1015,SITE104,Airport Extension,Salem,2025-05-24,2025-05-29,2025-05-29,5,18000,90000,36000,Paid,OP1030,Completed,0
RNT100265,EQX1160,CUST1057,SITE110,Airport Extension,Salem,2025-03-20,2025-03-30,2025-03-30,10,18000,180000,36000,Paid,OP1036,Completed,0
RNT100266,EQX1197,CUST1074,SITE121,Metro Rail Project,Coimbatore,2025-02-23,2025-03-11,2025-03-11,16,25000,400000,50000,Paid,OP1006,Completed,0
RNT100267,EQX1044,CUST1115,SITE103,Residential Township,Hyderabad,2025-02-23,2025-03-04,2025-03-04,9,24000,216000,48000,Paid,OP1062,Completed,0
RNT100268,EQX1058,CUST1109,SITE117,Solar Power Plant,Hyderabad,2025-05-23,2025-06-14,2025-06-14,22,30000,660000,60000,Paid,OP1182,Completed,0
RNT100269,EQX1045,CUST1076,SITE101,IT Park,Salem,2025-06-06,2025-06-08,2025-06-08,2,25000,50000,50000,Paid,OP1171,Completed,0
RNT100270,EQX1276,CUST1046,SITE127,River Embankment,Salem,2025-03-24,2025-03-27,2025-03-27,3,25000,75000,50000,Paid,OP1016,Completed,0
RNT100271,EQX1007,CUST1065,SITE123,Harbor Expansion,Hyderabad,2025-01-31,2025-02-22,2025-02-22,22,30000,660000,60000,Paid,OP1173,Completed,0
RNT100272,EQX1190,CUST1018,SITE128,Solar Power Plant,Mysore,2025-05-06,2025-05-24,2025-05-24,18,25000,450000,50000,Paid,OP1088,Completed,0
RNT100273,EQX1246,CUST1059,SITE112,Residential Township,Madurai,2025-03-05,2025-03-23,2025-03-23,18,22000,396000,44000,Paid,OP1099,Completed,0
RNT100274,EQX1176,CUST1028,SITE113,Solar Power Plant,Coimbatore,2025-01-30,2025-02-11,2025-02-11,12,30000,360000,60000,Paid,OP1010,Completed,0
RNT100275,EQX1234,CUST1074,SITE112,Airport Extension,Madurai,2025-05-18,2025-06-15,2025-06-15,28,22000,616000,44000,Paid,OP1032,Completed,0
RNT100276,EQX1026,CUST1112,SITE111,Metro Rail Project,Hyderabad,2025-06-16,2025-06-27,2025-06-27,11,25000,275000,50000,Paid,OP1162,Completed,0
RNT100277,EQX1161,CUST1054,SITE113,Residential Township,Mysore,2025-04-12,2025-05-03,2025-05-03,21,30000,630000,60000,Paid,OP1129,Completed,0
RNT100278,EQX1277,CUST1063,SITE106,Highway Expansion,Chennai,2025-01-01,2025-01-18,2025-01-18,17,12000,204000,24000,Paid,OP1200,Completed,0
RNT100279,EQX1120,CUST1120,SITE129,Airport Extension,Chennai,2025-01-19,2025-02-05,2025-02-05,17,22000,374000,44000,Partial,OP1164,Completed,0
RNT100280,EQX1146,CUST1025,SITE121,River Embankment,Coimbatore,2025-02-13,2025-03-15,2025-03-15,30,18000,540000,36000,Pending,OP1016,Completed,0
RNT100281,EQX1186,CUST1033,SITE126,Highway Expansion,Bangalore,2025-03-10,2025-03-15,2025-03-15,5,25000,125000,50000,Paid,OP1068,Completed,0
RNT100282,EQX1057,CUST1027,SITE121,Metro Rail Project,Salem,2025-05-02,2025-05-11,2025-05-11,9,22000,198000,44000,Pending,OP1183,Completed,0
RNT100283,EQX1284,CUST1099,SITE109,Highway Expansion,Bangalore,2025-05-08,2025-05-27,2025-05-27,19,18000,342000,36000,Paid,OP1156,Completed,0
RNT100284,EQX1182,CUST1033,SITE102,Airport Extension,Bangalore,2025-01-12,2025-01-24,2025-01-24,12,22000,264000,44000,Paid,OP1007,Completed,0
RNT100285,EQX1078,CUST1030,SITE110,IT Park,Madurai,2025-05-25,2025-06-23,2025-06-23,29,12000,348000,24000,Pending,OP1067,Completed,0
RNT100286,EQX1201,CUST1115,SITE104,Solar Power Plant,Madurai,2025-06-28,2025-07-01,2025-07-05,3,18000,126000,36000,Paid,OP1066,Overdue,4
RNT100287,EQX1108,CUST1029,SITE119,Airport Extension,Mysore,2025-05-18,2025-05-28,2025-05-28,10,22000,220000,44000,Pending,OP1153,Completed,0
RNT100288,EQX1016,CUST1063,SITE105,Residential Township,Coimbatore,2025-02-13,2025-03-14,2025-03-14,29,24000,696000,48000,Paid,OP1070,Completed,0
RNT100289,EQX1180,CUST1015,SITE120,Metro Rail Project,Coimbatore,2025-01-07,2025-01-25,2025-01-25,18,18000,324000,36000,Paid,OP1046,Completed,0
RNT100290,EQX1204,CUST1061,SITE101,Residential Township,Bangalore,2025-05-12,2025-05-23,2025-05-23,11,30000,330000,60000,Paid,OP1154,Completed,0
RNT100291,EQX1108,CUST1049,SITE116,Industrial Park,Salem,2025-01-21,2025-01-23,2025-01-23,2,22000,44000,44000,Paid,OP1023,Completed,0
RNT100292,EQX1201,CUST1091,SITE111,Mining Site,Coimbatore,2025-06-22,2025-07-13,2025-07-13,21,18000,378000,36000,Paid,OP1089,Completed,0
RNT100293,EQX1136,CUST1012,SITE129,Bridge Construction,Trichy,2025-04-21,2025-05-07,2025-05-07,16,24000,384000,48000,Paid,OP1100,Completed,0
RNT100294,EQX1092,CUST1066,SITE117,Residential Township,Trichy,2025-02-12,2025-02-25,2025-02-25,13,24000,312000,48000,Paid,OP1052,Completed,0
RNT100295,EQX1083,CUST1034,SITE120,IT Park,Hyderabad,2025-01-17,2025-01-29,2025-01-29,12,25000,300000,50000,Paid,OP1009,Completed,0
RNT100296,EQX1104,CUST1061,SITE104,Metro Rail Project,Coimbatore,2025-02-24,2025-03-01,2025-03-04,5,24000,192000,48000,Pending,OP1200,Overdue,3
RNT100297,EQX1099,CUST1061,SITE111,Airport Extension,Coimbatore,2025-06-19,2025-07-05,2025-07-05,16,22000,352000,44000,Paid,OP1198,Completed,0
RNT100298,EQX1222,CUST1004,SITE110,Harbor Expansion,Mysore,2025-06-08,2025-06-19,2025-06-19,11,22000,242000,44000,Pending,OP1079,Completed,0
RNT100299,EQX1287,CUST1102,SITE125,Harbor Expansion,Mysore,2025-05-30,2025-06-05,2025-06-14,6,12000,180000,24000,Paid,OP1056,Overdue,9
RNT100300,EQX1216,CUST1026,SITE103,Solar Power Plant,Madurai,2025-01-13,2025-01-16,2025-01-16,3,24000,72000,48000,Paid,OP1081,Completed,0
RNT100301,EQX1255,CUST1102,SITE129,IT Park,Hyderabad,2025-05-24,2025-06-03,2025-06-03,10,12000,120000,24000,Paid,OP1155,Completed,0
RNT100302,EQX1122,CUST1058,SITE112,Highway Expansion,Madurai,2025-05-20,2025-06-01,2025-06-08,12,18000,342000,36000,Paid,OP1024,Overdue,7
RNT100303,EQX1235,CUST1037,SITE115,Mining Site,Hyderabad,2025-05-30,2025-06-01,2025-06-01,2,24000,48000,48000,Pending,OP1005,Completed,0
RNT100304,EQX1008,CUST1064,SITE128,Harbor Expansion,Hyderabad,2025-02-25,2025-02-28,2025-02-28,3,30000,90000,60000,Paid,OP1129,Completed,0
RNT100305,EQX1010,CUST1067,SITE128,Metro Rail Project,Hyderabad,2025-06-20,2025-07-01,2025-07-01,11,25000,275000,50000,Paid,OP1043,Completed,0
RNT100306,EQX1061,CUST1018,SITE110,Airport Extension,Mysore,2025-03-12,2025-03-22,2025-03-22,10,24000,240000,48000,Pending,OP1092,Completed,0
RNT100307,EQX1223,CUST1066,SITE123,Solar Power Plant,Coimbatore,2025-06-01,2025-06-29,2025-06-29,28,30000,840000,60000,Paid,OP1199,Completed,0
RNT100308,EQX1172,CUST1049,SITE123,IT Park,Madurai,2025-05-17,2025-05-27,2025-05-27,10,30000,300000,60000,Paid,OP1086,Completed,0
RNT100309,EQX1123,CUST1013,SITE129,Highway Expansion,Madurai,2025-03-17,2025-03-19,2025-03-19,2,12000,24000,24000,Paid,OP1037,Completed,0
RNT100310,EQX1088,CUST1083,SITE103,River Embankment,Madurai,2025-06-17,2025-06-27,2025-06-27,10,18000,180000,36000,Paid,OP1178,Completed,0
RNT100311,EQX1300,CUST1112,SITE106,Airport Extension,Chennai,2025-01-27,2025-02-18,2025-02-18,22,24000,528000,48000,Pending,OP1074,Completed,0
RNT100312,EQX1243,CUST1113,SITE108,Harbor Expansion,Mysore,2025-05-19,2025-05-24,2025-05-24,5,30000,150000,60000,Paid,OP1038,Completed,0
RNT100313,EQX1078,CUST1035,SITE118,Harbor Expansion,Chennai,2025-01-10,2025-02-02,2025-02-02,23,12000,276000,24000,Paid,OP1148,Completed,0
RNT100314,EQX1072,CUST1044,SITE113,Airport Extension,Coimbatore,2025-01-23,2025-02-09,2025-02-09,17,18000,306000,36000,Pending,OP1033,Completed,0
RNT100315,EQX1257,CUST1108,SITE102,Solar Power Plant,Bangalore,2025-06-25,2025-07-09,2025-07-09,14,24000,336000,48000,Partial,OP1132,Completed,0
RNT100316,EQX1113,CUST1090,SITE108,Residential Township,Salem,2025-06-18,2025-06-29,2025-06-29,11,30000,330000,60000,Paid,OP1029,Completed,0
RNT100317,EQX1213,CUST1090,SITE127,Mining Site,Hyderabad,2025-05-22,2025-06-05,2025-06-14,14,12000,276000,24000,Paid,OP1058,Overdue,9
RNT100318,EQX1180,CUST1063,SITE103,Smart City Zone,Hyderabad,2025-01-04,2025-01-19,2025-01-19,15,18000,270000,36000,Paid,OP1047,Completed,0
RNT100319,EQX1072,CUST1006,SITE114,Airport Extension,Trichy,2025-02-16,2025-03-08,2025-03-08,20,18000,360000,36000,Pending,OP1082,Completed,0
RNT100320,EQX1266,CUST1111,SITE112,Metro Rail Project,Hyderabad,2025-06-07,2025-06-11,2025-06-11,4,30000,120000,60000,Paid,OP1091,Completed,0
RNT100321,EQX1064,CUST1048,SITE105,Industrial Park,Mysore,2025-04-15,2025-04-25,2025-04-25,10,18000,180000,36000,Paid,OP1008,Completed,0
RNT100322,EQX1141,CUST1115,SITE106,Industrial Park,Madurai,2025-02-11,2025-03-02,2025-03-02,19,12000,228000,24000,Paid,OP1197,Completed,0
RNT100323,EQX1098,CUST1082,SITE111,Solar Power Plant,Madurai,2025-05-25,2025-05-27,2025-05-27,2,30000,60000,60000,Paid,OP1042,Completed,0
RNT100324,EQX1117,CUST1116,SITE108,Mining Site,Coimbatore,2025-06-12,2025-06-17,2025-06-17,5,18000,90000,36000,Paid,OP1041,Completed,0
RNT100325,EQX1270,CUST1063,SITE118,Industrial Park,Mysore,2025-06-10,2025-07-08,2025-07-08,28,18000,504000,36000,Paid,OP1024,Completed,0
RNT100326,EQX1048,CUST1061,SITE119,River Embankment,Mysore,2025-03-04,2025-03-30,2025-03-30,26,30000,780000,60000,Paid,OP1177,Completed,0
RNT100327,EQX1075,CUST1106,SITE121,Solar Power Plant,Chennai,2025-04-11,2025-05-05,2025-05-05,24,18000,432000,36000,Paid,OP1060,Completed,0
RNT100328,EQX1097,CUST1018,SITE105,Highway Expansion,Bangalore,2025-02-28,2025-03-21,2025-03-23,21,22000,506000,44000,Pending,OP1171,Overdue,2
RNT100329,EQX1284,CUST1111,SITE103,Highway Expansion,Trichy,2025-04-13,2025-05-01,2025-05-01,18,18000,324000,36000,Paid,OP1122,Completed,0
RNT100330,EQX1178,CUST1005,SITE130,Mining Site,Coimbatore,2025-02-15,2025-03-04,2025-03-04,17,22000,374000,44000,Paid,OP1099,Completed,0
RNT100331,EQX1025,CUST1015,SITE122,Harbor Expansion,Salem,2025-03-13,2025-03-26,2025-03-29,13,30000,480000,60000,Paid,OP1060,Overdue,3
RNT100332,EQX1281,CUST1106,SITE109,River Embankment,Coimbatore,2025-01-19,2025-02-03,2025-02-03,15,12000,180000,24000,Paid,OP1064,Completed,0
RNT100333,EQX1069,CUST1051,SITE121,Mining Site,Hyderabad,2025-01-04,2025-01-28,2025-01-28,24,25000,600000,50000,Paid,OP1040,Completed,0
RNT100334,EQX1282,CUST1012,SITE108,Mining Site,Madurai,2025-04-06,2025-05-05,2025-05-05,29,18000,522000,36000,Paid,OP1122,Completed,0
RNT100335,EQX1041,CUST1043,SITE109,Residential Township,Chennai,2025-06-28,2025-07-26,2025-07-26,28,24000,672000,48000,Paid,OP1112,Completed,0
RNT100336,EQX1169,CUST1033,SITE128,Metro Rail Project,Hyderabad,2025-01-22,2025-02-06,2025-02-06,15,12000,180000,24000,Partial,OP1183,Completed,0
RNT100337,EQX1252,CUST1046,SITE106,Residential Township,Bangalore,2025-01-05,2025-02-02,2025-02-02,28,18000,504000,36000,Paid,OP1137,Completed,0
RNT100338,EQX1300,CUST1094,SITE101,River Embankment,Salem,2025-04-12,2025-04-17,2025-04-22,5,24000,240000,48000,Paid,OP1193,Overdue,5
RNT100339,EQX1114,CUST1052,SITE108,Industrial Park,Chennai,2025-06-02,2025-06-18,2025-06-22,16,12000,240000,24000,Paid,OP1120,Overdue,4
RNT100340,EQX1268,CUST1079,SITE129,Bridge Construction,Coimbatore,2025-05-20,2025-06-10,2025-06-10,21,22000,462000,44000,Paid,OP1177,Completed,0
RNT100341,EQX1086,CUST1099,SITE113,Residential Township,Coimbatore,2025-06-10,2025-06-17,2025-06-17,7,18000,126000,36000,Pending,OP1096,Completed,0
RNT100342,EQX1112,CUST1117,SITE127,IT Park,Mysore,2025-03-21,2025-04-17,2025-04-17,27,30000,810000,60000,Paid,OP1186,Completed,0
RNT100343,EQX1014,CUST1049,SITE116,Mining Site,Bangalore,2025-05-29,2025-06-13,2025-06-13,15,12000,180000,24000,Paid,OP1150,Completed,0
RNT100344,EQX1269,CUST1077,SITE124,Metro Rail Project,Bangalore,2025-01-24,2025-01-28,2025-01-28,4,12000,48000,24000,Paid,OP1055,Completed,0
RNT100345,EQX1205,CUST1010,SITE119,Residential Township,Madurai,2025-05-10,2025-05-13,2025-05-13,3,18000,54000,36000,Pending,OP1106,Completed,0
RNT100346,EQX1245,CUST1076,SITE121,Airport Extension,Coimbatore,2025-03-08,2025-03-21,2025-03-21,13,25000,325000,50000,Paid,OP1120,Completed,0
RNT100347,EQX1222,CUST1043,SITE125,Residential Township,Bangalore,2025-01-09,2025-01-17,2025-01-23,8,22000,308000,44000,Paid,OP1192,Overdue,6
RNT100348,EQX1247,CUST1002,SITE109,Airport Extension,Trichy,2025-03-12,2025-04-06,2025-04-06,25,12000,300000,24000,Pending,OP1154,Completed,0
RNT100349,EQX1209,CUST1049,SITE103,Industrial Park,Chennai,2025-02-14,2025-03-10,2025-03-10,24,18000,432000,36000,Paid,OP1130,Completed,0
RNT100350,EQX1135,CUST1110,SITE104,Airport Extension,Coimbatore,2025-04-21,2025-05-18,2025-05-18,27,24000,648000,48000,Paid,OP1126,Completed,0
RNT100351,EQX1165,CUST1100,SITE101,Harbor Expansion,Coimbatore,2025-01-25,2025-02-09,2025-02-09,15,25000,375000,50000,Paid,OP1048,Completed,0
RNT100352,EQX1213,CUST1110,SITE110,Industrial Park,Chennai,2025-02-09,2025-02-12,2025-02-21,3,12000,144000,24000,Paid,OP1085,Overdue,9
RNT100353,EQX1169,CUST1102,SITE123,Solar Power Plant,Chennai,2025-03-25,2025-03-31,2025-03-31,6,12000,72000,24000,Paid,OP1024,Completed,0
RNT100354,EQX1154,CUST1052,SITE102,Smart City Zone,Chennai,2025-01-15,2025-02-02,2025-02-02,18,12000,216000,24000,Paid,OP1091,Completed,0
RNT100355,EQX1085,CUST1082,SITE128,IT Park,Madurai,2025-03-29,2025-04-12,2025-04-19,14,24000,504000,48000,Paid,OP1082,Overdue,7
RNT100356,EQX1266,CUST1006,SITE112,Mining Site,Hyderabad,2025-06-03,2025-06-09,2025-06-09,6,30000,180000,60000,Paid,OP1122,Completed,0
RNT100357,EQX1287,CUST1003,SITE107,Solar Power Plant,Hyderabad,2025-01-02,2025-01-24,2025-02-03,22,12000,384000,24000,Partial,OP1066,Overdue,10
RNT100358,EQX1256,CUST1119,SITE113,Metro Rail Project,Trichy,2025-02-25,2025-03-13,2025-03-13,16,12000,192000,24000,Pending,OP1050,Completed,0
RNT100359,EQX1235,CUST1039,SITE130,Residential Township,Bangalore,2025-03-26,2025-04-24,2025-04-26,29,24000,744000,48000,Paid,OP1190,Overdue,2
RNT100360,EQX1156,CUST1061,SITE111,Bridge Construction,Trichy,2025-03-13,2025-04-03,2025-04-03,21,30000,630000,60000,Paid,OP1157,Completed,0
RNT100361,EQX1116,CUST1099,SITE130,Residential Township,Bangalore,2025-06-07,2025-07-05,2025-07-05,28,30000,840000,60000,Pending,OP1180,Completed,0
RNT100362,EQX1171,CUST1069,SITE126,IT Park,Trichy,2025-01-16,2025-02-04,2025-02-04,19,22000,418000,44000,Paid,OP1004,Completed,0
RNT100363,EQX1029,CUST1078,SITE126,Industrial Park,Chennai,2025-04-07,2025-05-03,2025-05-03,26,12000,312000,24000,Paid,OP1063,Completed,0
RNT100364,EQX1065,CUST1018,SITE125,Airport Extension,Hyderabad,2025-03-20,2025-04-13,2025-04-13,24,25000,600000,50000,Paid,OP1102,Completed,0
RNT100365,EQX1136,CUST1026,SITE101,Smart City Zone,Hyderabad,2025-03-10,2025-03-13,2025-03-22,3,24000,288000,48000,Pending,OP1170,Overdue,9
RNT100366,EQX1226,CUST1072,SITE118,Highway Expansion,Madurai,2025-01-01,2025-01-27,2025-01-27,26,24000,624000,48000,Paid,OP1095,Completed,0
RNT100367,EQX1048,CUST1059,SITE108,Mining Site,Mysore,2025-01-12,2025-02-07,2025-02-07,26,30000,780000,60000,Paid,OP1144,Completed,0
RNT100368,EQX1281,CUST1020,SITE122,Residential Township,Madurai,2025-04-15,2025-04-30,2025-04-30,15,12000,180000,24000,Partial,OP1028,Completed,0
RNT100369,EQX1266,CUST1094,SITE128,Industrial Park,Mysore,2025-05-01,2025-05-05,2025-05-05,4,30000,120000,60000,Partial,OP1047,Completed,0
RNT100370,EQX1287,CUST1008,SITE101,Airport Extension,Chennai,2025-03-28,2025-04-07,2025-04-11,10,12000,168000,24000,Paid,OP1030,Overdue,4
RNT100371,EQX1159,CUST1059,SITE120,Residential Township,Hyderabad,2025-05-28,2025-06-23,2025-06-23,26,24000,624000,48000,Paid,OP1134,Completed,0
RNT100372,EQX1216,CUST1016,SITE104,Smart City Zone,Coimbatore,2025-05-23,2025-06-03,2025-06-09,11,24000,408000,48000,Paid,OP1114,Overdue,6
RNT100373,EQX1029,CUST1053,SITE129,Airport Extension,Hyderabad,2025-04-05,2025-04-27,2025-05-02,22,12000,324000,24000,Paid,OP1109,Overdue,5
RNT100374,EQX1223,CUST1087,SITE126,Smart City Zone,Bangalore,2025-06-18,2025-07-01,2025-07-11,13,30000,690000,60000,Pending,OP1194,Overdue,10
RNT100375,EQX1211,CUST1066,SITE120,Airport Extension,Mysore,2025-05-26,2025-06-20,2025-06-20,25,24000,600000,48000,Paid,OP1019,Completed,0
RNT100376,EQX1191,CUST1054,SITE108,Smart City Zone,Chennai,2025-04-21,2025-05-15,2025-05-15,24,24000,576000,48000,Paid,OP1037,Completed,0
RNT100377,EQX1106,CUST1061,SITE120,Industrial Park,Hyderabad,2025-04-23,2025-05-16,2025-05-16,23,18000,414000,36000,Pending,OP1054,Completed,0
RNT100378,EQX1257,CUST1090,SITE127,IT Park,Salem,2025-03-12,2025-03-23,2025-03-23,11,24000,264000,48000,Paid,OP1099,Completed,0
RNT100379,EQX1087,CUST1059,SITE125,Metro Rail Project,Mysore,2025-01-19,2025-02-11,2025-02-11,23,25000,575000,50000,Paid,OP1101,Completed,0
RNT100380,EQX1199,CUST1103,SITE104,Airport Extension,Trichy,2025-04-16,2025-05-05,2025-05-05,19,18000,342000,36000,Pending,OP1163,Completed,0
RNT100381,EQX1093,CUST1035,SITE103,Smart City Zone,Trichy,2025-06-09,2025-07-03,2025-07-03,24,25000,600000,50000,Paid,OP1061,Completed,0
RNT100382,EQX1283,CUST1004,SITE102,Bridge Construction,Hyderabad,2025-04-08,2025-04-12,2025-04-13,4,24000,120000,48000,Pending,OP1163,Overdue,1
RNT100383,EQX1075,CUST1117,SITE123,Residential Township,Mysore,2025-06-14,2025-06-21,2025-06-21,7,18000,126000,36000,Pending,OP1118,Completed,0
RNT100384,EQX1148,CUST1070,SITE125,Metro Rail Project,Bangalore,2025-02-10,2025-02-25,2025-02-26,15,22000,352000,44000,Paid,OP1095,Overdue,1
RNT100385,EQX1022,CUST1091,SITE110,Residential Township,Salem,2025-04-15,2025-04-23,2025-04-23,8,24000,192000,48000,Paid,OP1012,Completed,0
RNT100386,EQX1120,CUST1097,SITE108,Metro Rail Project,Coimbatore,2025-06-10,2025-07-08,2025-07-08,28,22000,616000,44000,Paid,OP1191,Completed,0
RNT100387,EQX1266,CUST1028,SITE118,Mining Site,Salem,2025-01-11,2025-01-18,2025-01-18,7,30000,210000,60000,Paid,OP1027,Completed,0
RNT100388,EQX1207,CUST1010,SITE106,Airport Extension,Mysore,2025-04-05,2025-04-29,2025-04-29,24,30000,720000,60000,Paid,OP1018,Completed,0
RNT100389,EQX1119,CUST1109,SITE109,River Embankment,Mysore,2025-01-02,2025-01-19,2025-01-19,17,22000,374000,44000,Paid,OP1140,Completed,0
RNT100390,EQX1012,CUST1089,SITE104,Mining Site,Mysore,2025-03-07,2025-04-06,2025-04-06,30,30000,900000,60000,Pending,OP1158,Completed,0
RNT100391,EQX1259,CUST1029,SITE127,Metro Rail Project,Bangalore,2025-03-03,2025-03-15,2025-03-15,12,22000,264000,44000,Paid,OP1066,Completed,0
RNT100392,EQX1112,CUST1116,SITE123,Harbor Expansion,Coimbatore,2025-04-28,2025-05-21,2025-05-21,23,30000,690000,60000,Paid,OP1024,Completed,0
RNT100393,EQX1197,CUST1084,SITE127,Highway Expansion,Madurai,2025-05-03,2025-05-24,2025-05-24,21,25000,525000,50000,Pending,OP1122,Completed,0
RNT100394,EQX1211,CUST1111,SITE124,Bridge Construction,Hyderabad,2025-06-18,2025-07-07,2025-07-11,19,24000,552000,48000,Paid,OP1086,Overdue,4
RNT100395,EQX1068,CUST1118,SITE117,Metro Rail Project,Trichy,2025-03-09,2025-03-18,2025-03-18,9,18000,162000,36000,Paid,OP1152,Completed,0
RNT100396,EQX1158,CUST1042,SITE120,Harbor Expansion,Bangalore,2025-01-04,2025-01-31,2025-01-31,27,24000,648000,48000,Partial,OP1103,Completed,0
RNT100397,EQX1230,CUST1104,SITE117,Industrial Park,Hyderabad,2025-05-25,2025-06-22,2025-06-22,28,18000,504000,36000,Paid,OP1030,Completed,0
RNT100398,EQX1161,CUST1044,SITE114,Airport Extension,Salem,2025-04-14,2025-05-06,2025-05-06,22,30000,660000,60000,Paid,OP1148,Completed,0
RNT100399,EQX1035,CUST1105,SITE127,Airport Extension,Coimbatore,2025-01-27,2025-02-20,2025-02-25,24,22000,638000,44000,Paid,OP1038,Overdue,5
RNT100400,EQX1032,CUST1090,SITE110,River Embankment,Bangalore,2025-05-05,2025-05-23,2025-05-24,18,24000,456000,48000,Paid,OP1060,Overdue,1
RNT100401,EQX1088,CUST1030,SITE102,Residential Township,Trichy,2025-05-10,2025-05-17,2025-05-17,7,18000,126000,36000,Paid,OP1094,Completed,0
RNT100402,EQX1186,CUST1069,SITE109,Industrial Park,Coimbatore,2025-02-02,2025-03-03,2025-03-03,29,25000,725000,50000,Paid,OP1127,Completed,0
RNT100403,EQX1294,CUST1098,SITE123,Residential Township,Bangalore,2025-04-14,2025-05-14,2025-05-21,30,22000,814000,44000,Pending,OP1069,Overdue,7
RNT100404,EQX1048,CUST1015,SITE118,Industrial Park,Mysore,2025-02-02,2025-02-28,2025-02-28,26,30000,780000,60000,Paid,OP1116,Completed,0
RNT100405,EQX1031,CUST1001,SITE118,Industrial Park,Hyderabad,2025-02-07,2025-02-13,2025-02-13,6,18000,108000,36000,Paid,OP1064,Completed,0
RNT100406,EQX1002,CUST1092,SITE111,Industrial Park,Madurai,2025-01-11,2025-01-31,2025-01-31,20,18000,360000,36000,Paid,OP1083,Completed,0
RNT100407,EQX1069,CUST1051,SITE123,Harbor Expansion,Madurai,2025-01-13,2025-01-18,2025-01-18,5,25000,125000,50000,Pending,OP1077,Completed,0
RNT100408,EQX1181,CUST1074,SITE118,Mining Site,Coimbatore,2025-06-28,2025-07-17,2025-07-17,19,22000,418000,44000,Paid,OP1175,Completed,0
RNT100409,EQX1067,CUST1005,SITE127,Airport Extension,Salem,2025-02-14,2025-03-03,2025-03-03,17,24000,408000,48000,Paid,OP1035,Completed,0
RNT100410,EQX1293,CUST1103,SITE110,Industrial Park,Mysore,2025-05-29,2025-06-02,2025-06-02,4,18000,72000,36000,Paid,OP1075,Completed,0
RNT100411,EQX1118,CUST1030,SITE107,Harbor Expansion,Coimbatore,2025-03-24,2025-04-07,2025-04-07,14,12000,168000,24000,Paid,OP1081,Completed,0
RNT100412,EQX1070,CUST1037,SITE114,River Embankment,Hyderabad,2025-04-10,2025-04-23,2025-04-23,13,24000,312000,48000,Paid,OP1184,Completed,0
RNT100413,EQX1179,CUST1065,SITE114,Bridge Construction,Trichy,2025-04-07,2025-05-02,2025-05-02,25,25000,625000,50000,Paid,OP1066,Completed,0
RNT100414,EQX1063,CUST1113,SITE113,Smart City Zone,Mysore,2025-05-09,2025-06-02,2025-06-02,24,25000,600000,50000,Partial,OP1096,Completed,0
RNT100415,EQX1105,CUST1099,SITE115,Residential Township,Salem,2025-01-07,2025-01-23,2025-01-23,16,12000,192000,24000,Paid,OP1030,Completed,0
RNT100416,EQX1251,CUST1091,SITE118,Mining Site,Hyderabad,2025-01-25,2025-02-04,2025-02-04,10,24000,240000,48000,Paid,OP1040,Completed,0
RNT100417,EQX1299,CUST1031,SITE122,Bridge Construction,Trichy,2025-02-04,2025-02-16,2025-02-16,12,24000,288000,48000,Paid,OP1194,Completed,0
RNT100418,EQX1288,CUST1091,SITE117,Airport Extension,Coimbatore,2025-02-10,2025-02-13,2025-02-13,3,24000,72000,48000,Paid,OP1115,Completed,0
RNT100419,EQX1137,CUST1066,SITE108,IT Park,Trichy,2025-06-04,2025-06-18,2025-06-18,14,18000,252000,36000,Partial,OP1146,Completed,0
RNT100420,EQX1007,CUST1095,SITE116,Solar Power Plant,Salem,2025-05-28,2025-06-02,2025-06-02,5,30000,150000,60000,Partial,OP1047,Completed,0
RNT100421,EQX1283,CUST1019,SITE121,Solar Power Plant,Coimbatore,2025-03-31,2025-04-24,2025-05-01,24,24000,744000,48000,Paid,OP1023,Overdue,7
RNT100422,EQX1205,CUST1085,SITE126,Industrial Park,Madurai,2025-05-29,2025-06-28,2025-06-28,30,18000,540000,36000,Paid,OP1057,Completed,0
RNT100423,EQX1222,CUST1026,SITE112,Smart City Zone,Mysore,2025-04-20,2025-05-11,2025-05-11,21,22000,462000,44000,Paid,OP1167,Completed,0
RNT100424,EQX1051,CUST1117,SITE128,Airport Extension,Trichy,2025-04-25,2025-05-19,2025-05-29,24,12000,408000,24000,Paid,OP1034,Overdue,10
RNT100425,EQX1046,CUST1052,SITE120,Bridge Construction,Bangalore,2025-03-06,2025-03-12,2025-03-12,6,22000,132000,44000,Pending,OP1058,Completed,0
RNT100426,EQX1133,CUST1038,SITE117,Residential Township,Coimbatore,2025-01-03,2025-01-29,2025-02-02,26,30000,900000,60000,Paid,OP1081,Overdue,4
RNT100427,EQX1206,CUST1086,SITE127,Metro Rail Project,Coimbatore,2025-04-11,2025-05-03,2025-05-04,22,22000,506000,44000,Partial,OP1078,Overdue,1
RNT100428,EQX1225,CUST1119,SITE103,Industrial Park,Coimbatore,2025-06-25,2025-07-06,2025-07-06,11,22000,242000,44000,Paid,OP1199,Completed,0
RNT100429,EQX1060,CUST1098,SITE105,Solar Power Plant,Chennai,2025-06-11,2025-06-26,2025-06-26,15,25000,375000,50000,Paid,OP1088,Completed,0
RNT100430,EQX1134,CUST1100,SITE121,Harbor Expansion,Madurai,2025-02-14,2025-03-13,2025-03-13,27,24000,648000,48000,Paid,OP1146,Completed,0
RNT100431,EQX1283,CUST1038,SITE127,Airport Extension,Salem,2025-01-12,2025-02-04,2025-02-11,23,24000,720000,48000,Partial,OP1184,Overdue,7
RNT100432,EQX1207,CUST1086,SITE108,Industrial Park,Salem,2025-01-03,2025-01-22,2025-01-22,19,30000,570000,60000,Paid,OP1028,Completed,0
RNT100433,EQX1022,CUST1021,SITE130,Airport Extension,Madurai,2025-01-27,2025-02-12,2025-02-12,16,24000,384000,48000,Pending,OP1045,Completed,0
RNT100434,EQX1256,CUST1101,SITE121,Metro Rail Project,Salem,2025-05-29,2025-06-01,2025-06-01,3,12000,36000,24000,Pending,OP1087,Completed,0
RNT100435,EQX1114,CUST1075,SITE102,Highway Expansion,Mysore,2025-04-23,2025-05-03,2025-05-03,10,12000,120000,24000,Pending,OP1031,Completed,0
RNT100436,EQX1216,CUST1022,SITE124,River Embankment,Salem,2025-03-18,2025-04-14,2025-04-14,27,24000,648000,48000,Pending,OP1009,Completed,0
RNT100437,EQX1284,CUST1013,SITE116,Bridge Construction,Coimbatore,2025-04-21,2025-05-19,2025-05-19,28,18000,504000,36000,Paid,OP1082,Completed,0
RNT100438,EQX1213,CUST1023,SITE104,Metro Rail Project,Chennai,2025-01-02,2025-01-26,2025-01-26,24,12000,288000,24000,Paid,OP1163,Completed,0
RNT100439,EQX1068,CUST1029,SITE128,Residential Township,Hyderabad,2025-03-02,2025-03-08,2025-03-08,6,18000,108000,36000,Paid,OP1090,Completed,0
RNT100440,EQX1191,CUST1034,SITE112,IT Park,Hyderabad,2025-02-04,2025-02-17,2025-02-17,13,24000,312000,48000,Paid,OP1069,Completed,0
RNT100441,EQX1164,CUST1010,SITE129,Mining Site,Mysore,2025-04-06,2025-04-29,2025-04-29,23,30000,690000,60000,Paid,OP1026,Completed,0
RNT100442,EQX1120,CUST1112,SITE101,Smart City Zone,Salem,2025-04-29,2025-05-11,2025-05-11,12,22000,264000,44000,Paid,OP1092,Completed,0
RNT100443,EQX1088,CUST1089,SITE130,Highway Expansion,Coimbatore,2025-01-21,2025-02-07,2025-02-15,17,18000,450000,36000,Partial,OP1080,Overdue,8
RNT100444,EQX1240,CUST1030,SITE108,Industrial Park,Madurai,2025-04-23,2025-05-13,2025-05-13,20,22000,440000,44000,Paid,OP1022,Completed,0
RNT100445,EQX1142,CUST1096,SITE130,Bridge Construction,Mysore,2025-06-16,2025-06-28,2025-06-28,12,24000,288000,48000,Paid,OP1044,Completed,0
RNT100446,EQX1241,CUST1007,SITE104,Smart City Zone,Salem,2025-06-27,2025-06-30,2025-06-30,3,12000,36000,24000,Paid,OP1031,Completed,0
RNT100447,EQX1085,CUST1088,SITE117,Airport Extension,Chennai,2025-06-04,2025-06-29,2025-06-29,25,24000,600000,48000,Paid,OP1121,Completed,0
RNT100448,EQX1181,CUST1043,SITE107,IT Park,Madurai,2025-02-08,2025-02-22,2025-02-22,14,22000,308000,44000,Paid,OP1173,Completed,0
RNT100449,EQX1071,CUST1114,SITE107,Solar Power Plant,Mysore,2025-06-15,2025-06-19,2025-06-19,4,30000,120000,60000,Paid,OP1021,Completed,0
RNT100450,EQX1295,CUST1111,SITE129,Industrial Park,Trichy,2025-04-01,2025-04-12,2025-04-22,11,12000,252000,24000,Paid,OP1146,Overdue,10
RNT100451,EQX1149,CUST1112,SITE119,Industrial Park,Trichy,2025-05-06,2025-05-28,2025-06-06,22,24000,744000,48000,Paid,OP1177,Overdue,9
RNT100452,EQX1008,CUST1115,SITE125,River Embankment,Trichy,2025-06-03,2025-07-01,2025-07-01,28,30000,840000,60000,Partial,OP1186,Completed,0
RNT100453,EQX1241,CUST1067,SITE117,Harbor Expansion,Coimbatore,2025-06-20,2025-07-16,2025-07-16,26,12000,312000,24000,Pending,OP1010,Completed,0
RNT100454,EQX1139,CUST1045,SITE108,Bridge Construction,Bangalore,2025-04-18,2025-05-04,2025-05-09,16,30000,630000,60000,Pending,OP1036,Overdue,5
RNT100455,EQX1058,CUST1091,SITE108,Smart City Zone,Madurai,2025-04-27,2025-05-01,2025-05-01,4,30000,120000,60000,Paid,OP1190,Completed,0
RNT100456,EQX1096,CUST1086,SITE114,Smart City Zone,Salem,2025-03-11,2025-04-02,2025-04-02,22,25000,550000,50000,Partial,OP1134,Completed,0
RNT100457,EQX1255,CUST1116,SITE125,River Embankment,Salem,2025-02-28,2025-03-12,2025-03-12,12,12000,144000,24000,Paid,OP1106,Completed,0
RNT100458,EQX1170,CUST1058,SITE105,Metro Rail Project,Bangalore,2025-03-05,2025-04-02,2025-04-02,28,24000,672000,48000,Paid,OP1084,Completed,0
RNT100459,EQX1016,CUST1031,SITE126,Metro Rail Project,Bangalore,2025-01-30,2025-02-09,2025-02-09,10,24000,240000,48000,Paid,OP1049,Completed,0
RNT100460,EQX1099,CUST1018,SITE110,Bridge Construction,Hyderabad,2025-03-27,2025-04-03,2025-04-03,7,22000,154000,44000,Pending,OP1055,Completed,0
RNT100461,EQX1134,CUST1015,SITE126,Solar Power Plant,Chennai,2025-06-08,2025-06-12,2025-06-12,4,24000,96000,48000,Partial,OP1004,Completed,0
RNT100462,EQX1300,CUST1092,SITE124,Harbor Expansion,Chennai,2025-04-26,2025-04-30,2025-04-30,4,24000,96000,48000,Paid,OP1147,Completed,0
RNT100463,EQX1174,CUST1034,SITE114,Solar Power Plant,Salem,2025-03-04,2025-03-26,2025-03-26,22,25000,550000,50000,Paid,OP1087,Completed,0
RNT100464,EQX1295,CUST1115,SITE126,Harbor Expansion,Madurai,2025-06-10,2025-06-12,2025-06-12,2,12000,24000,24000,Paid,OP1016,Completed,0
RNT100465,EQX1052,CUST1002,SITE111,Smart City Zone,Mysore,2025-04-04,2025-04-24,2025-04-24,20,24000,480000,48000,Paid,OP1080,Completed,0
RNT100466,EQX1149,CUST1052,SITE128,Airport Extension,Hyderabad,2025-06-04,2025-06-29,2025-06-29,25,24000,600000,48000,Partial,OP1180,Completed,0
RNT100467,EQX1098,CUST1109,SITE115,Mining Site,Bangalore,2025-05-28,2025-06-14,2025-06-14,17,30000,510000,60000,Paid,OP1003,Completed,0
RNT100468,EQX1274,CUST1059,SITE113,Solar Power Plant,Bangalore,2025-05-24,2025-06-10,2025-06-10,17,30000,510000,60000,Paid,OP1022,Completed,0
RNT100469,EQX1033,CUST1105,SITE106,Harbor Expansion,Salem,2025-04-11,2025-04-30,2025-04-30,19,24000,456000,48000,Paid,OP1124,Completed,0
RNT100470,EQX1179,CUST1112,SITE107,Bridge Construction,Madurai,2025-02-13,2025-03-12,2025-03-12,27,25000,675000,50000,Pending,OP1172,Completed,0
RNT100471,EQX1139,CUST1003,SITE104,Bridge Construction,Madurai,2025-02-17,2025-02-23,2025-03-02,6,30000,390000,60000,Paid,OP1026,Overdue,7
RNT100472,EQX1108,CUST1101,SITE126,IT Park,Salem,2025-01-28,2025-02-12,2025-02-12,15,22000,330000,44000,Paid,OP1134,Completed,0
RNT100473,EQX1297,CUST1094,SITE121,Metro Rail Project,Madurai,2025-05-06,2025-05-18,2025-05-18,12,12000,144000,24000,Paid,OP1087,Completed,0
RNT100474,EQX1256,CUST1039,SITE120,Harbor Expansion,Salem,2025-02-27,2025-03-21,2025-03-21,22,12000,264000,24000,Paid,OP1066,Completed,0
RNT100475,EQX1108,CUST1099,SITE102,Metro Rail Project,Mysore,2025-04-29,2025-05-07,2025-05-11,8,22000,264000,44000,Paid,OP1031,Overdue,4
RNT100476,EQX1296,CUST1024,SITE102,Smart City Zone,Chennai,2025-02-06,2025-02-25,2025-02-25,19,30000,570000,60000,Paid,OP1100,Completed,0
RNT100477,EQX1190,CUST1058,SITE110,Metro Rail Project,Bangalore,2025-05-04,2025-05-19,2025-05-19,15,25000,375000,50000,Paid,OP1181,Completed,0
RNT100478,EQX1140,CUST1025,SITE119,Airport Extension,Coimbatore,2025-02-23,2025-03-05,2025-03-05,10,12000,120000,24000,Paid,OP1007,Completed,0
RNT100479,EQX1243,CUST1089,SITE129,Solar Power Plant,Salem,2025-02-09,2025-02-20,2025-02-20,11,30000,330000,60000,Pending,OP1037,Completed,0
RNT100480,EQX1189,CUST1109,SITE112,Bridge Construction,Trichy,2025-01-15,2025-02-12,2025-02-12,28,12000,336000,24000,Paid,OP1104,Completed,0
RNT100481,EQX1052,CUST1068,SITE114,Airport Extension,Coimbatore,2025-02-12,2025-02-17,2025-02-17,5,24000,120000,48000,Paid,OP1075,Completed,0
RNT100482,EQX1043,CUST1120,SITE104,Mining Site,Bangalore,2025-01-26,2025-02-10,2025-02-11,15,22000,352000,44000,Paid,OP1113,Overdue,1
RNT100483,EQX1047,CUST1059,SITE128,Solar Power Plant,Bangalore,2025-01-31,2025-02-05,2025-02-05,5,24000,120000,48000,Paid,OP1005,Completed,0
RNT100484,EQX1186,CUST1052,SITE109,Residential Township,Trichy,2025-05-28,2025-06-21,2025-06-21,24,25000,600000,50000,Paid,OP1104,Completed,0
RNT100485,EQX1172,CUST1032,SITE103,Solar Power Plant,Trichy,2025-02-15,2025-02-28,2025-02-28,13,30000,390000,60000,Partial,OP1057,Completed,0
RNT100486,EQX1087,CUST1052,SITE116,Airport Extension,Hyderabad,2025-04-15,2025-05-14,2025-05-14,29,25000,725000,50000,Paid,OP1033,Completed,0
RNT100487,EQX1238,CUST1020,SITE126,Smart City Zone,Coimbatore,2025-02-05,2025-02-20,2025-02-20,15,12000,180000,24000,Paid,OP1061,Completed,0
RNT100488,EQX1130,CUST1036,SITE122,River Embankment,Salem,2025-02-26,2025-03-27,2025-03-27,29,25000,725000,50000,Paid,OP1179,Completed,0
RNT100489,EQX1044,CUST1118,SITE117,Metro Rail Project,Hyderabad,2025-04-18,2025-05-06,2025-05-06,18,24000,432000,48000,Paid,OP1198,Completed,0
RNT100490,EQX1299,CUST1082,SITE105,Bridge Construction,Madurai,2025-05-02,2025-05-27,2025-05-27,25,24000,600000,48000,Partial,OP1187,Completed,0
RNT100491,EQX1119,CUST1025,SITE113,Harbor Expansion,Chennai,2025-03-12,2025-03-30,2025-03-30,18,22000,396000,44000,Paid,OP1154,Completed,0
RNT100492,EQX1070,CUST1115,SITE110,Smart City Zone,Bangalore,2025-05-15,2025-05-18,2025-05-18,3,24000,72000,48000,Paid,OP1123,Completed,0
RNT100493,EQX1091,CUST1017,SITE130,River Embankment,Bangalore,2025-06-11,2025-07-03,2025-07-03,22,25000,550000,50000,Paid,OP1084,Completed,0
RNT100494,EQX1031,CUST1068,SITE120,Highway Expansion,Trichy,2025-06-04,2025-06-16,2025-06-16,12,18000,216000,36000,Paid,OP1086,Completed,0
RNT100495,EQX1167,CUST1080,SITE103,River Embankment,Trichy,2025-05-10,2025-05-14,2025-05-14,4,24000,96000,48000,Paid,OP1089,Completed,0
RNT100496,EQX1265,CUST1034,SITE113,River Embankment,Madurai,2025-06-26,2025-07-24,2025-07-24,28,22000,616000,44000,Paid,OP1041,Completed,0
RNT100497,EQX1208,CUST1059,SITE129,Bridge Construction,Salem,2025-03-10,2025-03-27,2025-03-27,17,18000,306000,36000,Paid,OP1168,Completed,0
RNT100498,EQX1239,CUST1002,SITE119,River Embankment,Bangalore,2025-05-10,2025-05-17,2025-05-17,7,22000,154000,44000,Paid,OP1079,Completed,0
RNT100499,EQX1217,CUST1004,SITE130,Solar Power Plant,Madurai,2025-05-31,2025-06-07,2025-06-07,7,18000,126000,36000,Pending,OP1195,Completed,0
RNT100500,EQX1071,CUST1012,SITE117,Highway Expansion,Coimbatore,2025-05-04,2025-05-18,2025-05-27,14,30000,690000,60000,Paid,OP1066,Overdue,9
RNT100501,EQX1166,CUST1033,SITE119,IT Park,Chennai,2025-02-22,2025-03-17,2025-03-17,23,22000,506000,44000,Paid,OP1007,Completed,0
RNT100502,EQX1165,CUST1040,SITE102,IT Park,Mysore,2025-06-10,2025-06-26,2025-06-26,16,25000,400000,50000,Paid,OP1083,Completed,0
RNT100503,EQX1053,CUST1057,SITE104,IT Park,Hyderabad,2025-03-16,2025-04-03,2025-04-03,18,18000,324000,36000,Paid,OP1163,Completed,0
RNT100504,EQX1138,CUST1078,SITE102,Bridge Construction,Coimbatore,2025-05-10,2025-05-24,2025-05-27,14,22000,374000,44000,Partial,OP1016,Overdue,3
RNT100505,EQX1057,CUST1094,SITE107,Metro Rail Project,Chennai,2025-01-18,2025-01-26,2025-01-26,8,22000,176000,44000,Paid,OP1161,Completed,0
RNT100506,EQX1208,CUST1090,SITE129,Metro Rail Project,Bangalore,2025-05-13,2025-05-28,2025-05-28,15,18000,270000,36000,Pending,OP1103,Completed,0
RNT100507,EQX1190,CUST1042,SITE114,Metro Rail Project,Coimbatore,2025-05-25,2025-06-04,2025-06-04,10,25000,250000,50000,Paid,OP1180,Completed,0
RNT100508,EQX1193,CUST1114,SITE123,IT Park,Chennai,2025-01-08,2025-01-25,2025-01-25,17,18000,306000,36000,Pending,OP1044,Completed,0
RNT100509,EQX1286,CUST1112,SITE106,Metro Rail Project,Mysore,2025-04-02,2025-04-04,2025-04-08,2,18000,108000,36000,Pending,OP1134,Overdue,4
RNT100510,EQX1225,CUST1020,SITE102,Solar Power Plant,Chennai,2025-02-04,2025-02-17,2025-02-17,13,22000,286000,44000,Paid,OP1080,Completed,0
RNT100511,EQX1064,CUST1046,SITE109,Metro Rail Project,Madurai,2025-04-23,2025-05-03,2025-05-03,10,18000,180000,36000,Paid,OP1065,Completed,0
RNT100512,EQX1138,CUST1107,SITE104,River Embankment,Madurai,2025-05-01,2025-05-26,2025-05-26,25,22000,550000,44000,Pending,OP1093,Completed,0
RNT100513,EQX1210,CUST1025,SITE121,Bridge Construction,Salem,2025-02-04,2025-02-06,2025-02-06,2,30000,60000,60000,Paid,OP1021,Completed,0
RNT100514,EQX1173,CUST1045,SITE117,Smart City Zone,Hyderabad,2025-05-09,2025-05-13,2025-05-13,4,24000,96000,48000,Paid,OP1092,Completed,0
RNT100515,EQX1262,CUST1016,SITE124,Industrial Park,Madurai,2025-05-20,2025-05-24,2025-05-24,4,25000,100000,50000,Partial,OP1175,Completed,0
RNT100516,EQX1086,CUST1073,SITE123,Metro Rail Project,Bangalore,2025-02-23,2025-03-17,2025-03-17,22,18000,396000,36000,Paid,OP1108,Completed,0
RNT100517,EQX1193,CUST1093,SITE127,River Embankment,Madurai,2025-06-10,2025-06-29,2025-07-09,19,18000,522000,36000,Paid,OP1026,Overdue,10
RNT100518,EQX1004,CUST1056,SITE102,River Embankment,Coimbatore,2025-05-30,2025-06-04,2025-06-04,5,30000,150000,60000,Paid,OP1149,Completed,0
RNT100519,EQX1281,CUST1005,SITE103,Metro Rail Project,Coimbatore,2025-05-25,2025-05-28,2025-05-28,3,12000,36000,24000,Paid,OP1145,Completed,0
RNT100520,EQX1188,CUST1056,SITE123,Highway Expansion,Madurai,2025-03-10,2025-03-21,2025-03-21,11,30000,330000,60000,Paid,OP1099,Completed,0
RNT100521,EQX1076,CUST1102,SITE126,Smart City Zone,Coimbatore,2025-05-05,2025-06-01,2025-06-01,27,25000,675000,50000,Paid,OP1121,Completed,0
RNT100522,EQX1027,CUST1104,SITE104,Highway Expansion,Trichy,2025-03-09,2025-03-13,2025-03-13,4,25000,100000,50000,Pending,OP1161,Completed,0
RNT100523,EQX1236,CUST1078,SITE112,Metro Rail Project,Hyderabad,2025-01-03,2025-01-11,2025-01-11,8,18000,144000,36000,Pending,OP1083,Completed,0
RNT100524,EQX1122,CUST1005,SITE118,Mining Site,Madurai,2025-06-04,2025-06-22,2025-06-22,18,18000,324000,36000,Paid,OP1138,Completed,0
RNT100525,EQX1035,CUST1010,SITE104,Bridge Construction,Bangalore,2025-06-19,2025-07-15,2025-07-15,26,22000,572000,44000,Pending,OP1198,Completed,0
RNT100526,EQX1198,CUST1118,SITE125,Industrial Park,Bangalore,2025-04-06,2025-04-09,2025-04-09,3,24000,72000,48000,Paid,OP1052,Completed,0
RNT100527,EQX1248,CUST1010,SITE124,Solar Power Plant,Mysore,2025-05-10,2025-05-12,2025-05-17,2,30000,210000,60000,Paid,OP1147,Overdue,5
RNT100528,EQX1122,CUST1022,SITE130,IT Park,Madurai,2025-06-19,2025-07-19,2025-07-19,30,18000,540000,36000,Paid,OP1150,Completed,0
RNT100529,EQX1052,CUST1031,SITE102,Smart City Zone,Bangalore,2025-04-29,2025-05-26,2025-05-26,27,24000,648000,48000,Pending,OP1134,Completed,0
RNT100530,EQX1110,CUST1048,SITE126,Highway Expansion,Hyderabad,2025-06-28,2025-07-12,2025-07-12,14,12000,168000,24000,Paid,OP1200,Completed,0
RNT100531,EQX1066,CUST1072,SITE126,Residential Township,Trichy,2025-05-17,2025-06-03,2025-06-03,17,30000,510000,60000,Paid,OP1184,Completed,0
RNT100532,EQX1059,CUST1012,SITE107,Metro Rail Project,Madurai,2025-04-07,2025-04-19,2025-04-19,12,24000,288000,48000,Paid,OP1147,Completed,0
RNT100533,EQX1112,CUST1045,SITE117,Residential Township,Madurai,2025-05-29,2025-06-04,2025-06-04,6,30000,180000,60000,Paid,OP1092,Completed,0
RNT100534,EQX1225,CUST1107,SITE110,Smart City Zone,Chennai,2025-05-12,2025-05-25,2025-05-25,13,22000,286000,44000,Partial,OP1177,Completed,0
RNT100535,EQX1129,CUST1011,SITE123,River Embankment,Bangalore,2025-03-09,2025-04-02,2025-04-02,24,24000,576000,48000,Paid,OP1086,Completed,0
RNT100536,EQX1232,CUST1117,SITE119,Airport Extension,Madurai,2025-03-07,2025-04-04,2025-04-07,28,18000,558000,36000,Paid,OP1022,Overdue,3
RNT100537,EQX1193,CUST1044,SITE127,IT Park,Trichy,2025-01-26,2025-02-14,2025-02-14,19,18000,342000,36000,Pending,OP1035,Completed,0
RNT100538,EQX1027,CUST1081,SITE114,Metro Rail Project,Coimbatore,2025-05-18,2025-06-11,2025-06-11,24,25000,600000,50000,Pending,OP1068,Completed,0
RNT100539,EQX1010,CUST1055,SITE122,Harbor Expansion,Mysore,2025-06-18,2025-07-11,2025-07-19,23,25000,775000,50000,Paid,OP1071,Overdue,8
RNT100540,EQX1186,CUST1078,SITE121,Harbor Expansion,Coimbatore,2025-04-30,2025-05-19,2025-05-19,19,25000,475000,50000,Paid,OP1025,Completed,0
RNT100541,EQX1012,CUST1075,SITE121,Highway Expansion,Chennai,2025-01-12,2025-01-18,2025-01-18,6,30000,180000,60000,Paid,OP1035,Completed,0
RNT100542,EQX1299,CUST1108,SITE107,Highway Expansion,Madurai,2025-01-04,2025-01-31,2025-01-31,27,24000,648000,48000,Paid,OP1140,Completed,0
RNT100543,EQX1208,CUST1074,SITE126,Industrial Park,Mysore,2025-02-05,2025-02-24,2025-02-24,19,18000,342000,36000,Paid,OP1042,Completed,0
RNT100544,EQX1116,CUST1022,SITE118,Mining Site,Madurai,2025-05-13,2025-06-01,2025-06-01,19,30000,570000,60000,Paid,OP1198,Completed,0
RNT100545,EQX1243,CUST1001,SITE110,Airport Extension,Bangalore,2025-06-19,2025-07-19,2025-07-19,30,30000,900000,60000,Partial,OP1024,Completed,0
RNT100546,EQX1096,CUST1088,SITE116,Highway Expansion,Coimbatore,2025-06-29,2025-07-06,2025-07-06,7,25000,175000,50000,Paid,OP1122,Completed,0
RNT100547,EQX1097,CUST1090,SITE122,Solar Power Plant,Salem,2025-03-25,2025-04-15,2025-04-15,21,22000,462000,44000,Paid,OP1163,Completed,0
RNT100548,EQX1198,CUST1069,SITE104,Metro Rail Project,Madurai,2025-01-09,2025-01-15,2025-01-25,6,24000,384000,48000,Paid,OP1153,Overdue,10
RNT100549,EQX1256,CUST1021,SITE107,Metro Rail Project,Coimbatore,2025-02-10,2025-03-01,2025-03-01,19,12000,228000,24000,Partial,OP1051,Completed,0
RNT100550,EQX1239,CUST1117,SITE125,Smart City Zone,Bangalore,2025-03-11,2025-03-14,2025-03-14,3,22000,66000,44000,Pending,OP1008,Completed,0
RNT100551,EQX1148,CUST1063,SITE118,River Embankment,Chennai,2025-01-02,2025-01-14,2025-01-14,12,22000,264000,44000,Pending,OP1145,Completed,0
RNT100552,EQX1191,CUST1009,SITE114,Smart City Zone,Bangalore,2025-04-02,2025-04-05,2025-04-05,3,24000,72000,48000,Pending,OP1168,Completed,0
RNT100553,EQX1132,CUST1047,SITE103,Harbor Expansion,Madurai,2025-03-05,2025-03-30,2025-03-31,25,30000,780000,60000,Paid,OP1024,Overdue,1
RNT100554,EQX1110,CUST1005,SITE109,Bridge Construction,Coimbatore,2025-04-12,2025-05-07,2025-05-15,25,12000,396000,24000,Partial,OP1046,Overdue,8
RNT100555,EQX1212,CUST1016,SITE103,Solar Power Plant,Madurai,2025-05-11,2025-06-06,2025-06-06,26,24000,624000,48000,Paid,OP1075,Completed,0
RNT100556,EQX1001,CUST1085,SITE115,Highway Expansion,Chennai,2025-03-13,2025-04-05,2025-04-05,23,12000,276000,24000,Paid,OP1129,Completed,0
RNT100557,EQX1114,CUST1041,SITE128,Residential Township,Mysore,2025-06-01,2025-06-29,2025-06-29,28,12000,336000,24000,Paid,OP1030,Completed,0
RNT100558,EQX1075,CUST1071,SITE109,Smart City Zone,Trichy,2025-03-16,2025-03-25,2025-03-25,9,18000,162000,36000,Paid,OP1005,Completed,0
RNT100559,EQX1023,CUST1030,SITE101,Mining Site,Coimbatore,2025-05-06,2025-05-17,2025-05-23,11,24000,408000,48000,Paid,OP1098,Overdue,6
RNT100560,EQX1124,CUST1054,SITE122,Airport Extension,Hyderabad,2025-06-25,2025-07-10,2025-07-10,15,18000,270000,36000,Paid,OP1177,Completed,0
RNT100561,EQX1120,CUST1066,SITE127,Highway Expansion,Mysore,2025-06-02,2025-06-29,2025-06-29,27,22000,594000,44000,Paid,OP1057,Completed,0
RNT100562,EQX1091,CUST1064,SITE120,Airport Extension,Madurai,2025-02-25,2025-03-02,2025-03-02,5,25000,125000,50000,Paid,OP1165,Completed,0
RNT100563,EQX1240,CUST1078,SITE117,Mining Site,Mysore,2025-02-13,2025-02-24,2025-02-24,11,22000,242000,44000,Paid,OP1090,Completed,0
RNT100564,EQX1013,CUST1034,SITE119,Industrial Park,Trichy,2025-01-21,2025-02-18,2025-02-18,28,18000,504000,36000,Paid,OP1180,Completed,0
RNT100565,EQX1287,CUST1114,SITE127,Mining Site,Salem,2025-05-13,2025-05-28,2025-05-28,15,12000,180000,24000,Paid,OP1172,Completed,0
RNT100566,EQX1188,CUST1110,SITE128,Highway Expansion,Mysore,2025-02-28,2025-03-28,2025-03-29,28,30000,870000,60000,Partial,OP1150,Overdue,1
RNT100567,EQX1090,CUST1092,SITE129,Industrial Park,Trichy,2025-04-19,2025-04-22,2025-04-22,3,30000,90000,60000,Paid,OP1012,Completed,0
RNT100568,EQX1022,CUST1099,SITE115,Harbor Expansion,Salem,2025-04-05,2025-04-28,2025-04-28,23,24000,552000,48000,Paid,OP1094,Completed,0
RNT100569,EQX1266,CUST1039,SITE110,Industrial Park,Bangalore,2025-01-27,2025-02-22,2025-02-22,26,30000,780000,60000,Paid,OP1033,Completed,0
RNT100570,EQX1184,CUST1023,SITE110,IT Park,Madurai,2025-04-18,2025-05-15,2025-05-21,27,24000,792000,48000,Pending,OP1118,Overdue,6
RNT100571,EQX1133,CUST1030,SITE108,Solar Power Plant,Coimbatore,2025-05-19,2025-06-03,2025-06-03,15,30000,450000,60000,Paid,OP1154,Completed,0
RNT100572,EQX1120,CUST1107,SITE121,Residential Township,Salem,2025-05-20,2025-06-12,2025-06-12,23,22000,506000,44000,Paid,OP1111,Completed,0
RNT100573,EQX1260,CUST1030,SITE123,Solar Power Plant,Chennai,2025-02-18,2025-02-28,2025-03-02,10,30000,360000,60000,Paid,OP1192,Overdue,2
RNT100574,EQX1059,CUST1083,SITE124,Mining Site,Bangalore,2025-06-14,2025-07-02,2025-07-02,18,24000,432000,48000,Paid,OP1181,Completed,0
RNT100575,EQX1290,CUST1035,SITE114,Airport Extension,Mysore,2025-04-08,2025-05-05,2025-05-05,27,22000,594000,44000,Paid,OP1053,Completed,0
RNT100576,EQX1154,CUST1097,SITE119,Solar Power Plant,Coimbatore,2025-05-01,2025-05-22,2025-05-22,21,12000,252000,24000,Paid,OP1172,Completed,0
RNT100577,EQX1156,CUST1111,SITE117,Solar Power Plant,Mysore,2025-03-15,2025-04-04,2025-04-04,20,30000,600000,60000,Pending,OP1061,Completed,0
RNT100578,EQX1080,CUST1049,SITE104,Residential Township,Bangalore,2025-02-10,2025-03-04,2025-03-04,22,24000,528000,48000,Paid,OP1073,Completed,0
RNT100579,EQX1149,CUST1017,SITE116,River Embankment,Salem,2025-03-15,2025-03-31,2025-04-03,16,24000,456000,48000,Paid,OP1126,Overdue,3
RNT100580,EQX1246,CUST1089,SITE108,River Embankment,Trichy,2025-04-02,2025-04-21,2025-04-21,19,22000,418000,44000,Paid,OP1103,Completed,0
RNT100581,EQX1063,CUST1084,SITE125,Industrial Park,Bangalore,2025-05-06,2025-05-29,2025-05-29,23,25000,575000,50000,Paid,OP1097,Completed,0
RNT100582,EQX1207,CUST1074,SITE113,Airport Extension,Chennai,2025-06-24,2025-07-02,2025-07-06,8,30000,360000,60000,Paid,OP1147,Overdue,4
RNT100583,EQX1013,CUST1035,SITE117,Smart City Zone,Hyderabad,2025-02-08,2025-02-25,2025-03-02,17,18000,396000,36000,Paid,OP1072,Overdue,5
RNT100584,EQX1285,CUST1043,SITE130,Smart City Zone,Trichy,2025-05-15,2025-05-28,2025-05-28,13,30000,390000,60000,Partial,OP1036,Completed,0
RNT100585,EQX1056,CUST1114,SITE102,IT Park,Hyderabad,2025-03-29,2025-04-06,2025-04-06,8,22000,176000,44000,Paid,OP1027,Completed,0
RNT100586,EQX1144,CUST1005,SITE101,Harbor Expansion,Trichy,2025-05-02,2025-05-30,2025-05-30,28,18000,504000,36000,Paid,OP1089,Completed,0
RNT100587,EQX1026,CUST1105,SITE110,River Embankment,Bangalore,2025-03-12,2025-04-06,2025-04-06,25,25000,625000,50000,Partial,OP1078,Completed,0
RNT100588,EQX1098,CUST1041,SITE123,Industrial Park,Bangalore,2025-02-13,2025-03-05,2025-03-05,20,30000,600000,60000,Paid,OP1063,Completed,0
RNT100589,EQX1065,CUST1046,SITE126,River Embankment,Trichy,2025-01-14,2025-01-29,2025-01-29,15,25000,375000,50000,Pending,OP1158,Completed,0
RNT100590,EQX1087,CUST1080,SITE107,River Embankment,Madurai,2025-04-03,2025-04-21,2025-04-21,18,25000,450000,50000,Paid,OP1048,Completed,0
RNT100591,EQX1268,CUST1085,SITE113,Airport Extension,Trichy,2025-01-21,2025-02-11,2025-02-11,21,22000,462000,44000,Paid,OP1040,Completed,0
RNT100592,EQX1038,CUST1005,SITE120,Residential Township,Hyderabad,2025-01-28,2025-02-13,2025-02-18,16,18000,378000,36000,Paid,OP1199,Overdue,5
RNT100593,EQX1012,CUST1100,SITE128,Smart City Zone,Chennai,2025-06-07,2025-06-25,2025-06-25,18,30000,540000,60000,Paid,OP1135,Completed,0
RNT100594,EQX1002,CUST1067,SITE125,Bridge Construction,Salem,2025-05-14,2025-05-17,2025-05-17,3,18000,54000,36000,Paid,OP1197,Completed,0
RNT100595,EQX1085,CUST1077,SITE125,Highway Expansion,Salem,2025-01-16,2025-02-09,2025-02-09,24,24000,576000,48000,Paid,OP1161,Completed,0
RNT100596,EQX1140,CUST1031,SITE104,Residential Township,Mysore,2025-06-26,2025-07-24,2025-07-26,28,12000,360000,24000,Partial,OP1157,Overdue,2
RNT100597,EQX1108,CUST1058,SITE103,Highway Expansion,Trichy,2025-03-19,2025-04-10,2025-04-15,22,22000,594000,44000,Pending,OP1009,Overdue,5
RNT100598,EQX1296,CUST1038,SITE120,Bridge Construction,Hyderabad,2025-04-04,2025-04-27,2025-04-27,23,30000,690000,60000,Pending,OP1114,Completed,0
RNT100599,EQX1154,CUST1095,SITE119,River Embankment,Coimbatore,2025-01-24,2025-01-27,2025-01-27,3,12000,36000,24000,Paid,OP1130,Completed,0
RNT100600,EQX1062,CUST1046,SITE119,Industrial Park,Coimbatore,2025-05-28,2025-06-01,2025-06-01,4,12000,48000,24000,Paid,OP1168,Completed,0
RNT100601,EQX1064,CUST1047,SITE106,Airport Extension,Mysore,2025-03-10,2025-03-29,2025-03-29,19,18000,342000,36000,Paid,OP1187,Completed,0
RNT100602,EQX1001,CUST1024,SITE117,IT Park,Hyderabad,2025-03-14,2025-04-06,2025-04-06,23,12000,276000,24000,Partial,OP1103,Completed,0
RNT100603,EQX1030,CUST1086,SITE105,Bridge Construction,Madurai,2025-06-23,2025-07-02,2025-07-02,9,12000,108000,24000,Paid,OP1030,Completed,0
RNT100604,EQX1085,CUST1073,SITE112,Residential Township,Hyderabad,2025-06-03,2025-06-16,2025-06-16,13,24000,312000,48000,Paid,OP1038,Completed,0
RNT100605,EQX1259,CUST1120,SITE106,Metro Rail Project,Mysore,2025-06-01,2025-06-29,2025-06-29,28,22000,616000,44000,Paid,OP1062,Completed,0
RNT100606,EQX1069,CUST1007,SITE104,Harbor Expansion,Madurai,2025-01-26,2025-02-18,2025-02-18,23,25000,575000,50000,Paid,OP1044,Completed,0
RNT100607,EQX1121,CUST1044,SITE106,Mining Site,Chennai,2025-04-27,2025-05-05,2025-05-05,8,22000,176000,44000,Paid,OP1057,Completed,0
RNT100608,EQX1120,CUST1088,SITE109,Airport Extension,Coimbatore,2025-05-12,2025-06-08,2025-06-08,27,22000,594000,44000,Partial,OP1075,Completed,0
RNT100609,EQX1235,CUST1009,SITE116,Metro Rail Project,Trichy,2025-03-18,2025-04-17,2025-04-17,30,24000,720000,48000,Paid,OP1008,Completed,0
RNT100610,EQX1039,CUST1023,SITE111,Industrial Park,Mysore,2025-01-08,2025-02-06,2025-02-14,29,18000,666000,36000,Paid,OP1080,Overdue,8
RNT100611,EQX1197,CUST1010,SITE125,Bridge Construction,Hyderabad,2025-04-13,2025-05-05,2025-05-05,22,25000,550000,50000,Paid,OP1070,Completed,0
RNT100612,EQX1247,CUST1068,SITE130,Mining Site,Bangalore,2025-03-02,2025-03-11,2025-03-21,9,12000,228000,24000,Paid,OP1064,Overdue,10
RNT100613,EQX1011,CUST1013,SITE101,IT Park,Hyderabad,2025-04-01,2025-04-15,2025-04-15,14,25000,350000,50000,Paid,OP1172,Completed,0
RNT100614,EQX1103,CUST1111,SITE121,Harbor Expansion,Salem,2025-04-06,2025-04-14,2025-04-14,8,25000,200000,50000,Paid,OP1022,Completed,0
RNT100615,EQX1135,CUST1047,SITE104,Mining Site,Hyderabad,2025-01-08,2025-02-05,2025-02-05,28,24000,672000,48000,Pending,OP1150,Completed,0
RNT100616,EQX1050,CUST1070,SITE104,IT Park,Bangalore,2025-05-18,2025-05-23,2025-05-25,5,18000,126000,36000,Paid,OP1076,Overdue,2
RNT100617,EQX1072,CUST1046,SITE102,Mining Site,Bangalore,2025-05-08,2025-05-16,2025-05-16,8,18000,144000,36000,Paid,OP1187,Completed,0
RNT100618,EQX1299,CUST1057,SITE103,Metro Rail Project,Hyderabad,2025-04-13,2025-05-08,2025-05-18,25,24000,840000,48000,Paid,OP1184,Overdue,10
RNT100619,EQX1272,CUST1066,SITE124,River Embankment,Hyderabad,2025-04-27,2025-05-13,2025-05-13,16,30000,480000,60000,Paid,OP1140,Completed,0
RNT100620,EQX1072,CUST1024,SITE129,Industrial Park,Chennai,2025-03-12,2025-03-31,2025-04-03,19,18000,396000,36000,Paid,OP1134,Overdue,3
RNT100621,EQX1012,CUST1064,SITE103,Metro Rail Project,Hyderabad,2025-05-05,2025-06-02,2025-06-02,28,30000,840000,60000,Paid,OP1029,Completed,0
RNT100622,EQX1037,CUST1023,SITE123,Airport Extension,Chennai,2025-05-22,2025-05-24,2025-05-24,2,25000,50000,50000,Paid,OP1035,Completed,0
RNT100623,EQX1148,CUST1087,SITE124,Harbor Expansion,Chennai,2025-04-28,2025-05-19,2025-05-22,21,22000,528000,44000,Pending,OP1084,Overdue,3
RNT100624,EQX1051,CUST1077,SITE112,Residential Township,Trichy,2025-01-14,2025-02-04,2025-02-04,21,12000,252000,24000,Paid,OP1128,Completed,0
RNT100625,EQX1096,CUST1068,SITE130,Smart City Zone,Trichy,2025-03-03,2025-03-26,2025-03-26,23,25000,575000,50000,Paid,OP1179,Completed,0
RNT100626,EQX1251,CUST1100,SITE125,Harbor Expansion,Coimbatore,2025-03-13,2025-03-26,2025-03-31,13,24000,432000,48000,Paid,OP1039,Overdue,5
RNT100627,EQX1234,CUST1005,SITE124,Bridge Construction,Trichy,2025-03-21,2025-04-13,2025-04-13,23,22000,506000,44000,Paid,OP1038,Completed,0
RNT100628,EQX1110,CUST1093,SITE113,IT Park,Madurai,2025-06-24,2025-07-15,2025-07-17,21,12000,276000,24000,Paid,OP1184,Overdue,2
RNT100629,EQX1231,CUST1005,SITE106,Solar Power Plant,Mysore,2025-03-09,2025-03-30,2025-03-30,21,22000,462000,44000,Paid,OP1018,Completed,0
RNT100630,EQX1094,CUST1039,SITE103,Mining Site,Madurai,2025-04-24,2025-04-28,2025-05-05,4,30000,330000,60000,Paid,OP1066,Overdue,7
RNT100631,EQX1085,CUST1062,SITE110,Highway Expansion,Coimbatore,2025-05-29,2025-06-03,2025-06-07,5,24000,216000,48000,Paid,OP1106,Overdue,4
RNT100632,EQX1222,CUST1003,SITE105,IT Park,Mysore,2025-03-13,2025-03-26,2025-03-26,13,22000,286000,44000,Paid,OP1061,Completed,0
RNT100633,EQX1212,CUST1043,SITE130,Highway Expansion,Bangalore,2025-05-14,2025-05-28,2025-05-28,14,24000,336000,48000,Paid,OP1155,Completed,0
RNT100634,EQX1101,CUST1063,SITE101,Airport Extension,Bangalore,2025-01-24,2025-02-18,2025-02-18,25,24000,600000,48000,Paid,OP1040,Completed,0
RNT100635,EQX1281,CUST1009,SITE103,River Embankment,Mysore,2025-05-19,2025-05-28,2025-06-06,9,12000,216000,24000,Pending,OP1118,Overdue,9
RNT100636,EQX1081,CUST1018,SITE109,Bridge Construction,Madurai,2025-06-19,2025-06-21,2025-06-21,2,22000,44000,44000,Paid,OP1103,Completed,0
RNT100637,EQX1121,CUST1107,SITE114,Mining Site,Salem,2025-06-05,2025-06-29,2025-06-29,24,22000,528000,44000,Paid,OP1105,Completed,0
RNT100638,EQX1104,CUST1109,SITE111,Smart City Zone,Salem,2025-03-21,2025-04-17,2025-04-17,27,24000,648000,48000,Paid,OP1021,Completed,0
RNT100639,EQX1160,CUST1003,SITE107,Residential Township,Chennai,2025-02-02,2025-02-25,2025-02-25,23,18000,414000,36000,Partial,OP1095,Completed,0
RNT100640,EQX1292,CUST1052,SITE112,Bridge Construction,Mysore,2025-02-16,2025-03-07,2025-03-07,19,12000,228000,24000,Paid,OP1037,Completed,0
RNT100641,EQX1273,CUST1091,SITE116,Bridge Construction,Chennai,2025-05-29,2025-06-19,2025-06-19,21,18000,378000,36000,Paid,OP1049,Completed,0
RNT100642,EQX1085,CUST1057,SITE112,Highway Expansion,Hyderabad,2025-05-25,2025-06-14,2025-06-14,20,24000,480000,48000,Partial,OP1015,Completed,0
RNT100643,EQX1226,CUST1097,SITE120,Bridge Construction,Coimbatore,2025-02-12,2025-03-10,2025-03-10,26,24000,624000,48000,Paid,OP1130,Completed,0
RNT100644,EQX1157,CUST1079,SITE101,Mining Site,Coimbatore,2025-01-13,2025-01-24,2025-01-24,11,30000,330000,60000,Paid,OP1057,Completed,0
RNT100645,EQX1152,CUST1072,SITE130,IT Park,Salem,2025-05-09,2025-05-24,2025-05-24,15,18000,270000,36000,Partial,OP1170,Completed,0
RNT100646,EQX1045,CUST1057,SITE130,Harbor Expansion,Madurai,2025-05-12,2025-05-22,2025-05-22,10,25000,250000,50000,Pending,OP1050,Completed,0
RNT100647,EQX1053,CUST1095,SITE103,Mining Site,Coimbatore,2025-02-04,2025-02-12,2025-02-12,8,18000,144000,36000,Pending,OP1185,Completed,0
RNT100648,EQX1266,CUST1079,SITE111,Metro Rail Project,Salem,2025-03-05,2025-03-29,2025-03-29,24,30000,720000,60000,Paid,OP1020,Completed,0
RNT100649,EQX1236,CUST1092,SITE127,Smart City Zone,Madurai,2025-03-09,2025-04-07,2025-04-15,29,18000,666000,36000,Paid,OP1074,Overdue,8
RNT100650,EQX1167,CUST1076,SITE124,Highway Expansion,Hyderabad,2025-03-09,2025-03-22,2025-03-22,13,24000,312000,48000,Paid,OP1033,Completed,0
RNT100651,EQX1156,CUST1081,SITE102,Harbor Expansion,Bangalore,2025-03-20,2025-04-05,2025-04-05,16,30000,480000,60000,Paid,OP1193,Completed,0
RNT100652,EQX1192,CUST1099,SITE115,Bridge Construction,Bangalore,2025-04-18,2025-05-08,2025-05-13,20,12000,300000,24000,Paid,OP1049,Overdue,5
RNT100653,EQX1063,CUST1042,SITE111,Highway Expansion,Chennai,2025-02-02,2025-03-01,2025-03-11,27,25000,925000,50000,Paid,OP1087,Overdue,10
RNT100654,EQX1169,CUST1054,SITE105,Metro Rail Project,Bangalore,2025-03-25,2025-04-10,2025-04-10,16,12000,192000,24000,Paid,OP1020,Completed,0
RNT100655,EQX1112,CUST1064,SITE113,Residential Township,Hyderabad,2025-04-12,2025-04-16,2025-04-16,4,30000,120000,60000,Paid,OP1055,Completed,0
RNT100656,EQX1283,CUST1103,SITE120,Mining Site,Madurai,2025-05-13,2025-06-02,2025-06-02,20,24000,480000,48000,Paid,OP1096,Completed,0
RNT100657,EQX1294,CUST1017,SITE111,Smart City Zone,Salem,2025-02-26,2025-03-06,2025-03-06,8,22000,176000,44000,Paid,OP1064,Completed,0
RNT100658,EQX1159,CUST1098,SITE126,Bridge Construction,Mysore,2025-02-04,2025-02-15,2025-02-15,11,24000,264000,48000,Paid,OP1052,Completed,0
RNT100659,EQX1146,CUST1027,SITE124,River Embankment,Hyderabad,2025-02-06,2025-03-08,2025-03-08,30,18000,540000,36000,Paid,OP1144,Completed,0
RNT100660,EQX1206,CUST1089,SITE130,Smart City Zone,Bangalore,2025-01-29,2025-02-01,2025-02-09,3,22000,242000,44000,Partial,OP1130,Overdue,8
RNT100661,EQX1127,CUST1001,SITE124,Airport Extension,Trichy,2025-01-01,2025-01-08,2025-01-08,7,24000,168000,48000,Paid,OP1046,Completed,0
RNT100662,EQX1124,CUST1110,SITE130,Industrial Park,Trichy,2025-02-25,2025-03-06,2025-03-06,9,18000,162000,36000,Paid,OP1119,Completed,0
RNT100663,EQX1002,CUST1117,SITE116,Airport Extension,Chennai,2025-05-20,2025-06-02,2025-06-08,13,18000,342000,36000,Paid,OP1042,Overdue,6
RNT100664,EQX1009,CUST1053,SITE111,Solar Power Plant,Chennai,2025-06-30,2025-07-03,2025-07-03,3,12000,36000,24000,Paid,OP1075,Completed,0
RNT100665,EQX1097,CUST1089,SITE109,Harbor Expansion,Hyderabad,2025-04-03,2025-04-16,2025-04-16,13,22000,286000,44000,Paid,OP1189,Completed,0
RNT100666,EQX1040,CUST1120,SITE129,Harbor Expansion,Salem,2025-06-12,2025-06-18,2025-06-25,6,12000,156000,24000,Paid,OP1027,Overdue,7
RNT100667,EQX1128,CUST1091,SITE116,Bridge Construction,Bangalore,2025-05-25,2025-06-21,2025-06-21,27,30000,810000,60000,Paid,OP1166,Completed,0
RNT100668,EQX1282,CUST1093,SITE115,Mining Site,Coimbatore,2025-01-18,2025-02-02,2025-02-02,15,18000,270000,36000,Paid,OP1163,Completed,0
RNT100669,EQX1187,CUST1081,SITE123,Harbor Expansion,Bangalore,2025-06-25,2025-07-03,2025-07-03,8,30000,240000,60000,Paid,OP1030,Completed,0
RNT100670,EQX1147,CUST1073,SITE121,Mining Site,Mysore,2025-01-27,2025-02-08,2025-02-08,12,22000,264000,44000,Paid,OP1178,Completed,0
RNT100671,EQX1207,CUST1092,SITE130,Airport Extension,Coimbatore,2025-05-23,2025-05-29,2025-05-29,6,30000,180000,60000,Paid,OP1192,Completed,0
RNT100672,EQX1195,CUST1028,SITE121,Smart City Zone,Bangalore,2025-04-03,2025-04-10,2025-04-10,7,18000,126000,36000,Paid,OP1141,Completed,0
RNT100673,EQX1007,CUST1026,SITE118,River Embankment,Coimbatore,2025-05-30,2025-06-02,2025-06-02,3,30000,90000,60000,Paid,OP1151,Completed,0
RNT100674,EQX1136,CUST1115,SITE109,Harbor Expansion,Salem,2025-06-06,2025-07-02,2025-07-02,26,24000,624000,48000,Paid,OP1108,Completed,0
RNT100675,EQX1035,CUST1067,SITE116,Airport Extension,Bangalore,2025-01-03,2025-01-25,2025-01-25,22,22000,484000,44000,Paid,OP1139,Completed,0
RNT100676,EQX1287,CUST1035,SITE123,Mining Site,Bangalore,2025-05-20,2025-06-16,2025-06-19,27,12000,360000,24000,Paid,OP1049,Overdue,3
RNT100677,EQX1223,CUST1052,SITE119,Metro Rail Project,Hyderabad,2025-01-02,2025-01-23,2025-01-23,21,30000,630000,60000,Partial,OP1121,Completed,0
RNT100678,EQX1083,CUST1072,SITE118,Airport Extension,Bangalore,2025-02-17,2025-03-12,2025-03-12,23,25000,575000,50000,Paid,OP1129,Completed,0
RNT100679,EQX1029,CUST1030,SITE106,Highway Expansion,Hyderabad,2025-02-11,2025-03-10,2025-03-10,27,12000,324000,24000,Paid,OP1034,Completed,0
RNT100680,EQX1232,CUST1035,SITE103,Smart City Zone,Chennai,2025-05-24,2025-05-30,2025-05-30,6,18000,108000,36000,Pending,OP1021,Completed,0
RNT100681,EQX1027,CUST1068,SITE105,Smart City Zone,Salem,2025-04-23,2025-04-28,2025-04-28,5,25000,125000,50000,Paid,OP1021,Completed,0
RNT100682,EQX1153,CUST1112,SITE129,Industrial Park,Madurai,2025-03-15,2025-04-07,2025-04-07,23,24000,552000,48000,Paid,OP1186,Completed,0
RNT100683,EQX1291,CUST1075,SITE127,Industrial Park,Trichy,2025-04-24,2025-05-11,2025-05-11,17,25000,425000,50000,Paid,OP1147,Completed,0
RNT100684,EQX1198,CUST1035,SITE106,Highway Expansion,Bangalore,2025-04-15,2025-04-23,2025-04-29,8,24000,336000,48000,Paid,OP1061,Overdue,6
RNT100685,EQX1211,CUST1030,SITE115,Mining Site,Coimbatore,2025-03-19,2025-04-07,2025-04-07,19,24000,456000,48000,Paid,OP1025,Completed,0
RNT100686,EQX1028,CUST1061,SITE104,Highway Expansion,Coimbatore,2025-01-29,2025-02-23,2025-02-23,25,12000,300000,24000,Pending,OP1165,Completed,0
RNT100687,EQX1096,CUST1105,SITE116,River Embankment,Chennai,2025-05-29,2025-06-09,2025-06-09,11,25000,275000,50000,Paid,OP1075,Completed,0
RNT100688,EQX1170,CUST1103,SITE105,Mining Site,Trichy,2025-04-25,2025-05-20,2025-05-20,25,24000,600000,48000,Paid,OP1017,Completed,0
RNT100689,EQX1239,CUST1003,SITE128,Airport Extension,Coimbatore,2025-01-11,2025-01-16,2025-01-16,5,22000,110000,44000,Pending,OP1138,Completed,0
RNT100690,EQX1061,CUST1071,SITE108,Mining Site,Bangalore,2025-03-24,2025-03-27,2025-03-27,3,24000,72000,48000,Paid,OP1075,Completed,0
RNT100691,EQX1154,CUST1039,SITE130,River Embankment,Salem,2025-05-04,2025-05-31,2025-06-02,27,12000,348000,24000,Paid,OP1061,Overdue,2
RNT100692,EQX1184,CUST1063,SITE121,Bridge Construction,Trichy,2025-05-26,2025-06-02,2025-06-03,7,24000,192000,48000,Paid,OP1125,Overdue,1
RNT100693,EQX1091,CUST1100,SITE121,River Embankment,Coimbatore,2025-02-25,2025-03-25,2025-03-25,28,25000,700000,50000,Paid,OP1141,Completed,0
RNT100694,EQX1025,CUST1030,SITE127,Smart City Zone,Coimbatore,2025-04-30,2025-05-25,2025-05-25,25,30000,750000,60000,Paid,OP1014,Completed,0
RNT100695,EQX1261,CUST1084,SITE114,Metro Rail Project,Bangalore,2025-06-23,2025-07-13,2025-07-13,20,24000,480000,48000,Paid,OP1130,Completed,0
RNT100696,EQX1083,CUST1028,SITE104,Residential Township,Madurai,2025-02-21,2025-03-12,2025-03-12,19,25000,475000,50000,Paid,OP1198,Completed,0
RNT100697,EQX1250,CUST1102,SITE104,Solar Power Plant,Trichy,2025-04-06,2025-04-18,2025-04-20,12,25000,350000,50000,Paid,OP1150,Overdue,2
RNT100698,EQX1111,CUST1110,SITE115,Harbor Expansion,Hyderabad,2025-03-11,2025-03-29,2025-03-29,18,22000,396000,44000,Paid,OP1114,Completed,0
RNT100699,EQX1144,CUST1118,SITE127,Metro Rail Project,Bangalore,2025-06-11,2025-07-06,2025-07-13,25,18000,576000,36000,Paid,OP1180,Overdue,7
RNT100700,EQX1022,CUST1044,SITE128,Mining Site,Mysore,2025-05-15,2025-05-23,2025-05-23,8,24000,192000,48000,Paid,OP1039,Completed,0
RNT100701,EQX1159,CUST1114,SITE106,IT Park,Coimbatore,2025-05-23,2025-06-05,2025-06-05,13,24000,312000,48000,Partial,OP1062,Completed,0
RNT100702,EQX1023,CUST1035,SITE127,River Embankment,Chennai,2025-04-14,2025-04-23,2025-04-23,9,24000,216000,48000,Paid,OP1041,Completed,0
RNT100703,EQX1266,CUST1070,SITE123,Highway Expansion,Mysore,2025-05-25,2025-05-28,2025-05-28,3,30000,90000,60000,Paid,OP1129,Completed,0
RNT100704,EQX1187,CUST1116,SITE106,Highway Expansion,Bangalore,2025-02-13,2025-02-16,2025-02-16,3,30000,90000,60000,Pending,OP1183,Completed,0
RNT100705,EQX1143,CUST1054,SITE126,Metro Rail Project,Hyderabad,2025-03-05,2025-03-10,2025-03-10,5,12000,60000,24000,Pending,OP1167,Completed,0
RNT100706,EQX1204,CUST1080,SITE120,Industrial Park,Madurai,2025-01-14,2025-02-05,2025-02-05,22,30000,660000,60000,Paid,OP1199,Completed,0
RNT100707,EQX1034,CUST1093,SITE125,IT Park,Hyderabad,2025-05-14,2025-05-25,2025-05-25,11,25000,275000,50000,Pending,OP1060,Completed,0
RNT100708,EQX1092,CUST1020,SITE123,Highway Expansion,Mysore,2025-03-15,2025-04-01,2025-04-01,17,24000,408000,48000,Paid,OP1076,Completed,0
RNT100709,EQX1170,CUST1039,SITE103,River Embankment,Chennai,2025-03-07,2025-03-30,2025-04-07,23,24000,744000,48000,Partial,OP1047,Overdue,8
RNT100710,EQX1020,CUST1037,SITE112,Solar Power Plant,Hyderabad,2025-04-08,2025-04-20,2025-04-20,12,30000,360000,60000,Paid,OP1179,Completed,0
RNT100711,EQX1283,CUST1004,SITE122,Solar Power Plant,Mysore,2025-03-19,2025-04-12,2025-04-12,24,24000,576000,48000,Pending,OP1143,Completed,0
RNT100712,EQX1200,CUST1069,SITE125,Highway Expansion,Coimbatore,2025-05-11,2025-05-16,2025-05-16,5,18000,90000,36000,Pending,OP1023,Completed,0
RNT100713,EQX1171,CUST1085,SITE127,Bridge Construction,Mysore,2025-04-11,2025-05-01,2025-05-11,20,22000,660000,44000,Paid,OP1130,Overdue,10
RNT100714,EQX1097,CUST1110,SITE117,Airport Extension,Coimbatore,2025-03-27,2025-04-22,2025-04-22,26,22000,572000,44000,Paid,OP1162,Completed,0
RNT100715,EQX1207,CUST1072,SITE121,Industrial Park,Chennai,2025-03-31,2025-04-11,2025-04-11,11,30000,330000,60000,Paid,OP1111,Completed,0
RNT100716,EQX1002,CUST1050,SITE127,River Embankment,Madurai,2025-06-04,2025-06-08,2025-06-08,4,18000,72000,36000,Pending,OP1037,Completed,0
RNT100717,EQX1238,CUST1040,SITE120,Bridge Construction,Coimbatore,2025-03-14,2025-04-11,2025-04-11,28,12000,336000,24000,Paid,OP1141,Completed,0
RNT100718,EQX1200,CUST1002,SITE112,Metro Rail Project,Madurai,2025-05-21,2025-05-28,2025-06-03,7,18000,234000,36000,Paid,OP1076,Overdue,6
RNT100719,EQX1238,CUST1005,SITE125,Smart City Zone,Salem,2025-06-13,2025-06-15,2025-06-15,2,12000,24000,24000,Paid,OP1030,Completed,0
RNT100720,EQX1055,CUST1051,SITE126,Metro Rail Project,Madurai,2025-03-25,2025-04-17,2025-04-17,23,25000,575000,50000,Pending,OP1033,Completed,0
RNT100721,EQX1239,CUST1038,SITE102,River Embankment,Chennai,2025-06-22,2025-07-17,2025-07-17,25,22000,550000,44000,Paid,OP1153,Completed,0
RNT100722,EQX1186,CUST1010,SITE109,Industrial Park,Bangalore,2025-04-20,2025-05-13,2025-05-13,23,25000,575000,50000,Paid,OP1137,Completed,0
RNT100723,EQX1278,CUST1089,SITE122,Smart City Zone,Madurai,2025-04-16,2025-05-06,2025-05-06,20,22000,440000,44000,Paid,OP1101,Completed,0
RNT100724,EQX1237,CUST1026,SITE130,Metro Rail Project,Madurai,2025-03-28,2025-04-25,2025-04-25,28,12000,336000,24000,Pending,OP1083,Completed,0
RNT100725,EQX1113,CUST1061,SITE125,Solar Power Plant,Bangalore,2025-01-20,2025-02-14,2025-02-14,25,30000,750000,60000,Paid,OP1162,Completed,0
RNT100726,EQX1038,CUST1044,SITE114,Airport Extension,Chennai,2025-04-14,2025-05-05,2025-05-12,21,18000,504000,36000,Pending,OP1109,Overdue,7
RNT100727,EQX1065,CUST1041,SITE123,Airport Extension,Salem,2025-05-16,2025-06-05,2025-06-05,20,25000,500000,50000,Paid,OP1190,Completed,0
RNT100728,EQX1090,CUST1104,SITE104,IT Park,Chennai,2025-06-21,2025-06-28,2025-06-28,7,30000,210000,60000,Paid,OP1146,Completed,0
RNT100729,EQX1192,CUST1119,SITE111,IT Park,Mysore,2025-06-13,2025-06-19,2025-06-19,6,12000,72000,24000,Paid,OP1154,Completed,0
RNT100730,EQX1285,CUST1067,SITE128,Mining Site,Trichy,2025-05-02,2025-05-15,2025-05-15,13,30000,390000,60000,Paid,OP1022,Completed,0
RNT100731,EQX1299,CUST1081,SITE102,Residential Township,Coimbatore,2025-06-20,2025-06-26,2025-06-26,6,24000,144000,48000,Pending,OP1131,Completed,0
RNT100732,EQX1211,CUST1009,SITE107,Metro Rail Project,Bangalore,2025-06-13,2025-06-16,2025-06-21,3,24000,192000,48000,Paid,OP1098,Overdue,5
RNT100733,EQX1184,CUST1007,SITE122,Airport Extension,Trichy,2025-06-27,2025-07-22,2025-07-22,25,24000,600000,48000,Paid,OP1028,Completed,0
RNT100734,EQX1287,CUST1032,SITE119,Airport Extension,Trichy,2025-02-11,2025-03-10,2025-03-10,27,12000,324000,24000,Paid,OP1090,Completed,0
RNT100735,EQX1159,CUST1055,SITE108,IT Park,Bangalore,2025-04-03,2025-04-24,2025-04-24,21,24000,504000,48000,Pending,OP1062,Completed,0
RNT100736,EQX1038,CUST1058,SITE129,Solar Power Plant,Mysore,2025-06-19,2025-06-23,2025-06-24,4,18000,90000,36000,Paid,OP1067,Overdue,1
RNT100737,EQX1021,CUST1099,SITE118,Smart City Zone,Chennai,2025-03-24,2025-04-16,2025-04-16,23,18000,414000,36000,Paid,OP1020,Completed,0
RNT100738,EQX1020,CUST1115,SITE104,Metro Rail Project,Bangalore,2025-03-10,2025-03-13,2025-03-13,3,30000,90000,60000,Paid,OP1079,Completed,0
RNT100739,EQX1059,CUST1080,SITE117,Metro Rail Project,Bangalore,2025-02-03,2025-02-15,2025-02-15,12,24000,288000,48000,Paid,OP1167,Completed,0
RNT100740,EQX1102,CUST1110,SITE122,Bridge Construction,Bangalore,2025-01-22,2025-02-04,2025-02-04,13,18000,234000,36000,Paid,OP1018,Completed,0
RNT100741,EQX1114,CUST1021,SITE109,Solar Power Plant,Coimbatore,2025-05-29,2025-06-18,2025-06-18,20,12000,240000,24000,Paid,OP1068,Completed,0
RNT100742,EQX1014,CUST1045,SITE102,Airport Extension,Chennai,2025-04-23,2025-05-02,2025-05-05,9,12000,144000,24000,Paid,OP1005,Overdue,3
RNT100743,EQX1047,CUST1046,SITE123,Metro Rail Project,Bangalore,2025-05-05,2025-06-03,2025-06-03,29,24000,696000,48000,Partial,OP1175,Completed,0
RNT100744,EQX1078,CUST1089,SITE109,River Embankment,Chennai,2025-06-28,2025-07-12,2025-07-12,14,12000,168000,24000,Paid,OP1150,Completed,0
RNT100745,EQX1092,CUST1049,SITE124,Highway Expansion,Mysore,2025-06-23,2025-07-16,2025-07-16,23,24000,552000,48000,Paid,OP1121,Completed,0
RNT100746,EQX1299,CUST1011,SITE115,River Embankment,Mysore,2025-04-28,2025-05-20,2025-05-24,22,24000,624000,48000,Paid,OP1145,Overdue,4
RNT100747,EQX1249,CUST1085,SITE105,Mining Site,Bangalore,2025-01-16,2025-01-26,2025-01-26,10,18000,180000,36000,Partial,OP1145,Completed,0
RNT100748,EQX1217,CUST1115,SITE126,Metro Rail Project,Bangalore,2025-04-19,2025-04-22,2025-04-22,3,18000,54000,36000,Pending,OP1115,Completed,0
RNT100749,EQX1173,CUST1107,SITE127,Airport Extension,Chennai,2025-04-22,2025-05-15,2025-05-15,23,24000,552000,48000,Pending,OP1062,Completed,0
RNT100750,EQX1212,CUST1004,SITE115,Harbor Expansion,Chennai,2025-04-05,2025-05-02,2025-05-02,27,24000,648000,48000,Paid,OP1148,Completed,0
RNT100751,EQX1252,CUST1115,SITE120,Solar Power Plant,Mysore,2025-02-10,2025-02-12,2025-02-12,2,18000,36000,36000,Pending,OP1178,Completed,0
RNT100752,EQX1138,CUST1032,SITE115,Industrial Park,Hyderabad,2025-06-04,2025-06-11,2025-06-12,7,22000,176000,44000,Pending,OP1014,Overdue,1
RNT100753,EQX1115,CUST1100,SITE101,Mining Site,Coimbatore,2025-01-25,2025-02-11,2025-02-11,17,18000,306000,36000,Paid,OP1106,Completed,0
RNT100754,EQX1239,CUST1067,SITE104,IT Park,Salem,2025-01-10,2025-01-23,2025-01-23,13,22000,286000,44000,Paid,OP1066,Completed,0
RNT100755,EQX1203,CUST1043,SITE104,Harbor Expansion,Trichy,2025-01-27,2025-02-08,2025-02-08,12,22000,264000,44000,Paid,OP1070,Completed,0
RNT100756,EQX1204,CUST1013,SITE117,Smart City Zone,Mysore,2025-04-11,2025-05-06,2025-05-06,25,30000,750000,60000,Pending,OP1111,Completed,0
RNT100757,EQX1190,CUST1085,SITE126,Smart City Zone,Mysore,2025-05-12,2025-06-06,2025-06-13,25,25000,800000,50000,Paid,OP1098,Overdue,7
RNT100758,EQX1113,CUST1101,SITE120,Metro Rail Project,Chennai,2025-01-21,2025-01-31,2025-01-31,10,30000,300000,60000,Paid,OP1061,Completed,0
RNT100759,EQX1226,CUST1004,SITE118,Harbor Expansion,Coimbatore,2025-01-08,2025-01-27,2025-02-05,19,24000,672000,48000,Pending,OP1137,Overdue,9
RNT100760,EQX1105,CUST1040,SITE102,Solar Power Plant,Salem,2025-02-04,2025-02-22,2025-02-22,18,12000,216000,24000,Paid,OP1004,Completed,0
RNT100761,EQX1005,CUST1113,SITE101,Harbor Expansion,Mysore,2025-02-27,2025-03-10,2025-03-10,11,12000,132000,24000,Partial,OP1013,Completed,0
RNT100762,EQX1105,CUST1017,SITE107,Harbor Expansion,Chennai,2025-01-10,2025-01-13,2025-01-13,3,12000,36000,24000,Paid,OP1026,Completed,0
RNT100763,EQX1175,CUST1086,SITE111,Industrial Park,Madurai,2025-01-11,2025-01-22,2025-01-22,11,25000,275000,50000,Paid,OP1088,Completed,0
RNT100764,EQX1265,CUST1074,SITE129,Residential Township,Mysore,2025-04-15,2025-05-07,2025-05-15,22,22000,660000,44000,Paid,OP1012,Overdue,8
RNT100765,EQX1224,CUST1027,SITE128,River Embankment,Hyderabad,2025-01-25,2025-02-01,2025-02-08,7,22000,308000,44000,Pending,OP1064,Overdue,7
RNT100766,EQX1240,CUST1075,SITE125,Smart City Zone,Bangalore,2025-02-27,2025-03-27,2025-03-27,28,22000,616000,44000,Paid,OP1153,Completed,0
RNT100767,EQX1238,CUST1035,SITE110,Industrial Park,Coimbatore,2025-06-11,2025-06-21,2025-06-21,10,12000,120000,24000,Paid,OP1048,Completed,0
RNT100768,EQX1140,CUST1083,SITE112,Industrial Park,Salem,2025-04-06,2025-04-19,2025-04-19,13,12000,156000,24000,Paid,OP1088,Completed,0
RNT100769,EQX1177,CUST1035,SITE111,Harbor Expansion,Bangalore,2025-05-27,2025-06-11,2025-06-11,15,25000,375000,50000,Paid,OP1122,Completed,0
RNT100770,EQX1117,CUST1004,SITE130,Airport Extension,Chennai,2025-01-14,2025-02-12,2025-02-12,29,18000,522000,36000,Paid,OP1124,Completed,0
RNT100771,EQX1146,CUST1117,SITE116,River Embankment,Trichy,2025-06-21,2025-06-27,2025-06-27,6,18000,108000,36000,Paid,OP1178,Completed,0
RNT100772,EQX1060,CUST1079,SITE106,IT Park,Chennai,2025-01-20,2025-02-13,2025-02-13,24,25000,600000,50000,Paid,OP1011,Completed,0
RNT100773,EQX1128,CUST1018,SITE115,Residential Township,Trichy,2025-01-21,2025-02-04,2025-02-04,14,30000,420000,60000,Partial,OP1111,Completed,0
RNT100774,EQX1164,CUST1085,SITE115,Highway Expansion,Bangalore,2025-02-18,2025-03-17,2025-03-23,27,30000,990000,60000,Pending,OP1170,Overdue,6
RNT100775,EQX1299,CUST1070,SITE116,Highway Expansion,Madurai,2025-02-05,2025-03-04,2025-03-04,27,24000,648000,48000,Paid,OP1135,Completed,0
RNT100776,EQX1277,CUST1094,SITE123,Metro Rail Project,Chennai,2025-02-01,2025-02-04,2025-02-04,3,12000,36000,24000,Paid,OP1148,Completed,0
RNT100777,EQX1271,CUST1031,SITE109,Highway Expansion,Hyderabad,2025-06-17,2025-06-30,2025-07-07,13,12000,240000,24000,Paid,OP1100,Overdue,7
RNT100778,EQX1218,CUST1034,SITE103,Mining Site,Chennai,2025-05-26,2025-06-22,2025-06-22,27,12000,324000,24000,Pending,OP1172,Completed,0
RNT100779,EQX1215,CUST1051,SITE110,Mining Site,Coimbatore,2025-03-27,2025-04-14,2025-04-14,18,12000,216000,24000,Pending,OP1120,Completed,0
RNT100780,EQX1085,CUST1099,SITE116,IT Park,Mysore,2025-05-19,2025-05-29,2025-05-29,10,24000,240000,48000,Paid,OP1135,Completed,0
RNT100781,EQX1053,CUST1062,SITE124,Solar Power Plant,Madurai,2025-04-12,2025-05-05,2025-05-12,23,18000,540000,36000,Paid,OP1144,Overdue,7
RNT100782,EQX1298,CUST1051,SITE105,Airport Extension,Hyderabad,2025-02-07,2025-02-22,2025-02-22,15,22000,330000,44000,Paid,OP1188,Completed,0
RNT100783,EQX1166,CUST1013,SITE106,Metro Rail Project,Mysore,2025-05-04,2025-05-27,2025-05-27,23,22000,506000,44000,Pending,OP1130,Completed,0
RNT100784,EQX1236,CUST1068,SITE109,Bridge Construction,Madurai,2025-03-06,2025-03-19,2025-03-19,13,18000,234000,36000,Paid,OP1139,Completed,0
RNT100785,EQX1145,CUST1044,SITE122,IT Park,Chennai,2025-03-21,2025-03-26,2025-03-26,5,24000,120000,48000,Paid,OP1169,Completed,0
RNT100786,EQX1014,CUST1010,SITE104,Harbor Expansion,Mysore,2025-03-05,2025-03-25,2025-03-25,20,12000,240000,24000,Paid,OP1145,Completed,0
RNT100787,EQX1096,CUST1103,SITE122,Mining Site,Salem,2025-06-10,2025-06-17,2025-06-26,7,25000,400000,50000,Paid,OP1104,Overdue,9
RNT100788,EQX1289,CUST1032,SITE113,IT Park,Hyderabad,2025-05-28,2025-06-06,2025-06-06,9,24000,216000,48000,Paid,OP1058,Completed,0
RNT100789,EQX1122,CUST1103,SITE107,Harbor Expansion,Mysore,2025-02-25,2025-03-06,2025-03-06,9,18000,162000,36000,Paid,OP1004,Completed,0
RNT100790,EQX1093,CUST1073,SITE125,Smart City Zone,Chennai,2025-05-25,2025-06-13,2025-06-13,19,25000,475000,50000,Paid,OP1099,Completed,0
RNT100791,EQX1166,CUST1067,SITE127,Mining Site,Madurai,2025-01-31,2025-02-09,2025-02-14,9,22000,308000,44000,Pending,OP1175,Overdue,5
RNT100792,EQX1206,CUST1090,SITE109,Mining Site,Salem,2025-06-01,2025-06-16,2025-06-16,15,22000,330000,44000,Paid,OP1061,Completed,0
RNT100793,EQX1210,CUST1044,SITE106,Metro Rail Project,Hyderabad,2025-01-03,2025-01-26,2025-01-26,23,30000,690000,60000,Paid,OP1148,Completed,0
RNT100794,EQX1130,CUST1052,SITE123,IT Park,Salem,2025-03-28,2025-04-12,2025-04-12,15,25000,375000,50000,Partial,OP1196,Completed,0
RNT100795,EQX1197,CUST1108,SITE112,Residential Township,Salem,2025-05-29,2025-06-11,2025-06-11,13,25000,325000,50000,Pending,OP1188,Completed,0
RNT100796,EQX1044,CUST1082,SITE125,Solar Power Plant,Chennai,2025-02-21,2025-03-04,2025-03-04,11,24000,264000,48000,Paid,OP1167,Completed,0
RNT100797,EQX1176,CUST1023,SITE125,Airport Extension,Madurai,2025-06-13,2025-06-27,2025-06-27,14,30000,420000,60000,Paid,OP1022,Completed,0
RNT100798,EQX1098,CUST1065,SITE108,Residential Township,Madurai,2025-06-06,2025-06-09,2025-06-12,3,30000,180000,60000,Paid,OP1029,Overdue,3
RNT100799,EQX1012,CUST1106,SITE128,Metro Rail Project,Madurai,2025-03-31,2025-04-04,2025-04-04,4,30000,120000,60000,Paid,OP1171,Completed,0
RNT100800,EQX1286,CUST1080,SITE118,Mining Site,Salem,2025-01-07,2025-01-09,2025-01-09,2,18000,36000,36000,Partial,OP1130,Completed,0
RNT100801,EQX1110,CUST1078,SITE116,Metro Rail Project,Trichy,2025-03-06,2025-03-25,2025-03-25,19,12000,228000,24000,Paid,OP1193,Completed,0
RNT100802,EQX1242,CUST1118,SITE121,Harbor Expansion,Trichy,2025-03-07,2025-03-19,2025-03-19,12,25000,300000,50000,Paid,OP1185,Completed,0
RNT100803,EQX1183,CUST1020,SITE101,Airport Extension,Hyderabad,2025-02-24,2025-03-06,2025-03-06,10,12000,120000,24000,Pending,OP1163,Completed,0
RNT100804,EQX1252,CUST1079,SITE111,Highway Expansion,Mysore,2025-03-09,2025-04-04,2025-04-04,26,18000,468000,36000,Paid,OP1104,Completed,0
RNT100805,EQX1273,CUST1060,SITE127,Solar Power Plant,Hyderabad,2025-02-27,2025-03-06,2025-03-06,7,18000,126000,36000,Paid,OP1117,Completed,0
RNT100806,EQX1284,CUST1046,SITE121,River Embankment,Salem,2025-01-11,2025-01-22,2025-01-22,11,18000,198000,36000,Paid,OP1076,Completed,0
RNT100807,EQX1226,CUST1041,SITE112,Residential Township,Coimbatore,2025-05-20,2025-06-16,2025-06-16,27,24000,648000,48000,Pending,OP1086,Completed,0
RNT100808,EQX1160,CUST1117,SITE103,Harbor Expansion,Coimbatore,2025-04-25,2025-05-16,2025-05-16,21,18000,378000,36000,Paid,OP1187,Completed,0
RNT100809,EQX1256,CUST1093,SITE130,Solar Power Plant,Madurai,2025-01-24,2025-01-28,2025-01-28,4,12000,48000,24000,Pending,OP1076,Completed,0
RNT100810,EQX1235,CUST1022,SITE119,Highway Expansion,Hyderabad,2025-06-19,2025-06-28,2025-06-28,9,24000,216000,48000,Paid,OP1140,Completed,0
RNT100811,EQX1214,CUST1041,SITE115,Solar Power Plant,Hyderabad,2025-03-31,2025-04-14,2025-04-14,14,24000,336000,48000,Paid,OP1054,Completed,0
RNT100812,EQX1234,CUST1113,SITE109,Airport Extension,Salem,2025-02-24,2025-03-02,2025-03-02,6,22000,132000,44000,Paid,OP1043,Completed,0
RNT100813,EQX1110,CUST1088,SITE104,IT Park,Bangalore,2025-04-04,2025-04-06,2025-04-06,2,12000,24000,24000,Paid,OP1107,Completed,0
RNT100814,EQX1299,CUST1113,SITE130,Residential Township,Bangalore,2025-06-22,2025-06-26,2025-06-26,4,24000,96000,48000,Pending,OP1133,Completed,0
RNT100815,EQX1285,CUST1102,SITE115,Smart City Zone,Mysore,2025-03-29,2025-04-11,2025-04-11,13,30000,390000,60000,Partial,OP1065,Completed,0
RNT100816,EQX1028,CUST1070,SITE101,Mining Site,Bangalore,2025-03-11,2025-04-05,2025-04-05,25,12000,300000,24000,Paid,OP1198,Completed,0
RNT100817,EQX1181,CUST1116,SITE109,Highway Expansion,Trichy,2025-04-20,2025-05-18,2025-05-18,28,22000,616000,44000,Paid,OP1045,Completed,0
RNT100818,EQX1069,CUST1054,SITE122,Smart City Zone,Mysore,2025-05-19,2025-05-24,2025-05-24,5,25000,125000,50000,Partial,OP1101,Completed,0
RNT100819,EQX1198,CUST1017,SITE128,Solar Power Plant,Chennai,2025-06-21,2025-07-13,2025-07-23,22,24000,768000,48000,Paid,OP1166,Overdue,10
RNT100820,EQX1027,CUST1091,SITE113,Residential Township,Mysore,2025-03-12,2025-03-26,2025-04-04,14,25000,575000,50000,Paid,OP1194,Overdue,9
RNT100821,EQX1082,CUST1107,SITE123,Airport Extension,Mysore,2025-05-16,2025-06-05,2025-06-05,20,12000,240000,24000,Paid,OP1035,Completed,0
RNT100822,EQX1294,CUST1017,SITE106,Smart City Zone,Salem,2025-05-27,2025-06-18,2025-06-18,22,22000,484000,44000,Paid,OP1070,Completed,0
RNT100823,EQX1050,CUST1104,SITE109,River Embankment,Mysore,2025-04-18,2025-05-06,2025-05-08,18,18000,360000,36000,Pending,OP1039,Overdue,2
RNT100824,EQX1267,CUST1083,SITE124,Highway Expansion,Trichy,2025-01-19,2025-02-16,2025-02-16,28,30000,840000,60000,Pending,OP1069,Completed,0
RNT100825,EQX1066,CUST1030,SITE116,IT Park,Hyderabad,2025-06-10,2025-06-25,2025-06-25,15,30000,450000,60000,Paid,OP1177,Completed,0
RNT100826,EQX1036,CUST1084,SITE124,River Embankment,Bangalore,2025-03-09,2025-03-20,2025-03-20,11,24000,264000,48000,Pending,OP1063,Completed,0
RNT100827,EQX1120,CUST1055,SITE122,River Embankment,Hyderabad,2025-03-25,2025-04-10,2025-04-12,16,22000,396000,44000,Paid,OP1150,Overdue,2
RNT100828,EQX1076,CUST1115,SITE113,Smart City Zone,Salem,2025-06-27,2025-07-06,2025-07-14,9,25000,425000,50000,Paid,OP1042,Overdue,8
RNT100829,EQX1295,CUST1074,SITE103,Solar Power Plant,Bangalore,2025-01-02,2025-01-31,2025-01-31,29,12000,348000,24000,Paid,OP1157,Completed,0
RNT100830,EQX1059,CUST1099,SITE126,Harbor Expansion,Mysore,2025-05-20,2025-05-25,2025-05-25,5,24000,120000,48000,Pending,OP1067,Completed,0
RNT100831,EQX1008,CUST1039,SITE122,Solar Power Plant,Coimbatore,2025-05-30,2025-06-23,2025-06-23,24,30000,720000,60000,Partial,OP1199,Completed,0
RNT100832,EQX1111,CUST1112,SITE102,IT Park,Madurai,2025-01-14,2025-02-01,2025-02-01,18,22000,396000,44000,Paid,OP1198,Completed,0
RNT100833,EQX1061,CUST1084,SITE116,Mining Site,Mysore,2025-04-23,2025-05-16,2025-05-21,23,24000,672000,48000,Paid,OP1155,Overdue,5
RNT100834,EQX1019,CUST1117,SITE130,Bridge Construction,Madurai,2025-06-28,2025-07-11,2025-07-11,13,25000,325000,50000,Paid,OP1181,Completed,0
RNT100835,EQX1198,CUST1062,SITE120,Industrial Park,Bangalore,2025-06-05,2025-06-22,2025-06-22,17,24000,408000,48000,Paid,OP1016,Completed,0
RNT100836,EQX1125,CUST1036,SITE110,Solar Power Plant,Chennai,2025-04-01,2025-04-10,2025-04-10,9,25000,225000,50000,Paid,OP1023,Completed,0
RNT100837,EQX1242,CUST1028,SITE122,Industrial Park,Hyderabad,2025-04-26,2025-05-07,2025-05-11,11,25000,375000,50000,Paid,OP1018,Overdue,4
RNT100838,EQX1095,CUST1024,SITE116,River Embankment,Coimbatore,2025-04-17,2025-04-28,2025-04-28,11,18000,198000,36000,Paid,OP1126,Completed,0
RNT100839,EQX1285,CUST1017,SITE122,Airport Extension,Trichy,2025-03-02,2025-03-18,2025-03-18,16,30000,480000,60000,Paid,OP1043,Completed,0
RNT100840,EQX1096,CUST1104,SITE128,Industrial Park,Trichy,2025-01-22,2025-02-06,2025-02-06,15,25000,375000,50000,Partial,OP1118,Completed,0
RNT100841,EQX1117,CUST1057,SITE121,Harbor Expansion,Mysore,2025-01-30,2025-02-10,2025-02-10,11,18000,198000,36000,Paid,OP1124,Completed,0
RNT100842,EQX1251,CUST1046,SITE101,Highway Expansion,Mysore,2025-01-10,2025-01-23,2025-01-23,13,24000,312000,48000,Paid,OP1116,Completed,0
RNT100843,EQX1230,CUST1080,SITE112,Industrial Park,Madurai,2025-02-23,2025-03-21,2025-03-21,26,18000,468000,36000,Paid,OP1124,Completed,0
RNT100844,EQX1267,CUST1025,SITE127,Harbor Expansion,Coimbatore,2025-04-04,2025-05-03,2025-05-03,29,30000,870000,60000,Pending,OP1168,Completed,0
RNT100845,EQX1032,CUST1092,SITE109,Mining Site,Bangalore,2025-06-21,2025-06-27,2025-06-27,6,24000,144000,48000,Pending,OP1048,Completed,0
RNT100846,EQX1028,CUST1051,SITE113,Industrial Park,Hyderabad,2025-02-25,2025-03-13,2025-03-13,16,12000,192000,24000,Partial,OP1089,Completed,0
RNT100847,EQX1057,CUST1030,SITE121,Bridge Construction,Bangalore,2025-05-30,2025-06-14,2025-06-14,15,22000,330000,44000,Paid,OP1009,Completed,0
RNT100848,EQX1179,CUST1010,SITE122,Residential Township,Coimbatore,2025-06-28,2025-07-28,2025-08-07,30,25000,1000000,50000,Paid,OP1052,Overdue,10
RNT100849,EQX1153,CUST1103,SITE121,Bridge Construction,Hyderabad,2025-05-22,2025-05-24,2025-06-02,2,24000,264000,48000,Paid,OP1021,Overdue,9
RNT100850,EQX1200,CUST1120,SITE105,Residential Township,Madurai,2025-02-04,2025-02-28,2025-02-28,24,18000,432000,36000,Partial,OP1060,Completed,0
RNT100851,EQX1028,CUST1029,SITE125,River Embankment,Trichy,2025-02-22,2025-02-26,2025-02-26,4,12000,48000,24000,Partial,OP1103,Completed,0
RNT100852,EQX1150,CUST1016,SITE120,River Embankment,Trichy,2025-01-08,2025-01-25,2025-01-25,17,18000,306000,36000,Pending,OP1138,Completed,0
RNT100853,EQX1075,CUST1037,SITE119,Airport Extension,Mysore,2025-03-15,2025-03-22,2025-03-22,7,18000,126000,36000,Pending,OP1064,Completed,0
RNT100854,EQX1262,CUST1067,SITE114,Metro Rail Project,Salem,2025-06-26,2025-06-30,2025-06-30,4,25000,100000,50000,Partial,OP1180,Completed,0
RNT100855,EQX1165,CUST1104,SITE125,Smart City Zone,Chennai,2025-02-17,2025-03-01,2025-03-09,12,25000,500000,50000,Paid,OP1025,Overdue,8
RNT100856,EQX1233,CUST1062,SITE106,Metro Rail Project,Madurai,2025-04-03,2025-04-17,2025-04-17,14,30000,420000,60000,Paid,OP1143,Completed,0
RNT100857,EQX1079,CUST1101,SITE111,Industrial Park,Chennai,2025-02-21,2025-03-13,2025-03-13,20,12000,240000,24000,Paid,OP1089,Completed,0
RNT100858,EQX1167,CUST1071,SITE113,River Embankment,Chennai,2025-01-31,2025-02-20,2025-02-20,20,24000,480000,48000,Paid,OP1063,Completed,0
RNT100859,EQX1179,CUST1090,SITE111,Harbor Expansion,Salem,2025-05-21,2025-06-02,2025-06-03,12,25000,325000,50000,Paid,OP1110,Overdue,1
RNT100860,EQX1244,CUST1073,SITE113,Solar Power Plant,Madurai,2025-03-07,2025-03-16,2025-03-16,9,30000,270000,60000,Partial,OP1158,Completed,0
RNT100861,EQX1131,CUST1078,SITE127,Metro Rail Project,Hyderabad,2025-04-21,2025-04-29,2025-04-29,8,22000,176000,44000,Paid,OP1096,Completed,0
RNT100862,EQX1235,CUST1068,SITE103,Harbor Expansion,Chennai,2025-03-05,2025-03-23,2025-03-29,18,24000,576000,48000,Paid,OP1190,Overdue,6
RNT100863,EQX1038,CUST1032,SITE121,Smart City Zone,Salem,2025-01-04,2025-01-21,2025-01-21,17,18000,306000,36000,Paid,OP1068,Completed,0
RNT100864,EQX1107,CUST1038,SITE128,Airport Extension,Bangalore,2025-05-30,2025-06-23,2025-06-23,24,30000,720000,60000,Paid,OP1122,Completed,0
RNT100865,EQX1119,CUST1019,SITE125,Airport Extension,Coimbatore,2025-01-28,2025-02-02,2025-02-02,5,22000,110000,44000,Paid,OP1178,Completed,0
RNT100866,EQX1209,CUST1110,SITE107,Highway Expansion,Mysore,2025-04-12,2025-04-28,2025-04-28,16,18000,288000,36000,Paid,OP1057,Completed,0
RNT100867,EQX1125,CUST1060,SITE108,Airport Extension,Madurai,2025-05-20,2025-05-31,2025-06-02,11,25000,325000,50000,Paid,OP1029,Overdue,2
RNT100868,EQX1277,CUST1035,SITE115,Metro Rail Project,Bangalore,2025-06-26,2025-07-16,2025-07-16,20,12000,240000,24000,Partial,OP1066,Completed,0
RNT100869,EQX1274,CUST1039,SITE127,Residential Township,Hyderabad,2025-06-13,2025-07-06,2025-07-11,23,30000,840000,60000,Partial,OP1074,Overdue,5
RNT100870,EQX1016,CUST1079,SITE121,Airport Extension,Madurai,2025-05-24,2025-06-16,2025-06-16,23,24000,552000,48000,Pending,OP1168,Completed,0
RNT100871,EQX1248,CUST1118,SITE130,Smart City Zone,Madurai,2025-05-08,2025-05-24,2025-05-24,16,30000,480000,60000,Paid,OP1063,Completed,0
RNT100872,EQX1274,CUST1111,SITE120,IT Park,Madurai,2025-06-08,2025-06-18,2025-06-18,10,30000,300000,60000,Paid,OP1173,Completed,0
RNT100873,EQX1113,CUST1073,SITE104,Smart City Zone,Mysore,2025-01-11,2025-01-19,2025-01-19,8,30000,240000,60000,Pending,OP1138,Completed,0
RNT100874,EQX1023,CUST1010,SITE112,Bridge Construction,Bangalore,2025-06-12,2025-06-14,2025-06-14,2,24000,48000,48000,Paid,OP1132,Completed,0
RNT100875,EQX1209,CUST1013,SITE126,Bridge Construction,Mysore,2025-01-11,2025-02-04,2025-02-04,24,18000,432000,36000,Pending,OP1113,Completed,0
RNT100876,EQX1225,CUST1101,SITE110,Bridge Construction,Trichy,2025-05-08,2025-05-24,2025-05-24,16,22000,352000,44000,Pending,OP1157,Completed,0
RNT100877,EQX1024,CUST1021,SITE124,River Embankment,Hyderabad,2025-02-15,2025-03-13,2025-03-17,26,25000,750000,50000,Pending,OP1018,Overdue,4
RNT100878,EQX1086,CUST1011,SITE108,Smart City Zone,Chennai,2025-01-21,2025-01-29,2025-01-29,8,18000,144000,36000,Paid,OP1028,Completed,0
RNT100879,EQX1129,CUST1014,SITE103,Smart City Zone,Bangalore,2025-06-02,2025-06-11,2025-06-11,9,24000,216000,48000,Paid,OP1032,Completed,0
RNT100880,EQX1203,CUST1076,SITE129,Metro Rail Project,Coimbatore,2025-01-03,2025-01-18,2025-01-18,15,22000,330000,44000,Paid,OP1125,Completed,0
RNT100881,EQX1190,CUST1052,SITE106,Bridge Construction,Madurai,2025-03-29,2025-04-10,2025-04-10,12,25000,300000,50000,Paid,OP1166,Completed,0
RNT100882,EQX1245,CUST1070,SITE116,Airport Extension,Coimbatore,2025-06-18,2025-06-23,2025-06-23,5,25000,125000,50000,Paid,OP1174,Completed,0
RNT100883,EQX1150,CUST1057,SITE128,Solar Power Plant,Coimbatore,2025-05-07,2025-05-23,2025-05-23,16,18000,288000,36000,Pending,OP1006,Completed,0
RNT100884,EQX1027,CUST1101,SITE105,Bridge Construction,Mysore,2025-02-22,2025-02-28,2025-02-28,6,25000,150000,50000,Paid,OP1187,Completed,0
RNT100885,EQX1115,CUST1085,SITE121,Mining Site,Madurai,2025-06-03,2025-06-26,2025-06-26,23,18000,414000,36000,Paid,OP1031,Completed,0
RNT100886,EQX1012,CUST1017,SITE117,Harbor Expansion,Coimbatore,2025-06-15,2025-07-02,2025-07-02,17,30000,510000,60000,Partial,OP1081,Completed,0
RNT100887,EQX1013,CUST1088,SITE122,Harbor Expansion,Mysore,2025-06-20,2025-07-18,2025-07-18,28,18000,504000,36000,Partial,OP1098,Completed,0
RNT100888,EQX1219,CUST1068,SITE125,Industrial Park,Chennai,2025-05-10,2025-05-25,2025-05-30,15,18000,360000,36000,Paid,OP1049,Overdue,5
RNT100889,EQX1049,CUST1100,SITE121,Airport Extension,Coimbatore,2025-03-31,2025-04-18,2025-04-18,18,12000,216000,24000,Paid,OP1198,Completed,0
RNT100890,EQX1183,CUST1109,SITE113,River Embankment,Bangalore,2025-06-05,2025-06-21,2025-06-21,16,12000,192000,24000,Paid,OP1071,Completed,0
RNT100891,EQX1240,CUST1051,SITE116,River Embankment,Chennai,2025-04-07,2025-05-01,2025-05-01,24,22000,528000,44000,Paid,OP1095,Completed,0
RNT100892,EQX1117,CUST1064,SITE104,Harbor Expansion,Mysore,2025-06-28,2025-07-26,2025-07-26,28,18000,504000,36000,Paid,OP1149,Completed,0
RNT100893,EQX1020,CUST1034,SITE124,Harbor Expansion,Hyderabad,2025-03-30,2025-04-25,2025-05-02,26,30000,990000,60000,Paid,OP1003,Overdue,7
RNT100894,EQX1037,CUST1001,SITE120,Airport Extension,Chennai,2025-01-18,2025-02-05,2025-02-10,18,25000,575000,50000,Paid,OP1175,Overdue,5
RNT100895,EQX1138,CUST1017,SITE111,Airport Extension,Bangalore,2025-01-17,2025-01-26,2025-01-26,9,22000,198000,44000,Paid,OP1186,Completed,0
RNT100896,EQX1194,CUST1046,SITE130,Industrial Park,Coimbatore,2025-04-20,2025-05-02,2025-05-02,12,12000,144000,24000,Paid,OP1070,Completed,0
RNT100897,EQX1138,CUST1015,SITE112,Metro Rail Project,Hyderabad,2025-03-05,2025-03-28,2025-03-28,23,22000,506000,44000,Paid,OP1013,Completed,0
RNT100898,EQX1162,CUST1070,SITE117,Smart City Zone,Hyderabad,2025-03-20,2025-04-14,2025-04-14,25,25000,625000,50000,Paid,OP1186,Completed,0
RNT100899,EQX1254,CUST1114,SITE127,Residential Township,Trichy,2025-06-10,2025-07-09,2025-07-09,29,18000,522000,36000,Partial,OP1090,Completed,0
RNT100900,EQX1282,CUST1037,SITE121,Mining Site,Trichy,2025-02-27,2025-03-11,2025-03-11,12,18000,216000,36000,Paid,OP1126,Completed,0
RNT100901,EQX1269,CUST1033,SITE111,Residential Township,Bangalore,2025-01-05,2025-01-08,2025-01-08,3,12000,36000,24000,Paid,OP1064,Completed,0
RNT100902,EQX1249,CUST1006,SITE125,Mining Site,Trichy,2025-05-13,2025-05-30,2025-05-30,17,18000,306000,36000,Paid,OP1097,Completed,0
RNT100903,EQX1036,CUST1084,SITE103,Harbor Expansion,Chennai,2025-02-14,2025-03-08,2025-03-08,22,24000,528000,48000,Pending,OP1095,Completed,0
RNT100904,EQX1288,CUST1039,SITE116,Bridge Construction,Trichy,2025-04-05,2025-05-05,2025-05-05,30,24000,720000,48000,Paid,OP1056,Completed,0
RNT100905,EQX1045,CUST1072,SITE119,Highway Expansion,Hyderabad,2025-04-03,2025-04-15,2025-04-15,12,25000,300000,50000,Pending,OP1050,Completed,0
RNT100906,EQX1038,CUST1082,SITE117,Smart City Zone,Mysore,2025-02-19,2025-03-04,2025-03-04,13,18000,234000,36000,Paid,OP1051,Completed,0
RNT100907,EQX1157,CUST1027,SITE130,Smart City Zone,Hyderabad,2025-01-28,2025-02-22,2025-02-22,25,30000,750000,60000,Paid,OP1018,Completed,0
RNT100908,EQX1127,CUST1032,SITE108,Solar Power Plant,Hyderabad,2025-04-28,2025-05-23,2025-05-27,25,24000,696000,48000,Paid,OP1085,Overdue,4
RNT100909,EQX1123,CUST1024,SITE105,Mining Site,Coimbatore,2025-03-29,2025-04-03,2025-04-10,5,12000,144000,24000,Paid,OP1194,Overdue,7
RNT100910,EQX1151,CUST1050,SITE108,Metro Rail Project,Salem,2025-04-17,2025-05-04,2025-05-04,17,18000,306000,36000,Paid,OP1168,Completed,0
RNT100911,EQX1074,CUST1029,SITE115,Harbor Expansion,Trichy,2025-01-17,2025-02-15,2025-02-15,29,12000,348000,24000,Paid,OP1089,Completed,0
RNT100912,EQX1025,CUST1068,SITE122,Industrial Park,Salem,2025-03-21,2025-04-16,2025-04-16,26,30000,780000,60000,Pending,OP1021,Completed,0
RNT100913,EQX1215,CUST1090,SITE115,Mining Site,Chennai,2025-03-06,2025-03-16,2025-03-16,10,12000,120000,24000,Pending,OP1187,Completed,0
RNT100914,EQX1031,CUST1036,SITE116,River Embankment,Bangalore,2025-03-12,2025-03-29,2025-03-29,17,18000,306000,36000,Paid,OP1195,Completed,0
RNT100915,EQX1099,CUST1092,SITE103,Mining Site,Mysore,2025-02-12,2025-02-21,2025-02-21,9,22000,198000,44000,Pending,OP1106,Completed,0
RNT100916,EQX1268,CUST1052,SITE119,Airport Extension,Coimbatore,2025-03-06,2025-03-15,2025-03-15,9,22000,198000,44000,Pending,OP1161,Completed,0
RNT100917,EQX1036,CUST1003,SITE125,Airport Extension,Trichy,2025-03-17,2025-03-30,2025-03-30,13,24000,312000,48000,Paid,OP1161,Completed,0
RNT100918,EQX1269,CUST1095,SITE109,Highway Expansion,Coimbatore,2025-01-11,2025-01-15,2025-01-23,4,12000,144000,24000,Partial,OP1070,Overdue,8
RNT100919,EQX1226,CUST1111,SITE114,River Embankment,Bangalore,2025-02-26,2025-03-23,2025-03-23,25,24000,600000,48000,Pending,OP1154,Completed,0
RNT100920,EQX1040,CUST1060,SITE110,Industrial Park,Salem,2025-01-06,2025-02-04,2025-02-04,29,12000,348000,24000,Pending,OP1030,Completed,0
RNT100921,EQX1041,CUST1023,SITE121,Metro Rail Project,Salem,2025-06-01,2025-06-26,2025-06-26,25,24000,600000,48000,Paid,OP1043,Completed,0
RNT100922,EQX1300,CUST1088,SITE125,Highway Expansion,Salem,2025-05-16,2025-06-04,2025-06-04,19,24000,456000,48000,Paid,OP1087,Completed,0
RNT100923,EQX1039,CUST1002,SITE104,Metro Rail Project,Salem,2025-05-16,2025-05-26,2025-05-26,10,18000,180000,36000,Paid,OP1108,Completed,0
RNT100924,EQX1001,CUST1065,SITE118,Residential Township,Madurai,2025-06-26,2025-07-21,2025-07-21,25,12000,300000,24000,Paid,OP1133,Completed,0
RNT100925,EQX1297,CUST1034,SITE130,Highway Expansion,Bangalore,2025-05-10,2025-05-23,2025-05-23,13,12000,156000,24000,Paid,OP1141,Completed,0
RNT100926,EQX1226,CUST1040,SITE108,Metro Rail Project,Salem,2025-01-03,2025-01-15,2025-01-15,12,24000,288000,48000,Partial,OP1092,Completed,0
RNT100927,EQX1133,CUST1026,SITE111,Metro Rail Project,Coimbatore,2025-04-16,2025-05-02,2025-05-02,16,30000,480000,60000,Paid,OP1056,Completed,0
RNT100928,EQX1295,CUST1083,SITE101,Metro Rail Project,Mysore,2025-06-23,2025-07-07,2025-07-07,14,12000,168000,24000,Paid,OP1135,Completed,0
RNT100929,EQX1135,CUST1051,SITE104,River Embankment,Salem,2025-03-24,2025-04-10,2025-04-10,17,24000,408000,48000,Paid,OP1034,Completed,0
RNT100930,EQX1156,CUST1009,SITE115,IT Park,Mysore,2025-01-30,2025-02-20,2025-02-20,21,30000,630000,60000,Paid,OP1200,Completed,0
RNT100931,EQX1125,CUST1108,SITE104,Mining Site,Trichy,2025-01-09,2025-01-15,2025-01-15,6,25000,150000,50000,Paid,OP1050,Completed,0
RNT100932,EQX1213,CUST1091,SITE117,Bridge Construction,Madurai,2025-04-14,2025-05-02,2025-05-11,18,12000,324000,24000,Partial,OP1152,Overdue,9
RNT100933,EQX1223,CUST1018,SITE127,Bridge Construction,Salem,2025-06-30,2025-07-24,2025-07-24,24,30000,720000,60000,Paid,OP1160,Completed,0
RNT100934,EQX1206,CUST1022,SITE111,Industrial Park,Trichy,2025-02-06,2025-02-11,2025-02-11,5,22000,110000,44000,Paid,OP1113,Completed,0
RNT100935,EQX1257,CUST1109,SITE123,Bridge Construction,Salem,2025-03-16,2025-03-20,2025-03-20,4,24000,96000,48000,Paid,OP1095,Completed,0
RNT100936,EQX1217,CUST1112,SITE126,Solar Power Plant,Mysore,2025-01-30,2025-02-28,2025-02-28,29,18000,522000,36000,Partial,OP1115,Completed,0
RNT100937,EQX1087,CUST1080,SITE127,Harbor Expansion,Bangalore,2025-01-10,2025-01-23,2025-01-23,13,25000,325000,50000,Paid,OP1085,Completed,0
RNT100938,EQX1186,CUST1120,SITE108,Smart City Zone,Hyderabad,2025-02-03,2025-02-24,2025-02-24,21,25000,525000,50000,Partial,OP1131,Completed,0
RNT100939,EQX1147,CUST1016,SITE102,Residential Township,Coimbatore,2025-05-31,2025-06-20,2025-06-20,20,22000,440000,44000,Paid,OP1191,Completed,0
RNT100940,EQX1048,CUST1074,SITE105,IT Park,Bangalore,2025-01-09,2025-01-18,2025-01-18,9,30000,270000,60000,Paid,OP1107,Completed,0
RNT100941,EQX1099,CUST1120,SITE113,Mining Site,Bangalore,2025-06-11,2025-06-27,2025-06-27,16,22000,352000,44000,Paid,OP1033,Completed,0
RNT100942,EQX1287,CUST1120,SITE121,IT Park,Chennai,2025-04-07,2025-04-14,2025-04-14,7,12000,84000,24000,Partial,OP1148,Completed,0
RNT100943,EQX1168,CUST1089,SITE111,Mining Site,Coimbatore,2025-02-24,2025-02-28,2025-02-28,4,25000,100000,50000,Paid,OP1046,Completed,0
RNT100944,EQX1155,CUST1076,SITE119,Bridge Construction,Coimbatore,2025-04-14,2025-05-05,2025-05-06,21,18000,396000,36000,Paid,OP1021,Overdue,1
RNT100945,EQX1230,CUST1012,SITE111,Harbor Expansion,Coimbatore,2025-01-29,2025-02-06,2025-02-06,8,18000,144000,36000,Paid,OP1015,Completed,0
RNT100946,EQX1196,CUST1090,SITE111,IT Park,Bangalore,2025-01-03,2025-01-19,2025-01-27,16,22000,528000,44000,Paid,OP1016,Overdue,8
RNT100947,EQX1207,CUST1005,SITE112,Solar Power Plant,Salem,2025-03-12,2025-03-20,2025-03-20,8,30000,240000,60000,Pending,OP1104,Completed,0
RNT100948,EQX1179,CUST1095,SITE127,IT Park,Salem,2025-01-14,2025-02-07,2025-02-07,24,25000,600000,50000,Pending,OP1048,Completed,0
RNT100949,EQX1283,CUST1084,SITE107,Metro Rail Project,Salem,2025-05-01,2025-05-17,2025-05-17,16,24000,384000,48000,Paid,OP1173,Completed,0
RNT100950,EQX1163,CUST1032,SITE101,River Embankment,Bangalore,2025-01-12,2025-02-01,2025-02-01,20,25000,500000,50000,Paid,OP1134,Completed,0
RNT100951,EQX1163,CUST1096,SITE110,Smart City Zone,Trichy,2025-04-09,2025-04-15,2025-04-15,6,25000,150000,50000,Paid,OP1057,Completed,0
RNT100952,EQX1155,CUST1019,SITE110,Solar Power Plant,Madurai,2025-04-06,2025-05-03,2025-05-03,27,18000,486000,36000,Paid,OP1155,Completed,0
RNT100953,EQX1068,CUST1013,SITE105,River Embankment,Coimbatore,2025-01-30,2025-02-20,2025-02-26,21,18000,486000,36000,Paid,OP1086,Overdue,6
RNT100954,EQX1201,CUST1069,SITE119,Residential Township,Hyderabad,2025-04-27,2025-05-10,2025-05-10,13,18000,234000,36000,Partial,OP1170,Completed,0
RNT100955,EQX1254,CUST1006,SITE130,Smart City Zone,Bangalore,2025-03-29,2025-04-28,2025-04-28,30,18000,540000,36000,Paid,OP1007,Completed,0
RNT100956,EQX1087,CUST1092,SITE111,Smart City Zone,Trichy,2025-02-05,2025-02-17,2025-02-27,12,25000,550000,50000,Paid,OP1112,Overdue,10
RNT100957,EQX1271,CUST1109,SITE102,Solar Power Plant,Madurai,2025-06-20,2025-07-05,2025-07-05,15,12000,180000,24000,Paid,OP1010,Completed,0
RNT100958,EQX1217,CUST1089,SITE118,Mining Site,Coimbatore,2025-01-28,2025-01-30,2025-01-30,2,18000,36000,36000,Paid,OP1179,Completed,0
RNT100959,EQX1140,CUST1045,SITE130,Solar Power Plant,Mysore,2025-02-25,2025-03-22,2025-03-22,25,12000,300000,24000,Paid,OP1197,Completed,0
RNT100960,EQX1143,CUST1080,SITE117,Harbor Expansion,Trichy,2025-01-22,2025-02-10,2025-02-10,19,12000,228000,24000,Pending,OP1190,Completed,0
RNT100961,EQX1128,CUST1018,SITE121,Harbor Expansion,Coimbatore,2025-03-09,2025-03-20,2025-03-20,11,30000,330000,60000,Paid,OP1030,Completed,0
RNT100962,EQX1180,CUST1102,SITE109,Bridge Construction,Mysore,2025-03-29,2025-04-23,2025-04-23,25,18000,450000,36000,Paid,OP1100,Completed,0
RNT100963,EQX1112,CUST1008,SITE109,Bridge Construction,Bangalore,2025-01-25,2025-02-09,2025-02-15,15,30000,630000,60000,Paid,OP1008,Overdue,6
RNT100964,EQX1110,CUST1054,SITE112,Harbor Expansion,Bangalore,2025-03-12,2025-03-28,2025-03-28,16,12000,192000,24000,Paid,OP1170,Completed,0
RNT100965,EQX1111,CUST1057,SITE124,River Embankment,Mysore,2025-02-22,2025-02-28,2025-02-28,6,22000,132000,44000,Paid,OP1041,Completed,0
RNT100966,EQX1220,CUST1119,SITE116,Highway Expansion,Salem,2025-04-17,2025-04-23,2025-04-23,6,30000,180000,60000,Paid,OP1122,Completed,0
RNT100967,EQX1187,CUST1029,SITE124,Industrial Park,Hyderabad,2025-04-14,2025-04-25,2025-04-25,11,30000,330000,60000,Paid,OP1052,Completed,0
RNT100968,EQX1080,CUST1088,SITE127,Highway Expansion,Trichy,2025-05-08,2025-06-01,2025-06-01,24,24000,576000,48000,Paid,OP1171,Completed,0
RNT100969,EQX1209,CUST1008,SITE119,Bridge Construction,Madurai,2025-06-02,2025-06-16,2025-06-16,14,18000,252000,36000,Pending,OP1029,Completed,0
RNT100970,EQX1176,CUST1017,SITE111,Smart City Zone,Mysore,2025-05-13,2025-05-25,2025-05-25,12,30000,360000,60000,Pending,OP1158,Completed,0
RNT100971,EQX1081,CUST1115,SITE127,Harbor Expansion,Trichy,2025-01-02,2025-01-27,2025-01-27,25,22000,550000,44000,Pending,OP1099,Completed,0
RNT100972,EQX1126,CUST1013,SITE126,IT Park,Trichy,2025-01-05,2025-02-04,2025-02-04,30,18000,540000,36000,Pending,OP1019,Completed,0
RNT100973,EQX1077,CUST1072,SITE124,River Embankment,Coimbatore,2025-03-19,2025-04-04,2025-04-12,16,18000,432000,36000,Paid,OP1012,Overdue,8
RNT100974,EQX1003,CUST1074,SITE130,Industrial Park,Coimbatore,2025-06-20,2025-07-14,2025-07-19,24,25000,725000,50000,Partial,OP1030,Overdue,5
RNT100975,EQX1149,CUST1095,SITE128,Smart City Zone,Salem,2025-05-19,2025-05-23,2025-05-23,4,24000,96000,48000,Paid,OP1106,Completed,0
RNT100976,EQX1179,CUST1099,SITE104,Solar Power Plant,Coimbatore,2025-03-05,2025-03-10,2025-03-10,5,25000,125000,50000,Paid,OP1135,Completed,0
RNT100977,EQX1022,CUST1118,SITE114,Residential Township,Hyderabad,2025-04-02,2025-05-01,2025-05-01,29,24000,696000,48000,Pending,OP1086,Completed,0
RNT100978,EQX1288,CUST1054,SITE110,Residential Township,Mysore,2025-04-07,2025-04-11,2025-04-11,4,24000,96000,48000,Partial,OP1078,Completed,0
RNT100979,EQX1188,CUST1035,SITE109,Bridge Construction,Chennai,2025-06-30,2025-07-05,2025-07-07,5,30000,210000,60000,Paid,OP1200,Overdue,2
RNT100980,EQX1012,CUST1068,SITE127,Mining Site,Salem,2025-03-03,2025-03-13,2025-03-13,10,30000,300000,60000,Paid,OP1192,Completed,0
RNT100981,EQX1009,CUST1058,SITE126,Harbor Expansion,Chennai,2025-01-09,2025-01-20,2025-01-20,11,12000,132000,24000,Paid,OP1032,Completed,0
RNT100982,EQX1211,CUST1020,SITE120,Smart City Zone,Madurai,2025-05-13,2025-05-22,2025-05-31,9,24000,432000,48000,Paid,OP1069,Overdue,9
RNT100983,EQX1099,CUST1029,SITE130,Industrial Park,Madurai,2025-04-23,2025-04-28,2025-04-28,5,22000,110000,44000,Paid,OP1095,Completed,0
RNT100984,EQX1289,CUST1062,SITE106,Industrial Park,Trichy,2025-06-18,2025-07-11,2025-07-11,23,24000,552000,48000,Paid,OP1001,Completed,0
RNT100985,EQX1096,CUST1119,SITE126,Metro Rail Project,Bangalore,2025-06-08,2025-06-24,2025-06-24,16,25000,400000,50000,Paid,OP1180,Completed,0
RNT100986,EQX1268,CUST1078,SITE121,Highway Expansion,Bangalore,2025-04-06,2025-04-11,2025-04-11,5,22000,110000,44000,Partial,OP1199,Completed,0
RNT100987,EQX1054,CUST1036,SITE101,Bridge Construction,Chennai,2025-05-25,2025-06-09,2025-06-09,15,12000,180000,24000,Paid,OP1101,Completed,0
RNT100988,EQX1155,CUST1052,SITE114,Harbor Expansion,Mysore,2025-04-14,2025-04-23,2025-04-24,9,18000,180000,36000,Paid,OP1169,Overdue,1
RNT100989,EQX1057,CUST1098,SITE119,Mining Site,Trichy,2025-06-15,2025-06-21,2025-06-22,6,22000,154000,44000,Paid,OP1105,Overdue,1
RNT100990,EQX1097,CUST1021,SITE118,Smart City Zone,Bangalore,2025-03-07,2025-03-25,2025-03-25,18,22000,396000,44000,Paid,OP1098,Completed,0
RNT100991,EQX1168,CUST1114,SITE111,Highway Expansion,Chennai,2025-06-15,2025-06-22,2025-06-22,7,25000,175000,50000,Paid,OP1145,Completed,0
RNT100992,EQX1169,CUST1110,SITE110,Airport Extension,Madurai,2025-06-18,2025-07-11,2025-07-11,23,12000,276000,24000,Paid,OP1125,Completed,0
RNT100993,EQX1262,CUST1065,SITE128,Metro Rail Project,Coimbatore,2025-04-24,2025-05-01,2025-05-01,7,25000,175000,50000,Paid,OP1157,Completed,0
RNT100994,EQX1080,CUST1090,SITE111,Highway Expansion,Madurai,2025-03-09,2025-03-13,2025-03-13,4,24000,96000,48000,Paid,OP1102,Completed,0
RNT100995,EQX1043,CUST1015,SITE123,Bridge Construction,Bangalore,2025-06-04,2025-06-21,2025-06-21,17,22000,374000,44000,Partial,OP1066,Completed,0
RNT100996,EQX1038,CUST1020,SITE118,Highway Expansion,Salem,2025-05-16,2025-06-11,2025-06-11,26,18000,468000,36000,Paid,OP1191,Completed,0
RNT100997,EQX1207,CUST1112,SITE114,IT Park,Coimbatore,2025-06-25,2025-06-27,2025-06-27,2,30000,60000,60000,Paid,OP1095,Completed,0
RNT100998,EQX1293,CUST1104,SITE106,Harbor Expansion,Chennai,2025-04-06,2025-04-29,2025-04-29,23,18000,414000,36000,Paid,OP1075,Completed,0
RNT100999,EQX1298,CUST1112,SITE107,Residential Township,Chennai,2025-06-03,2025-06-26,2025-06-26,23,22000,506000,44000,Paid,OP1127,Completed,0
RNT101000,EQX1066,CUST1059,SITE119,IT Park,Salem,2025-03-01,2025-03-12,2025-03-12,11,30000,330000,60000,Paid,OP1036,Completed,0
RNT101001,EQX1223,CUST1054,SITE127,Bridge Construction,Madurai,2025-05-23,2025-06-04,2025-06-04,12,30000,360000,60000,Paid,OP1128,Completed,0
RNT101002,EQX1262,CUST1060,SITE111,Harbor Expansion,Mysore,2025-06-09,2025-06-24,2025-07-04,15,25000,625000,50000,Paid,OP1153,Overdue,10
RNT101003,EQX1040,CUST1035,SITE130,Smart City Zone,Bangalore,2025-05-25,2025-06-05,2025-06-05,11,12000,132000,24000,Paid,OP1060,Completed,0
RNT101004,EQX1233,CUST1032,SITE111,IT Park,Trichy,2025-03-18,2025-03-27,2025-03-27,9,30000,270000,60000,Paid,OP1155,Completed,0
RNT101005,EQX1170,CUST1034,SITE130,Metro Rail Project,Chennai,2025-02-21,2025-03-10,2025-03-10,17,24000,408000,48000,Paid,OP1185,Completed,0
RNT101006,EQX1150,CUST1014,SITE110,Bridge Construction,Bangalore,2025-05-06,2025-05-20,2025-05-20,14,18000,252000,36000,Partial,OP1090,Completed,0
RNT101007,EQX1228,CUST1027,SITE129,Highway Expansion,Chennai,2025-02-04,2025-03-01,2025-03-08,25,24000,768000,48000,Paid,OP1196,Overdue,7
RNT101008,EQX1130,CUST1081,SITE102,IT Park,Hyderabad,2025-04-03,2025-04-11,2025-04-11,8,25000,200000,50000,Pending,OP1157,Completed,0
RNT101009,EQX1218,CUST1117,SITE117,Bridge Construction,Madurai,2025-01-02,2025-01-20,2025-01-20,18,12000,216000,24000,Partial,OP1089,Completed,0
RNT101010,EQX1207,CUST1110,SITE111,Solar Power Plant,Salem,2025-02-12,2025-03-12,2025-03-12,28,30000,840000,60000,Paid,OP1124,Completed,0
RNT101011,EQX1089,CUST1085,SITE124,Mining Site,Salem,2025-01-12,2025-01-14,2025-01-14,2,18000,36000,36000,Paid,OP1100,Completed,0
RNT101012,EQX1016,CUST1103,SITE126,Solar Power Plant,Hyderabad,2025-04-15,2025-05-11,2025-05-11,26,24000,624000,48000,Paid,OP1150,Completed,0
RNT101013,EQX1064,CUST1042,SITE114,Mining Site,Bangalore,2025-06-27,2025-07-08,2025-07-12,11,18000,270000,36000,Partial,OP1169,Overdue,4
RNT101014,EQX1008,CUST1095,SITE102,River Embankment,Madurai,2025-01-08,2025-02-07,2025-02-07,30,30000,900000,60000,Pending,OP1095,Completed,0
RNT101015,EQX1275,CUST1043,SITE129,Residential Township,Coimbatore,2025-03-31,2025-04-18,2025-04-21,18,18000,378000,36000,Paid,OP1062,Overdue,3
RNT101016,EQX1127,CUST1049,SITE110,Harbor Expansion,Coimbatore,2025-05-22,2025-06-13,2025-06-13,22,24000,528000,48000,Paid,OP1112,Completed,0
RNT101017,EQX1225,CUST1077,SITE123,Mining Site,Bangalore,2025-05-31,2025-06-06,2025-06-06,6,22000,132000,44000,Paid,OP1196,Completed,0
RNT101018,EQX1238,CUST1066,SITE114,River Embankment,Bangalore,2025-05-08,2025-05-12,2025-05-12,4,12000,48000,24000,Paid,OP1077,Completed,0
RNT101019,EQX1171,CUST1020,SITE103,Metro Rail Project,Hyderabad,2025-02-06,2025-02-24,2025-03-01,18,22000,506000,44000,Paid,OP1149,Overdue,5
RNT101020,EQX1136,CUST1111,SITE101,Airport Extension,Madurai,2025-05-05,2025-05-28,2025-05-28,23,24000,552000,48000,Pending,OP1096,Completed,0
RNT101021,EQX1261,CUST1003,SITE111,Highway Expansion,Coimbatore,2025-05-28,2025-06-23,2025-06-23,26,24000,624000,48000,Paid,OP1164,Completed,0
RNT101022,EQX1278,CUST1037,SITE114,Residential Township,Salem,2025-05-05,2025-05-30,2025-05-30,25,22000,550000,44000,Paid,OP1018,Completed,0
RNT101023,EQX1052,CUST1046,SITE119,Residential Township,Trichy,2025-02-20,2025-03-16,2025-03-16,24,24000,576000,48000,Paid,OP1073,Completed,0
RNT101024,EQX1182,CUST1113,SITE126,Solar Power Plant,Hyderabad,2025-01-19,2025-02-04,2025-02-04,16,22000,352000,44000,Pending,OP1041,Completed,0
RNT101025,EQX1155,CUST1058,SITE107,IT Park,Madurai,2025-03-09,2025-03-31,2025-03-31,22,18000,396000,36000,Paid,OP1046,Completed,0
RNT101026,EQX1283,CUST1081,SITE126,Metro Rail Project,Salem,2025-04-14,2025-05-08,2025-05-08,24,24000,576000,48000,Paid,OP1164,Completed,0
RNT101027,EQX1244,CUST1098,SITE129,Solar Power Plant,Trichy,2025-02-08,2025-02-23,2025-02-23,15,30000,450000,60000,Paid,OP1115,Completed,0
RNT101028,EQX1109,CUST1006,SITE112,Highway Expansion,Coimbatore,2025-03-05,2025-03-08,2025-03-08,3,24000,72000,48000,Paid,OP1106,Completed,0
RNT101029,EQX1274,CUST1112,SITE125,Smart City Zone,Hyderabad,2025-05-13,2025-05-28,2025-06-01,15,30000,570000,60000,Paid,OP1146,Overdue,4
RNT101030,EQX1197,CUST1005,SITE109,Metro Rail Project,Madurai,2025-05-16,2025-06-06,2025-06-06,21,25000,525000,50000,Paid,OP1128,Completed,0
RNT101031,EQX1118,CUST1067,SITE107,Harbor Expansion,Hyderabad,2025-06-10,2025-06-29,2025-07-02,19,12000,264000,24000,Pending,OP1045,Overdue,3
RNT101032,EQX1172,CUST1061,SITE130,Airport Extension,Chennai,2025-01-19,2025-01-27,2025-01-27,8,30000,240000,60000,Paid,OP1049,Completed,0
RNT101033,EQX1181,CUST1008,SITE128,Metro Rail Project,Madurai,2025-04-06,2025-04-09,2025-04-09,3,22000,66000,44000,Paid,OP1097,Completed,0
RNT101034,EQX1175,CUST1112,SITE101,Mining Site,Salem,2025-02-08,2025-02-10,2025-02-10,2,25000,50000,50000,Paid,OP1116,Completed,0
RNT101035,EQX1092,CUST1025,SITE106,Highway Expansion,Madurai,2025-01-04,2025-01-13,2025-01-13,9,24000,216000,48000,Paid,OP1156,Completed,0
RNT101036,EQX1286,CUST1011,SITE129,IT Park,Coimbatore,2025-04-09,2025-04-23,2025-04-24,14,18000,270000,36000,Pending,OP1118,Overdue,1
RNT101037,EQX1141,CUST1008,SITE123,Industrial Park,Coimbatore,2025-03-02,2025-03-24,2025-03-24,22,12000,264000,24000,Paid,OP1133,Completed,0
RNT101038,EQX1041,CUST1007,SITE120,River Embankment,Chennai,2025-03-11,2025-04-03,2025-04-03,23,24000,552000,48000,Paid,OP1013,Completed,0
RNT101039,EQX1098,CUST1078,SITE115,Airport Extension,Madurai,2025-03-15,2025-03-29,2025-04-04,14,30000,600000,60000,Paid,OP1013,Overdue,6
RNT101040,EQX1144,CUST1075,SITE108,River Embankment,Chennai,2025-02-27,2025-03-01,2025-03-01,2,18000,36000,36000,Paid,OP1047,Completed,0
RNT101041,EQX1067,CUST1018,SITE130,Solar Power Plant,Trichy,2025-02-19,2025-03-05,2025-03-05,14,24000,336000,48000,Paid,OP1012,Completed,0
RNT101042,EQX1038,CUST1025,SITE107,IT Park,Chennai,2025-03-26,2025-04-11,2025-04-11,16,18000,288000,36000,Paid,OP1147,Completed,0
RNT101043,EQX1268,CUST1038,SITE124,Airport Extension,Bangalore,2025-03-25,2025-04-06,2025-04-06,12,22000,264000,44000,Pending,OP1116,Completed,0
RNT101044,EQX1101,CUST1044,SITE103,Bridge Construction,Chennai,2025-02-09,2025-03-07,2025-03-13,26,24000,768000,48000,Paid,OP1036,Overdue,6
RNT101045,EQX1174,CUST1010,SITE127,Airport Extension,Hyderabad,2025-06-11,2025-07-10,2025-07-10,29,25000,725000,50000,Partial,OP1075,Completed,0
RNT101046,EQX1249,CUST1013,SITE111,Solar Power Plant,Coimbatore,2025-04-13,2025-04-30,2025-05-01,17,18000,324000,36000,Paid,OP1108,Overdue,1
RNT101047,EQX1266,CUST1006,SITE108,Residential Township,Madurai,2025-06-06,2025-07-03,2025-07-03,27,30000,810000,60000,Partial,OP1038,Completed,0
RNT101048,EQX1009,CUST1104,SITE104,Highway Expansion,Bangalore,2025-02-17,2025-02-21,2025-02-21,4,12000,48000,24000,Paid,OP1182,Completed,0
RNT101049,EQX1079,CUST1105,SITE116,Mining Site,Chennai,2025-04-05,2025-04-08,2025-04-08,3,12000,36000,24000,Paid,OP1112,Completed,0
RNT101050,EQX1236,CUST1099,SITE112,Solar Power Plant,Madurai,2025-02-18,2025-02-26,2025-02-26,8,18000,144000,36000,Partial,OP1022,Completed,0
RNT101051,EQX1225,CUST1011,SITE114,Airport Extension,Mysore,2025-06-30,2025-07-09,2025-07-09,9,22000,198000,44000,Paid,OP1102,Completed,0
RNT101052,EQX1271,CUST1113,SITE114,Highway Expansion,Salem,2025-01-31,2025-02-22,2025-02-22,22,12000,264000,24000,Paid,OP1033,Completed,0
RNT101053,EQX1154,CUST1097,SITE113,Residential Township,Salem,2025-01-31,2025-02-27,2025-02-27,27,12000,324000,24000,Paid,OP1155,Completed,0
RNT101054,EQX1283,CUST1090,SITE123,Mining Site,Hyderabad,2025-03-22,2025-03-28,2025-03-28,6,24000,144000,48000,Paid,OP1168,Completed,0
RNT101055,EQX1266,CUST1031,SITE103,Mining Site,Bangalore,2025-02-22,2025-03-24,2025-03-24,30,30000,900000,60000,Paid,OP1041,Completed,0
RNT101056,EQX1241,CUST1021,SITE116,IT Park,Bangalore,2025-04-05,2025-04-19,2025-04-25,14,12000,240000,24000,Paid,OP1102,Overdue,6
RNT101057,EQX1179,CUST1061,SITE122,Solar Power Plant,Chennai,2025-05-30,2025-06-21,2025-06-21,22,25000,550000,50000,Paid,OP1007,Completed,0
RNT101058,EQX1029,CUST1106,SITE119,Mining Site,Bangalore,2025-04-23,2025-05-14,2025-05-14,21,12000,252000,24000,Paid,OP1191,Completed,0
RNT101059,EQX1147,CUST1078,SITE115,Airport Extension,Salem,2025-05-02,2025-05-25,2025-05-30,23,22000,616000,44000,Paid,OP1130,Overdue,5
RNT101060,EQX1029,CUST1002,SITE106,Residential Township,Trichy,2025-04-24,2025-05-18,2025-05-18,24,12000,288000,24000,Paid,OP1132,Completed,0
RNT101061,EQX1257,CUST1061,SITE116,Metro Rail Project,Hyderabad,2025-03-06,2025-04-03,2025-04-03,28,24000,672000,48000,Paid,OP1139,Completed,0
RNT101062,EQX1072,CUST1012,SITE129,River Embankment,Salem,2025-04-23,2025-04-30,2025-04-30,7,18000,126000,36000,Pending,OP1179,Completed,0
RNT101063,EQX1188,CUST1046,SITE127,Bridge Construction,Mysore,2025-05-30,2025-06-18,2025-06-20,19,30000,630000,60000,Pending,OP1084,Overdue,2
RNT101064,EQX1128,CUST1098,SITE117,Bridge Construction,Chennai,2025-02-09,2025-02-22,2025-02-22,13,30000,390000,60000,Paid,OP1168,Completed,0
RNT101065,EQX1064,CUST1003,SITE123,Industrial Park,Chennai,2025-05-12,2025-05-24,2025-06-03,12,18000,396000,36000,Paid,OP1176,Overdue,10
RNT101066,EQX1282,CUST1069,SITE119,Metro Rail Project,Salem,2025-04-29,2025-05-18,2025-05-18,19,18000,342000,36000,Paid,OP1138,Completed,0
RNT101067,EQX1242,CUST1105,SITE130,Metro Rail Project,Bangalore,2025-01-26,2025-02-25,2025-03-03,30,25000,900000,50000,Paid,OP1140,Overdue,6
RNT101068,EQX1023,CUST1078,SITE112,Mining Site,Coimbatore,2025-01-18,2025-02-15,2025-02-15,28,24000,672000,48000,Paid,OP1103,Completed,0
RNT101069,EQX1040,CUST1061,SITE115,Solar Power Plant,Mysore,2025-02-20,2025-03-21,2025-03-21,29,12000,348000,24000,Paid,OP1080,Completed,0
RNT101070,EQX1281,CUST1011,SITE104,Metro Rail Project,Salem,2025-01-20,2025-02-03,2025-02-10,14,12000,252000,24000,Paid,OP1066,Overdue,7
RNT101071,EQX1209,CUST1104,SITE110,Mining Site,Trichy,2025-03-26,2025-04-11,2025-04-11,16,18000,288000,36000,Paid,OP1068,Completed,0
RNT101072,EQX1073,CUST1060,SITE108,Mining Site,Coimbatore,2025-06-09,2025-07-06,2025-07-06,27,22000,594000,44000,Pending,OP1138,Completed,0
RNT101073,EQX1259,CUST1032,SITE123,Airport Extension,Salem,2025-04-13,2025-04-22,2025-04-22,9,22000,198000,44000,Partial,OP1146,Completed,0
RNT101074,EQX1026,CUST1009,SITE119,Smart City Zone,Trichy,2025-06-25,2025-07-03,2025-07-03,8,25000,200000,50000,Paid,OP1145,Completed,0
RNT101075,EQX1268,CUST1014,SITE114,Airport Extension,Bangalore,2025-04-20,2025-05-05,2025-05-05,15,22000,330000,44000,Paid,OP1081,Completed,0
RNT101076,EQX1141,CUST1026,SITE126,Harbor Expansion,Salem,2025-01-11,2025-01-27,2025-01-27,16,12000,192000,24000,Paid,OP1199,Completed,0
RNT101077,EQX1111,CUST1011,SITE124,Metro Rail Project,Madurai,2025-02-19,2025-03-15,2025-03-15,24,22000,528000,44000,Paid,OP1198,Completed,0
RNT101078,EQX1232,CUST1057,SITE114,Metro Rail Project,Chennai,2025-02-05,2025-03-04,2025-03-04,27,18000,486000,36000,Paid,OP1150,Completed,0
RNT101079,EQX1008,CUST1066,SITE116,Metro Rail Project,Hyderabad,2025-05-14,2025-06-07,2025-06-07,24,30000,720000,60000,Pending,OP1126,Completed,0
RNT101080,EQX1283,CUST1103,SITE126,Airport Extension,Hyderabad,2025-02-01,2025-03-02,2025-03-02,29,24000,696000,48000,Paid,OP1160,Completed,0
RNT101081,EQX1026,CUST1068,SITE116,Metro Rail Project,Trichy,2025-05-23,2025-06-19,2025-06-19,27,25000,675000,50000,Partial,OP1031,Completed,0
RNT101082,EQX1222,CUST1108,SITE129,Bridge Construction,Coimbatore,2025-02-25,2025-03-02,2025-03-02,5,22000,110000,44000,Paid,OP1200,Completed,0
RNT101083,EQX1116,CUST1027,SITE124,Smart City Zone,Bangalore,2025-01-19,2025-01-23,2025-01-24,4,30000,150000,60000,Pending,OP1176,Overdue,1
RNT101084,EQX1290,CUST1078,SITE117,Smart City Zone,Chennai,2025-03-30,2025-04-10,2025-04-10,11,22000,242000,44000,Paid,OP1161,Completed,0
RNT101085,EQX1059,CUST1002,SITE122,Highway Expansion,Mysore,2025-02-14,2025-03-02,2025-03-02,16,24000,384000,48000,Pending,OP1105,Completed,0
RNT101086,EQX1152,CUST1032,SITE110,Residential Township,Trichy,2025-01-13,2025-01-30,2025-02-07,17,18000,450000,36000,Paid,OP1139,Overdue,8
RNT101087,EQX1011,CUST1027,SITE124,Residential Township,Hyderabad,2025-01-19,2025-01-31,2025-02-02,12,25000,350000,50000,Paid,OP1156,Overdue,2
RNT101088,EQX1116,CUST1017,SITE103,Residential Township,Hyderabad,2025-04-22,2025-05-10,2025-05-20,18,30000,840000,60000,Pending,OP1137,Overdue,10
RNT101089,EQX1286,CUST1071,SITE115,Residential Township,Chennai,2025-01-12,2025-02-08,2025-02-08,27,18000,486000,36000,Paid,OP1113,Completed,0
RNT101090,EQX1206,CUST1091,SITE113,Smart City Zone,Chennai,2025-03-08,2025-04-05,2025-04-05,28,22000,616000,44000,Paid,OP1174,Completed,0
RNT101091,EQX1137,CUST1027,SITE101,Harbor Expansion,Coimbatore,2025-04-15,2025-04-29,2025-05-03,14,18000,324000,36000,Paid,OP1169,Overdue,4
RNT101092,EQX1177,CUST1085,SITE128,Smart City Zone,Chennai,2025-03-08,2025-03-26,2025-03-26,18,25000,450000,50000,Partial,OP1179,Completed,0
RNT101093,EQX1164,CUST1074,SITE128,Bridge Construction,Madurai,2025-05-15,2025-06-09,2025-06-09,25,30000,750000,60000,Paid,OP1132,Completed,0
RNT101094,EQX1296,CUST1059,SITE128,River Embankment,Coimbatore,2025-06-21,2025-07-11,2025-07-11,20,30000,600000,60000,Paid,OP1029,Completed,0
RNT101095,EQX1247,CUST1099,SITE126,Residential Township,Hyderabad,2025-03-24,2025-04-11,2025-04-11,18,12000,216000,24000,Paid,OP1186,Completed,0
RNT101096,EQX1230,CUST1066,SITE126,Highway Expansion,Coimbatore,2025-01-18,2025-02-01,2025-02-04,14,18000,306000,36000,Paid,OP1130,Overdue,3
RNT101097,EQX1057,CUST1093,SITE103,Industrial Park,Trichy,2025-06-04,2025-06-16,2025-06-16,12,22000,264000,44000,Paid,OP1098,Completed,0
RNT101098,EQX1101,CUST1011,SITE128,Metro Rail Project,Hyderabad,2025-04-14,2025-04-23,2025-04-23,9,24000,216000,48000,Partial,OP1155,Completed,0
RNT101099,EQX1237,CUST1091,SITE126,River Embankment,Mysore,2025-03-04,2025-03-21,2025-03-21,17,12000,204000,24000,Paid,OP1107,Completed,0
RNT101100,EQX1212,CUST1079,SITE103,Airport Extension,Chennai,2025-06-24,2025-07-01,2025-07-01,7,24000,168000,48000,Paid,OP1134,Completed,0
RNT101101,EQX1189,CUST1003,SITE127,IT Park,Bangalore,2025-04-13,2025-05-09,2025-05-14,26,12000,372000,24000,Paid,OP1177,Overdue,5
RNT101102,EQX1058,CUST1010,SITE108,Mining Site,Coimbatore,2025-03-12,2025-04-04,2025-04-04,23,30000,690000,60000,Pending,OP1037,Completed,0
RNT101103,EQX1160,CUST1031,SITE124,Mining Site,Coimbatore,2025-01-15,2025-02-07,2025-02-07,23,18000,414000,36000,Paid,OP1066,Completed,0
RNT101104,EQX1206,CUST1109,SITE106,Bridge Construction,Mysore,2025-03-10,2025-03-29,2025-04-02,19,22000,506000,44000,Paid,OP1140,Overdue,4
RNT101105,EQX1113,CUST1078,SITE110,River Embankment,Chennai,2025-01-31,2025-02-27,2025-02-27,27,30000,810000,60000,Pending,OP1067,Completed,0
RNT101106,EQX1004,CUST1078,SITE104,Smart City Zone,Trichy,2025-02-13,2025-03-14,2025-03-14,29,30000,870000,60000,Paid,OP1101,Completed,0
RNT101107,EQX1254,CUST1033,SITE127,Metro Rail Project,Hyderabad,2025-03-01,2025-03-05,2025-03-14,4,18000,234000,36000,Paid,OP1004,Overdue,9
RNT101108,EQX1269,CUST1042,SITE101,Bridge Construction,Trichy,2025-02-12,2025-03-13,2025-03-13,29,12000,348000,24000,Pending,OP1071,Completed,0
RNT101109,EQX1044,CUST1020,SITE104,Airport Extension,Mysore,2025-03-03,2025-03-09,2025-03-13,6,24000,240000,48000,Paid,OP1059,Overdue,4
RNT101110,EQX1283,CUST1034,SITE129,Smart City Zone,Coimbatore,2025-06-17,2025-06-29,2025-06-29,12,24000,288000,48000,Pending,OP1175,Completed,0
RNT101111,EQX1204,CUST1035,SITE116,River Embankment,Bangalore,2025-01-05,2025-01-26,2025-01-26,21,30000,630000,60000,Paid,OP1066,Completed,0
RNT101112,EQX1295,CUST1033,SITE126,IT Park,Madurai,2025-01-28,2025-02-06,2025-02-06,9,12000,108000,24000,Pending,OP1158,Completed,0
RNT101113,EQX1287,CUST1013,SITE105,Mining Site,Chennai,2025-05-27,2025-06-25,2025-06-25,29,12000,348000,24000,Paid,OP1067,Completed,0
RNT101114,EQX1173,CUST1057,SITE107,Metro Rail Project,Madurai,2025-03-12,2025-03-24,2025-03-24,12,24000,288000,48000,Paid,OP1151,Completed,0
RNT101115,EQX1146,CUST1030,SITE120,IT Park,Coimbatore,2025-03-03,2025-03-12,2025-03-12,9,18000,162000,36000,Pending,OP1010,Completed,0
RNT101116,EQX1283,CUST1096,SITE126,Solar Power Plant,Coimbatore,2025-01-04,2025-01-18,2025-01-18,14,24000,336000,48000,Pending,OP1040,Completed,0
RNT101117,EQX1110,CUST1052,SITE124,Residential Township,Hyderabad,2025-02-28,2025-03-17,2025-03-17,17,12000,204000,24000,Paid,OP1059,Completed,0
RNT101118,EQX1113,CUST1071,SITE126,Highway Expansion,Mysore,2025-04-30,2025-05-17,2025-05-17,17,30000,510000,60000,Paid,OP1053,Completed,0
RNT101119,EQX1158,CUST1034,SITE110,Smart City Zone,Hyderabad,2025-05-04,2025-05-09,2025-05-09,5,24000,120000,48000,Paid,OP1160,Completed,0
RNT101120,EQX1227,CUST1068,SITE116,Airport Extension,Chennai,2025-04-28,2025-05-21,2025-05-21,23,18000,414000,36000,Partial,OP1002,Completed,0
RNT101121,EQX1030,CUST1046,SITE113,Metro Rail Project,Chennai,2025-05-06,2025-05-27,2025-05-27,21,12000,252000,24000,Paid,OP1153,Completed,0
RNT101122,EQX1183,CUST1077,SITE114,Industrial Park,Madurai,2025-06-18,2025-07-13,2025-07-13,25,12000,300000,24000,Paid,OP1010,Completed,0
RNT101123,EQX1080,CUST1035,SITE115,Residential Township,Madurai,2025-05-20,2025-06-09,2025-06-09,20,24000,480000,48000,Paid,OP1031,Completed,0
RNT101124,EQX1295,CUST1024,SITE104,Harbor Expansion,Chennai,2025-04-27,2025-05-26,2025-05-26,29,12000,348000,24000,Paid,OP1140,Completed,0
RNT101125,EQX1104,CUST1104,SITE114,IT Park,Coimbatore,2025-01-01,2025-01-26,2025-01-26,25,24000,600000,48000,Pending,OP1160,Completed,0
RNT101126,EQX1043,CUST1052,SITE125,IT Park,Bangalore,2025-05-02,2025-05-10,2025-05-10,8,22000,176000,44000,Paid,OP1193,Completed,0
RNT101127,EQX1067,CUST1089,SITE117,Highway Expansion,Mysore,2025-02-19,2025-02-24,2025-02-24,5,24000,120000,48000,Pending,OP1142,Completed,0
RNT101128,EQX1269,CUST1086,SITE123,Bridge Construction,Trichy,2025-02-07,2025-03-03,2025-03-03,24,12000,288000,24000,Paid,OP1151,Completed,0
RNT101129,EQX1027,CUST1020,SITE113,Bridge Construction,Chennai,2025-01-28,2025-02-04,2025-02-07,7,25000,250000,50000,Paid,OP1047,Overdue,3
RNT101130,EQX1108,CUST1055,SITE114,Smart City Zone,Hyderabad,2025-04-28,2025-05-23,2025-05-23,25,22000,550000,44000,Paid,OP1168,Completed,0
RNT101131,EQX1060,CUST1013,SITE115,Solar Power Plant,Bangalore,2025-04-27,2025-05-09,2025-05-09,12,25000,300000,50000,Paid,OP1169,Completed,0
RNT101132,EQX1110,CUST1005,SITE130,Highway Expansion,Mysore,2025-06-12,2025-06-17,2025-06-17,5,12000,60000,24000,Paid,OP1162,Completed,0
RNT101133,EQX1105,CUST1080,SITE123,River Embankment,Trichy,2025-01-15,2025-02-02,2025-02-08,18,12000,288000,24000,Paid,OP1015,Overdue,6
RNT101134,EQX1030,CUST1008,SITE117,Smart City Zone,Chennai,2025-03-21,2025-04-15,2025-04-15,25,12000,300000,24000,Pending,OP1082,Completed,0
RNT101135,EQX1152,CUST1071,SITE118,Industrial Park,Madurai,2025-03-04,2025-03-16,2025-03-16,12,18000,216000,36000,Partial,OP1123,Completed,0
RNT101136,EQX1128,CUST1085,SITE107,Residential Township,Madurai,2025-06-19,2025-07-11,2025-07-11,22,30000,660000,60000,Paid,OP1024,Completed,0
RNT101137,EQX1199,CUST1032,SITE109,Smart City Zone,Bangalore,2025-03-09,2025-04-02,2025-04-02,24,18000,432000,36000,Paid,OP1092,Completed,0
RNT101138,EQX1192,CUST1055,SITE116,Harbor Expansion,Mysore,2025-02-20,2025-03-03,2025-03-03,11,12000,132000,24000,Partial,OP1176,Completed,0
RNT101139,EQX1187,CUST1018,SITE117,Highway Expansion,Salem,2025-06-19,2025-07-14,2025-07-14,25,30000,750000,60000,Partial,OP1095,Completed,0
RNT101140,EQX1219,CUST1059,SITE108,Harbor Expansion,Coimbatore,2025-06-27,2025-07-13,2025-07-15,16,18000,324000,36000,Paid,OP1155,Overdue,2
RNT101141,EQX1104,CUST1005,SITE108,IT Park,Coimbatore,2025-01-16,2025-02-14,2025-02-14,29,24000,696000,48000,Paid,OP1047,Completed,0
RNT101142,EQX1157,CUST1046,SITE124,Metro Rail Project,Mysore,2025-03-28,2025-04-21,2025-04-24,24,30000,810000,60000,Pending,OP1101,Overdue,3
RNT101143,EQX1033,CUST1044,SITE122,Industrial Park,Madurai,2025-05-25,2025-06-06,2025-06-06,12,24000,288000,48000,Paid,OP1110,Completed,0
RNT101144,EQX1222,CUST1012,SITE127,Solar Power Plant,Coimbatore,2025-02-07,2025-02-15,2025-02-15,8,22000,176000,44000,Paid,OP1197,Completed,0
RNT101145,EQX1108,CUST1063,SITE127,Smart City Zone,Salem,2025-01-28,2025-02-08,2025-02-08,11,22000,242000,44000,Paid,OP1029,Completed,0
RNT101146,EQX1214,CUST1031,SITE125,Industrial Park,Chennai,2025-06-20,2025-06-29,2025-07-05,9,24000,360000,48000,Pending,OP1069,Overdue,6
RNT101147,EQX1239,CUST1076,SITE102,River Embankment,Chennai,2025-04-07,2025-05-03,2025-05-03,26,22000,572000,44000,Pending,OP1196,Completed,0
RNT101148,EQX1084,CUST1081,SITE108,Residential Township,Bangalore,2025-01-22,2025-02-14,2025-02-14,23,12000,276000,24000,Pending,OP1088,Completed,0
RNT101149,EQX1069,CUST1006,SITE113,Residential Township,Chennai,2025-05-11,2025-05-28,2025-05-28,17,25000,425000,50000,Pending,OP1010,Completed,0
RNT101150,EQX1219,CUST1112,SITE128,Airport Extension,Madurai,2025-06-08,2025-06-28,2025-06-28,20,18000,360000,36000,Paid,OP1174,Completed,0
RNT101151,EQX1097,CUST1097,SITE113,River Embankment,Mysore,2025-06-17,2025-06-20,2025-06-20,3,22000,66000,44000,Paid,OP1014,Completed,0
RNT101152,EQX1230,CUST1064,SITE109,Highway Expansion,Trichy,2025-06-19,2025-06-26,2025-06-26,7,18000,126000,36000,Paid,OP1020,Completed,0
RNT101153,EQX1097,CUST1097,SITE125,Bridge Construction,Hyderabad,2025-01-14,2025-02-01,2025-02-01,18,22000,396000,44000,Paid,OP1030,Completed,0
RNT101154,EQX1171,CUST1113,SITE105,Residential Township,Hyderabad,2025-03-02,2025-03-07,2025-03-07,5,22000,110000,44000,Paid,OP1033,Completed,0
RNT101155,EQX1008,CUST1016,SITE125,Solar Power Plant,Bangalore,2025-05-11,2025-06-02,2025-06-02,22,30000,660000,60000,Pending,OP1160,Completed,0
RNT101156,EQX1186,CUST1017,SITE103,Mining Site,Coimbatore,2025-02-25,2025-03-20,2025-03-21,23,25000,600000,50000,Partial,OP1132,Overdue,1
RNT101157,EQX1121,CUST1028,SITE105,Airport Extension,Trichy,2025-01-21,2025-02-10,2025-02-10,20,22000,440000,44000,Partial,OP1191,Completed,0
RNT101158,EQX1199,CUST1055,SITE109,Bridge Construction,Salem,2025-05-28,2025-06-17,2025-06-17,20,18000,360000,36000,Partial,OP1135,Completed,0
RNT101159,EQX1239,CUST1060,SITE118,Industrial Park,Trichy,2025-06-26,2025-07-23,2025-07-23,27,22000,594000,44000,Pending,OP1184,Completed,0
RNT101160,EQX1293,CUST1040,SITE121,Highway Expansion,Trichy,2025-05-26,2025-06-17,2025-06-18,22,18000,414000,36000,Pending,OP1062,Overdue,1
RNT101161,EQX1220,CUST1088,SITE124,IT Park,Hyderabad,2025-05-29,2025-06-28,2025-06-28,30,30000,900000,60000,Paid,OP1080,Completed,0
RNT101162,EQX1076,CUST1036,SITE108,Mining Site,Salem,2025-05-18,2025-05-23,2025-05-26,5,25000,200000,50000,Paid,OP1137,Overdue,3
RNT101163,EQX1118,CUST1075,SITE111,IT Park,Madurai,2025-06-15,2025-06-25,2025-06-25,10,12000,120000,24000,Paid,OP1175,Completed,0
RNT101164,EQX1168,CUST1112,SITE129,Industrial Park,Madurai,2025-05-01,2025-05-26,2025-05-26,25,25000,625000,50000,Paid,OP1150,Completed,0
RNT101165,EQX1071,CUST1080,SITE115,Harbor Expansion,Madurai,2025-06-20,2025-07-14,2025-07-14,24,30000,720000,60000,Paid,OP1031,Completed,0
RNT101166,EQX1011,CUST1023,SITE116,Mining Site,Salem,2025-02-24,2025-03-18,2025-03-18,22,25000,550000,50000,Paid,OP1162,Completed,0
RNT101167,EQX1288,CUST1022,SITE124,River Embankment,Madurai,2025-06-22,2025-07-05,2025-07-05,13,24000,312000,48000,Paid,OP1091,Completed,0
RNT101168,EQX1276,CUST1031,SITE119,Solar Power Plant,Coimbatore,2025-02-27,2025-03-20,2025-03-20,21,25000,525000,50000,Pending,OP1007,Completed,0
RNT101169,EQX1041,CUST1116,SITE116,Highway Expansion,Hyderabad,2025-06-26,2025-07-23,2025-07-23,27,24000,648000,48000,Partial,OP1149,Completed,0
RNT101170,EQX1146,CUST1054,SITE109,Solar Power Plant,Trichy,2025-06-30,2025-07-19,2025-07-19,19,18000,342000,36000,Paid,OP1038,Completed,0
RNT101171,EQX1075,CUST1034,SITE116,Harbor Expansion,Coimbatore,2025-01-27,2025-02-12,2025-02-12,16,18000,288000,36000,Paid,OP1136,Completed,0
RNT101172,EQX1121,CUST1007,SITE113,Solar Power Plant,Chennai,2025-01-20,2025-02-02,2025-02-02,13,22000,286000,44000,Partial,OP1004,Completed,0
RNT101173,EQX1006,CUST1096,SITE116,Solar Power Plant,Mysore,2025-04-30,2025-05-20,2025-05-20,20,24000,480000,48000,Paid,OP1033,Completed,0
RNT101174,EQX1012,CUST1056,SITE110,Bridge Construction,Coimbatore,2025-03-16,2025-04-13,2025-04-17,28,30000,960000,60000,Paid,OP1176,Overdue,4
RNT101175,EQX1290,CUST1116,SITE117,Residential Township,Mysore,2025-06-17,2025-06-24,2025-06-24,7,22000,154000,44000,Paid,OP1163,Completed,0
RNT101176,EQX1150,CUST1052,SITE125,Industrial Park,Coimbatore,2025-03-12,2025-04-09,2025-04-09,28,18000,504000,36000,Partial,OP1047,Completed,0
RNT101177,EQX1001,CUST1026,SITE108,Airport Extension,Bangalore,2025-06-02,2025-06-19,2025-06-19,17,12000,204000,24000,Paid,OP1130,Completed,0
RNT101178,EQX1242,CUST1119,SITE107,Solar Power Plant,Salem,2025-03-27,2025-04-01,2025-04-07,5,25000,275000,50000,Partial,OP1152,Overdue,6
RNT101179,EQX1011,CUST1060,SITE130,Metro Rail Project,Mysore,2025-01-23,2025-02-19,2025-02-19,27,25000,675000,50000,Paid,OP1098,Completed,0
RNT101180,EQX1139,CUST1069,SITE114,Residential Township,Mysore,2025-02-13,2025-03-06,2025-03-06,21,30000,630000,60000,Paid,OP1040,Completed,0
RNT101181,EQX1164,CUST1058,SITE112,River Embankment,Mysore,2025-06-29,2025-07-11,2025-07-11,12,30000,360000,60000,Paid,OP1096,Completed,0
RNT101182,EQX1018,CUST1017,SITE120,Mining Site,Chennai,2025-02-09,2025-02-27,2025-02-27,18,22000,396000,44000,Partial,OP1187,Completed,0
RNT101183,EQX1101,CUST1118,SITE125,River Embankment,Hyderabad,2025-06-27,2025-07-06,2025-07-09,9,24000,288000,48000,Paid,OP1184,Overdue,3
RNT101184,EQX1057,CUST1065,SITE112,River Embankment,Mysore,2025-05-12,2025-05-17,2025-05-17,5,22000,110000,44000,Pending,OP1109,Completed,0
RNT101185,EQX1131,CUST1039,SITE110,Bridge Construction,Madurai,2025-06-29,2025-07-13,2025-07-13,14,22000,308000,44000,Pending,OP1120,Completed,0
RNT101186,EQX1141,CUST1031,SITE106,Bridge Construction,Madurai,2025-05-11,2025-06-04,2025-06-04,24,12000,288000,24000,Pending,OP1077,Completed,0
RNT101187,EQX1080,CUST1060,SITE105,Mining Site,Salem,2025-02-17,2025-03-14,2025-03-14,25,24000,600000,48000,Paid,OP1180,Completed,0
RNT101188,EQX1240,CUST1004,SITE107,River Embankment,Chennai,2025-05-19,2025-05-29,2025-05-29,10,22000,220000,44000,Paid,OP1075,Completed,0
RNT101189,EQX1223,CUST1062,SITE112,Bridge Construction,Madurai,2025-02-24,2025-03-22,2025-03-22,26,30000,780000,60000,Paid,OP1039,Completed,0
RNT101190,EQX1262,CUST1098,SITE118,Airport Extension,Chennai,2025-01-01,2025-01-29,2025-01-29,28,25000,700000,50000,Partial,OP1118,Completed,0
RNT101191,EQX1090,CUST1034,SITE128,River Embankment,Salem,2025-05-20,2025-05-24,2025-05-24,4,30000,120000,60000,Pending,OP1039,Completed,0
RNT101192,EQX1011,CUST1036,SITE105,Residential Township,Hyderabad,2025-05-21,2025-06-09,2025-06-16,19,25000,650000,50000,Paid,OP1150,Overdue,7
RNT101193,EQX1287,CUST1102,SITE121,Metro Rail Project,Salem,2025-04-22,2025-04-26,2025-04-26,4,12000,48000,24000,Paid,OP1148,Completed,0
RNT101194,EQX1178,CUST1045,SITE124,Residential Township,Hyderabad,2025-04-29,2025-05-11,2025-05-11,12,22000,264000,44000,Paid,OP1132,Completed,0
RNT101195,EQX1286,CUST1003,SITE129,Mining Site,Chennai,2025-05-21,2025-05-23,2025-05-23,2,18000,36000,36000,Paid,OP1115,Completed,0
RNT101196,EQX1030,CUST1046,SITE121,Bridge Construction,Hyderabad,2025-02-18,2025-02-28,2025-02-28,10,12000,120000,24000,Paid,OP1150,Completed,0
RNT101197,EQX1276,CUST1071,SITE118,Residential Township,Madurai,2025-05-16,2025-06-06,2025-06-06,21,25000,525000,50000,Paid,OP1039,Completed,0
RNT101198,EQX1147,CUST1025,SITE101,Smart City Zone,Salem,2025-04-17,2025-04-21,2025-04-27,4,22000,220000,44000,Partial,OP1024,Overdue,6
RNT101199,EQX1176,CUST1065,SITE106,Metro Rail Project,Madurai,2025-02-12,2025-02-25,2025-02-25,13,30000,390000,60000,Paid,OP1189,Completed,0
RNT101200,EQX1133,CUST1116,SITE102,Industrial Park,Mysore,2025-02-23,2025-03-20,2025-03-24,25,30000,870000,60000,Pending,OP1168,Overdue,4
RNT101201,EQX1085,CUST1016,SITE103,Harbor Expansion,Bangalore,2025-04-05,2025-04-14,2025-04-14,9,24000,216000,48000,Pending,OP1151,Completed,0
RNT101202,EQX1006,CUST1015,SITE128,Highway Expansion,Hyderabad,2025-05-09,2025-05-25,2025-05-25,16,24000,384000,48000,Paid,OP1194,Completed,0
RNT101203,EQX1122,CUST1050,SITE120,IT Park,Bangalore,2025-03-04,2025-03-18,2025-03-18,14,18000,252000,36000,Paid,OP1003,Completed,0
RNT101204,EQX1211,CUST1032,SITE124,Highway Expansion,Trichy,2025-01-19,2025-02-08,2025-02-08,20,24000,480000,48000,Paid,OP1125,Completed,0
RNT101205,EQX1145,CUST1040,SITE107,Solar Power Plant,Chennai,2025-05-08,2025-06-05,2025-06-05,28,24000,672000,48000,Paid,OP1112,Completed,0
RNT101206,EQX1100,CUST1068,SITE108,Mining Site,Chennai,2025-03-05,2025-03-23,2025-03-23,18,12000,216000,24000,Paid,OP1184,Completed,0
RNT101207,EQX1041,CUST1030,SITE116,Industrial Park,Coimbatore,2025-01-20,2025-01-29,2025-01-29,9,24000,216000,48000,Paid,OP1146,Completed,0
RNT101208,EQX1271,CUST1079,SITE115,Highway Expansion,Coimbatore,2025-02-06,2025-02-20,2025-02-20,14,12000,168000,24000,Pending,OP1048,Completed,0
RNT101209,EQX1065,CUST1029,SITE104,Highway Expansion,Chennai,2025-04-22,2025-05-09,2025-05-09,17,25000,425000,50000,Paid,OP1020,Completed,0
RNT101210,EQX1221,CUST1066,SITE107,Industrial Park,Bangalore,2025-02-06,2025-02-21,2025-02-26,15,25000,500000,50000,Paid,OP1055,Overdue,5
RNT101211,EQX1246,CUST1065,SITE118,Airport Extension,Chennai,2025-03-07,2025-03-11,2025-03-11,4,22000,88000,44000,Paid,OP1120,Completed,0
RNT101212,EQX1055,CUST1091,SITE127,Residential Township,Madurai,2025-05-30,2025-06-21,2025-06-21,22,25000,550000,50000,Pending,OP1057,Completed,0
RNT101213,EQX1137,CUST1008,SITE123,Smart City Zone,Salem,2025-04-20,2025-04-28,2025-04-28,8,18000,144000,36000,Paid,OP1140,Completed,0
RNT101214,EQX1157,CUST1111,SITE129,Mining Site,Hyderabad,2025-05-12,2025-05-14,2025-05-22,2,30000,300000,60000,Paid,OP1135,Overdue,8
RNT101215,EQX1202,CUST1007,SITE108,Bridge Construction,Hyderabad,2025-06-29,2025-07-18,2025-07-18,19,30000,570000,60000,Paid,OP1045,Completed,0
RNT101216,EQX1100,CUST1024,SITE114,Solar Power Plant,Salem,2025-03-04,2025-03-08,2025-03-08,4,12000,48000,24000,Paid,OP1147,Completed,0
RNT101217,EQX1230,CUST1026,SITE107,Bridge Construction,Chennai,2025-04-15,2025-05-05,2025-05-05,20,18000,360000,36000,Paid,OP1197,Completed,0
RNT101218,EQX1057,CUST1100,SITE126,Highway Expansion,Hyderabad,2025-03-16,2025-04-13,2025-04-13,28,22000,616000,44000,Pending,OP1184,Completed,0
RNT101219,EQX1183,CUST1065,SITE124,River Embankment,Mysore,2025-02-14,2025-03-07,2025-03-07,21,12000,252000,24000,Pending,OP1157,Completed,0
RNT101220,EQX1146,CUST1098,SITE108,Smart City Zone,Chennai,2025-05-06,2025-06-04,2025-06-04,29,18000,522000,36000,Paid,OP1073,Completed,0
RNT101221,EQX1188,CUST1046,SITE119,Metro Rail Project,Chennai,2025-04-13,2025-05-12,2025-05-12,29,30000,870000,60000,Paid,OP1020,Completed,0
RNT101222,EQX1019,CUST1094,SITE101,Solar Power Plant,Mysore,2025-04-16,2025-04-24,2025-04-24,8,25000,200000,50000,Paid,OP1012,Completed,0
RNT101223,EQX1064,CUST1078,SITE113,Industrial Park,Coimbatore,2025-05-10,2025-05-15,2025-05-15,5,18000,90000,36000,Pending,OP1170,Completed,0
RNT101224,EQX1193,CUST1058,SITE128,Highway Expansion,Mysore,2025-01-31,2025-02-27,2025-03-09,27,18000,666000,36000,Paid,OP1108,Overdue,10
RNT101225,EQX1191,CUST1117,SITE113,IT Park,Bangalore,2025-06-26,2025-07-02,2025-07-02,6,24000,144000,48000,Paid,OP1048,Completed,0
RNT101226,EQX1208,CUST1120,SITE109,Metro Rail Project,Bangalore,2025-05-08,2025-05-27,2025-05-27,19,18000,342000,36000,Paid,OP1099,Completed,0
RNT101227,EQX1154,CUST1029,SITE130,Solar Power Plant,Bangalore,2025-04-20,2025-04-29,2025-04-29,9,12000,108000,24000,Paid,OP1039,Completed,0
RNT101228,EQX1034,CUST1060,SITE116,Solar Power Plant,Chennai,2025-03-05,2025-03-19,2025-03-20,14,25000,375000,50000,Paid,OP1180,Overdue,1
RNT101229,EQX1230,CUST1004,SITE110,Airport Extension,Coimbatore,2025-02-14,2025-03-16,2025-03-16,30,18000,540000,36000,Paid,OP1117,Completed,0
RNT101230,EQX1232,CUST1006,SITE130,Solar Power Plant,Trichy,2025-03-26,2025-04-17,2025-04-17,22,18000,396000,36000,Paid,OP1144,Completed,0
RNT101231,EQX1240,CUST1107,SITE114,Smart City Zone,Salem,2025-04-01,2025-04-26,2025-04-26,25,22000,550000,44000,Paid,OP1195,Completed,0
RNT101232,EQX1177,CUST1106,SITE117,IT Park,Chennai,2025-04-10,2025-04-20,2025-04-20,10,25000,250000,50000,Partial,OP1087,Completed,0
RNT101233,EQX1122,CUST1042,SITE122,Solar Power Plant,Chennai,2025-04-29,2025-05-14,2025-05-14,15,18000,270000,36000,Paid,OP1044,Completed,0
RNT101234,EQX1290,CUST1035,SITE101,Metro Rail Project,Chennai,2025-03-17,2025-04-04,2025-04-04,18,22000,396000,44000,Paid,OP1192,Completed,0
RNT101235,EQX1218,CUST1110,SITE101,Metro Rail Project,Trichy,2025-05-06,2025-05-28,2025-06-05,22,12000,360000,24000,Paid,OP1105,Overdue,8
RNT101236,EQX1090,CUST1075,SITE125,Mining Site,Salem,2025-04-02,2025-04-15,2025-04-15,13,30000,390000,60000,Paid,OP1058,Completed,0
RNT101237,EQX1235,CUST1020,SITE109,Solar Power Plant,Madurai,2025-01-13,2025-01-16,2025-01-21,3,24000,192000,48000,Pending,OP1089,Overdue,5
RNT101238,EQX1280,CUST1045,SITE103,Mining Site,Hyderabad,2025-04-28,2025-04-30,2025-04-30,2,18000,36000,36000,Paid,OP1084,Completed,0
RNT101239,EQX1158,CUST1115,SITE111,Residential Township,Bangalore,2025-01-19,2025-01-29,2025-01-29,10,24000,240000,48000,Paid,OP1194,Completed,0
RNT101240,EQX1067,CUST1108,SITE110,Smart City Zone,Madurai,2025-04-26,2025-05-04,2025-05-14,8,24000,432000,48000,Partial,OP1035,Overdue,10
RNT101241,EQX1154,CUST1113,SITE124,Metro Rail Project,Hyderabad,2025-05-04,2025-05-17,2025-05-17,13,12000,156000,24000,Partial,OP1118,Completed,0
RNT101242,EQX1218,CUST1107,SITE130,Airport Extension,Trichy,2025-06-03,2025-06-18,2025-06-18,15,12000,180000,24000,Paid,OP1013,Completed,0
RNT101243,EQX1161,CUST1004,SITE108,Residential Township,Coimbatore,2025-01-10,2025-01-22,2025-01-29,12,30000,570000,60000,Partial,OP1189,Overdue,7
RNT101244,EQX1155,CUST1044,SITE117,Mining Site,Madurai,2025-04-27,2025-05-02,2025-05-02,5,18000,90000,36000,Pending,OP1030,Completed,0
RNT101245,EQX1056,CUST1103,SITE109,Smart City Zone,Mysore,2025-05-14,2025-06-12,2025-06-12,29,22000,638000,44000,Paid,OP1042,Completed,0
RNT101246,EQX1072,CUST1046,SITE108,Solar Power Plant,Trichy,2025-05-07,2025-05-18,2025-05-18,11,18000,198000,36000,Paid,OP1160,Completed,0
RNT101247,EQX1288,CUST1018,SITE105,River Embankment,Chennai,2025-01-22,2025-02-04,2025-02-04,13,24000,312000,48000,Paid,OP1096,Completed,0
RNT101248,EQX1223,CUST1082,SITE101,Smart City Zone,Madurai,2025-03-19,2025-03-23,2025-03-23,4,30000,120000,60000,Paid,OP1020,Completed,0
RNT101249,EQX1021,CUST1024,SITE127,Solar Power Plant,Bangalore,2025-03-24,2025-04-04,2025-04-04,11,18000,198000,36000,Paid,OP1124,Completed,0
RNT101250,EQX1106,CUST1024,SITE113,Smart City Zone,Madurai,2025-04-07,2025-05-04,2025-05-04,27,18000,486000,36000,Paid,OP1175,Completed,0
RNT101251,EQX1147,CUST1049,SITE115,IT Park,Madurai,2025-05-28,2025-06-09,2025-06-09,12,22000,264000,44000,Paid,OP1013,Completed,0
RNT101252,EQX1204,CUST1037,SITE113,Metro Rail Project,Chennai,2025-05-06,2025-05-16,2025-05-16,10,30000,300000,60000,Paid,OP1115,Completed,0
RNT101253,EQX1162,CUST1083,SITE115,Solar Power Plant,Trichy,2025-03-31,2025-04-24,2025-04-24,24,25000,600000,50000,Paid,OP1048,Completed,0
RNT101254,EQX1194,CUST1088,SITE127,Industrial Park,Chennai,2025-04-30,2025-05-03,2025-05-03,3,12000,36000,24000,Paid,OP1050,Completed,0
RNT101255,EQX1221,CUST1059,SITE119,Residential Township,Bangalore,2025-03-07,2025-03-20,2025-03-20,13,25000,325000,50000,Paid,OP1133,Completed,0
RNT101256,EQX1025,CUST1059,SITE119,Airport Extension,Hyderabad,2025-05-21,2025-06-18,2025-06-23,28,30000,990000,60000,Pending,OP1002,Overdue,5
RNT101257,EQX1184,CUST1060,SITE113,Harbor Expansion,Chennai,2025-05-06,2025-05-21,2025-05-21,15,24000,360000,48000,Paid,OP1175,Completed,0
RNT101258,EQX1277,CUST1071,SITE106,Smart City Zone,Salem,2025-02-10,2025-03-12,2025-03-12,30,12000,360000,24000,Pending,OP1026,Completed,0
RNT101259,EQX1263,CUST1102,SITE129,Metro Rail Project,Chennai,2025-06-20,2025-07-17,2025-07-17,27,18000,486000,36000,Paid,OP1147,Completed,0
RNT101260,EQX1161,CUST1042,SITE116,Airport Extension,Mysore,2025-02-18,2025-03-05,2025-03-05,15,30000,450000,60000,Paid,OP1117,Completed,0
RNT101261,EQX1140,CUST1077,SITE127,Smart City Zone,Chennai,2025-03-05,2025-03-18,2025-03-21,13,12000,192000,24000,Paid,OP1080,Overdue,3
RNT101262,EQX1018,CUST1062,SITE116,Highway Expansion,Coimbatore,2025-06-12,2025-07-04,2025-07-04,22,22000,484000,44000,Paid,OP1198,Completed,0
RNT101263,EQX1292,CUST1013,SITE118,Smart City Zone,Bangalore,2025-01-30,2025-02-03,2025-02-03,4,12000,48000,24000,Paid,OP1100,Completed,0
RNT101264,EQX1261,CUST1028,SITE123,Harbor Expansion,Salem,2025-04-08,2025-04-18,2025-04-18,10,24000,240000,48000,Partial,OP1039,Completed,0
RNT101265,EQX1186,CUST1061,SITE123,Metro Rail Project,Coimbatore,2025-01-11,2025-01-18,2025-01-18,7,25000,175000,50000,Paid,OP1073,Completed,0
RNT101266,EQX1033,CUST1027,SITE122,Residential Township,Bangalore,2025-02-01,2025-02-18,2025-02-18,17,24000,408000,48000,Pending,OP1054,Completed,0
RNT101267,EQX1101,CUST1063,SITE119,River Embankment,Salem,2025-01-02,2025-01-21,2025-01-23,19,24000,504000,48000,Paid,OP1029,Overdue,2
RNT101268,EQX1134,CUST1031,SITE103,Airport Extension,Trichy,2025-05-08,2025-05-14,2025-05-14,6,24000,144000,48000,Partial,OP1126,Completed,0
RNT101269,EQX1268,CUST1004,SITE124,Highway Expansion,Salem,2025-05-24,2025-06-04,2025-06-04,11,22000,242000,44000,Paid,OP1196,Completed,0
RNT101270,EQX1226,CUST1058,SITE111,Bridge Construction,Madurai,2025-03-19,2025-04-08,2025-04-08,20,24000,480000,48000,Paid,OP1087,Completed,0
RNT101271,EQX1265,CUST1035,SITE120,Airport Extension,Trichy,2025-01-08,2025-01-15,2025-01-15,7,22000,154000,44000,Paid,OP1008,Completed,0
RNT101272,EQX1124,CUST1036,SITE109,Metro Rail Project,Bangalore,2025-03-22,2025-03-29,2025-03-29,7,18000,126000,36000,Paid,OP1160,Completed,0
RNT101273,EQX1120,CUST1090,SITE121,IT Park,Chennai,2025-02-10,2025-02-28,2025-03-03,18,22000,462000,44000,Pending,OP1036,Overdue,3
RNT101274,EQX1266,CUST1024,SITE125,Smart City Zone,Bangalore,2025-01-14,2025-01-20,2025-01-20,6,30000,180000,60000,Paid,OP1051,Completed,0
RNT101275,EQX1153,CUST1009,SITE121,Smart City Zone,Madurai,2025-04-10,2025-05-04,2025-05-04,24,24000,576000,48000,Pending,OP1184,Completed,0
RNT101276,EQX1250,CUST1113,SITE119,Harbor Expansion,Trichy,2025-02-13,2025-02-25,2025-02-25,12,25000,300000,50000,Paid,OP1075,Completed,0
RNT101277,EQX1088,CUST1041,SITE125,IT Park,Trichy,2025-04-05,2025-04-30,2025-04-30,25,18000,450000,36000,Partial,OP1186,Completed,0
RNT101278,EQX1014,CUST1117,SITE111,River Embankment,Bangalore,2025-05-30,2025-06-11,2025-06-11,12,12000,144000,24000,Paid,OP1003,Completed,0
RNT101279,EQX1293,CUST1035,SITE127,Solar Power Plant,Salem,2025-06-13,2025-07-02,2025-07-02,19,18000,342000,36000,Partial,OP1094,Completed,0
RNT101280,EQX1039,CUST1032,SITE110,Smart City Zone,Madurai,2025-02-12,2025-02-20,2025-02-20,8,18000,144000,36000,Paid,OP1011,Completed,0
RNT101281,EQX1166,CUST1118,SITE109,Highway Expansion,Chennai,2025-05-12,2025-05-23,2025-05-29,11,22000,374000,44000,Paid,OP1097,Overdue,6
RNT101282,EQX1293,CUST1008,SITE107,Metro Rail Project,Trichy,2025-06-13,2025-06-17,2025-06-26,4,18000,234000,36000,Paid,OP1135,Overdue,9
RNT101283,EQX1249,CUST1084,SITE110,Harbor Expansion,Bangalore,2025-01-11,2025-02-09,2025-02-09,29,18000,522000,36000,Partial,OP1093,Completed,0
RNT101284,EQX1125,CUST1062,SITE113,Residential Township,Mysore,2025-01-22,2025-02-18,2025-02-18,27,25000,675000,50000,Paid,OP1037,Completed,0
RNT101285,EQX1186,CUST1119,SITE123,Smart City Zone,Hyderabad,2025-06-11,2025-06-23,2025-06-27,12,25000,400000,50000,Paid,OP1089,Overdue,4
RNT101286,EQX1269,CUST1039,SITE112,Highway Expansion,Madurai,2025-06-05,2025-06-27,2025-06-27,22,12000,264000,24000,Paid,OP1199,Completed,0
RNT101287,EQX1258,CUST1102,SITE109,Metro Rail Project,Madurai,2025-05-15,2025-05-27,2025-05-27,12,18000,216000,36000,Paid,OP1106,Completed,0
RNT101288,EQX1255,CUST1048,SITE123,Mining Site,Coimbatore,2025-04-10,2025-04-16,2025-04-16,6,12000,72000,24000,Paid,OP1162,Completed,0
RNT101289,EQX1266,CUST1093,SITE114,Residential Township,Trichy,2025-05-24,2025-05-30,2025-05-30,6,30000,180000,60000,Paid,OP1077,Completed,0
RNT101290,EQX1218,CUST1100,SITE130,Industrial Park,Coimbatore,2025-03-19,2025-04-02,2025-04-02,14,12000,168000,24000,Paid,OP1101,Completed,0
RNT101291,EQX1078,CUST1087,SITE109,Bridge Construction,Salem,2025-03-25,2025-04-02,2025-04-02,8,12000,96000,24000,Partial,OP1175,Completed,0
RNT101292,EQX1137,CUST1101,SITE115,River Embankment,Bangalore,2025-05-21,2025-06-15,2025-06-15,25,18000,450000,36000,Paid,OP1030,Completed,0
RNT101293,EQX1089,CUST1012,SITE121,Solar Power Plant,Trichy,2025-03-17,2025-04-14,2025-04-14,28,18000,504000,36000,Paid,OP1007,Completed,0
RNT101294,EQX1221,CUST1110,SITE114,IT Park,Mysore,2025-06-17,2025-07-11,2025-07-11,24,25000,600000,50000,Paid,OP1104,Completed,0
RNT101295,EQX1041,CUST1066,SITE109,Bridge Construction,Hyderabad,2025-02-15,2025-02-28,2025-02-28,13,24000,312000,48000,Paid,OP1029,Completed,0
RNT101296,EQX1287,CUST1093,SITE110,River Embankment,Mysore,2025-05-27,2025-06-24,2025-06-24,28,12000,336000,24000,Paid,OP1199,Completed,0
RNT101297,EQX1201,CUST1038,SITE104,Bridge Construction,Mysore,2025-06-01,2025-06-12,2025-06-12,11,18000,198000,36000,Paid,OP1134,Completed,0
RNT101298,EQX1200,CUST1021,SITE125,Smart City Zone,Trichy,2025-03-12,2025-03-18,2025-03-18,6,18000,108000,36000,Paid,OP1004,Completed,0
RNT101299,EQX1265,CUST1058,SITE104,River Embankment,Coimbatore,2025-06-15,2025-06-22,2025-06-22,7,22000,154000,44000,Paid,OP1161,Completed,0
RNT101300,EQX1101,CUST1073,SITE113,Mining Site,Coimbatore,2025-05-14,2025-05-16,2025-05-22,2,24000,192000,48000,Paid,OP1169,Overdue,6
RNT101301,EQX1223,CUST1017,SITE127,Residential Township,Trichy,2025-05-18,2025-05-24,2025-05-24,6,30000,180000,60000,Partial,OP1058,Completed,0
RNT101302,EQX1026,CUST1061,SITE113,Mining Site,Mysore,2025-05-19,2025-05-31,2025-05-31,12,25000,300000,50000,Paid,OP1129,Completed,0
RNT101303,EQX1198,CUST1084,SITE102,Bridge Construction,Hyderabad,2025-01-15,2025-02-08,2025-02-08,24,24000,576000,48000,Paid,OP1128,Completed,0
RNT101304,EQX1157,CUST1021,SITE116,Harbor Expansion,Trichy,2025-01-14,2025-01-31,2025-01-31,17,30000,510000,60000,Paid,OP1120,Completed,0
RNT101305,EQX1159,CUST1057,SITE121,Bridge Construction,Madurai,2025-03-17,2025-04-03,2025-04-12,17,24000,624000,48000,Partial,OP1057,Overdue,9
RNT101306,EQX1010,CUST1002,SITE113,Smart City Zone,Salem,2025-02-18,2025-02-22,2025-02-22,4,25000,100000,50000,Partial,OP1052,Completed,0
RNT101307,EQX1029,CUST1050,SITE128,Residential Township,Trichy,2025-06-14,2025-07-08,2025-07-08,24,12000,288000,24000,Paid,OP1195,Completed,0
RNT101308,EQX1294,CUST1013,SITE104,Residential Township,Madurai,2025-04-11,2025-04-27,2025-04-27,16,22000,352000,44000,Paid,OP1199,Completed,0
RNT101309,EQX1133,CUST1083,SITE114,IT Park,Coimbatore,2025-03-24,2025-04-20,2025-04-20,27,30000,810000,60000,Paid,OP1111,Completed,0
RNT101310,EQX1208,CUST1033,SITE102,Highway Expansion,Trichy,2025-04-10,2025-04-27,2025-04-27,17,18000,306000,36000,Paid,OP1175,Completed,0
RNT101311,EQX1055,CUST1096,SITE101,Smart City Zone,Coimbatore,2025-01-05,2025-01-25,2025-01-25,20,25000,500000,50000,Paid,OP1062,Completed,0
RNT101312,EQX1154,CUST1076,SITE129,IT Park,Madurai,2025-04-18,2025-04-24,2025-04-29,6,12000,132000,24000,Paid,OP1199,Overdue,5
RNT101313,EQX1114,CUST1076,SITE117,Mining Site,Mysore,2025-03-04,2025-03-27,2025-04-04,23,12000,372000,24000,Paid,OP1103,Overdue,8
RNT101314,EQX1022,CUST1088,SITE126,IT Park,Madurai,2025-01-12,2025-02-05,2025-02-05,24,24000,576000,48000,Paid,OP1007,Completed,0
RNT101315,EQX1094,CUST1101,SITE130,Industrial Park,Salem,2025-03-28,2025-04-15,2025-04-15,18,30000,540000,60000,Pending,OP1115,Completed,0
RNT101316,EQX1019,CUST1020,SITE106,IT Park,Trichy,2025-06-27,2025-07-22,2025-07-22,25,25000,625000,50000,Paid,OP1150,Completed,0
RNT101317,EQX1006,CUST1103,SITE114,Residential Township,Salem,2025-01-14,2025-02-13,2025-02-13,30,24000,720000,48000,Paid,OP1175,Completed,0
RNT101318,EQX1124,CUST1022,SITE102,Highway Expansion,Coimbatore,2025-06-11,2025-06-17,2025-06-17,6,18000,108000,36000,Partial,OP1068,Completed,0
RNT101319,EQX1040,CUST1064,SITE111,Mining Site,Trichy,2025-04-01,2025-04-24,2025-04-24,23,12000,276000,24000,Paid,OP1037,Completed,0
RNT101320,EQX1180,CUST1093,SITE130,Harbor Expansion,Hyderabad,2025-02-14,2025-03-14,2025-03-14,28,18000,504000,36000,Paid,OP1047,Completed,0
RNT101321,EQX1255,CUST1013,SITE116,Mining Site,Mysore,2025-03-04,2025-03-17,2025-03-17,13,12000,156000,24000,Pending,OP1005,Completed,0
RNT101322,EQX1290,CUST1107,SITE110,Industrial Park,Madurai,2025-01-08,2025-02-01,2025-02-09,24,22000,704000,44000,Pending,OP1199,Overdue,8
RNT101323,EQX1150,CUST1078,SITE126,Bridge Construction,Trichy,2025-01-03,2025-01-23,2025-01-23,20,18000,360000,36000,Paid,OP1043,Completed,0
RNT101324,EQX1012,CUST1040,SITE110,IT Park,Salem,2025-01-30,2025-02-10,2025-02-13,11,30000,420000,60000,Pending,OP1083,Overdue,3
RNT101325,EQX1261,CUST1086,SITE114,Solar Power Plant,Bangalore,2025-04-11,2025-04-16,2025-04-16,5,24000,120000,48000,Paid,OP1120,Completed,0
RNT101326,EQX1116,CUST1083,SITE112,Smart City Zone,Coimbatore,2025-03-16,2025-03-18,2025-03-18,2,30000,60000,60000,Paid,OP1041,Completed,0
RNT101327,EQX1258,CUST1025,SITE106,IT Park,Madurai,2025-02-18,2025-03-18,2025-03-18,28,18000,504000,36000,Paid,OP1189,Completed,0
RNT101328,EQX1187,CUST1061,SITE118,Residential Township,Trichy,2025-04-19,2025-04-22,2025-04-22,3,30000,90000,60000,Partial,OP1029,Completed,0
RNT101329,EQX1214,CUST1118,SITE119,Industrial Park,Mysore,2025-02-05,2025-02-15,2025-02-15,10,24000,240000,48000,Paid,OP1111,Completed,0
RNT101330,EQX1271,CUST1069,SITE104,Airport Extension,Madurai,2025-02-27,2025-03-03,2025-03-03,4,12000,48000,24000,Paid,OP1019,Completed,0
RNT101331,EQX1163,CUST1022,SITE119,Airport Extension,Bangalore,2025-01-01,2025-01-17,2025-01-17,16,25000,400000,50000,Paid,OP1193,Completed,0
RNT101332,EQX1049,CUST1078,SITE112,Airport Extension,Mysore,2025-04-24,2025-05-08,2025-05-08,14,12000,168000,24000,Paid,OP1152,Completed,0
RNT101333,EQX1184,CUST1068,SITE120,Industrial Park,Bangalore,2025-04-01,2025-04-19,2025-04-19,18,24000,432000,48000,Pending,OP1113,Completed,0
RNT101334,EQX1233,CUST1097,SITE106,Airport Extension,Mysore,2025-03-01,2025-03-16,2025-03-16,15,30000,450000,60000,Paid,OP1014,Completed,0
RNT101335,EQX1241,CUST1074,SITE119,Airport Extension,Hyderabad,2025-03-11,2025-03-23,2025-03-23,12,12000,144000,24000,Partial,OP1116,Completed,0
RNT101336,EQX1208,CUST1086,SITE103,Residential Township,Madurai,2025-01-03,2025-01-18,2025-01-18,15,18000,270000,36000,Paid,OP1077,Completed,0
RNT101337,EQX1072,CUST1072,SITE102,Residential Township,Chennai,2025-02-17,2025-03-11,2025-03-11,22,18000,396000,36000,Paid,OP1114,Completed,0
RNT101338,EQX1256,CUST1086,SITE129,Bridge Construction,Salem,2025-01-26,2025-02-22,2025-03-04,27,12000,444000,24000,Paid,OP1107,Overdue,10
RNT101339,EQX1192,CUST1035,SITE101,Mining Site,Chennai,2025-05-14,2025-05-31,2025-05-31,17,12000,204000,24000,Paid,OP1129,Completed,0
RNT101340,EQX1129,CUST1033,SITE112,Smart City Zone,Hyderabad,2025-05-13,2025-06-03,2025-06-03,21,24000,504000,48000,Paid,OP1144,Completed,0
RNT101341,EQX1059,CUST1117,SITE130,Metro Rail Project,Mysore,2025-04-05,2025-05-05,2025-05-05,30,24000,720000,48000,Paid,OP1083,Completed,0
RNT101342,EQX1187,CUST1009,SITE127,Harbor Expansion,Trichy,2025-01-07,2025-01-10,2025-01-10,3,30000,90000,60000,Paid,OP1164,Completed,0
RNT101343,EQX1034,CUST1054,SITE116,Bridge Construction,Coimbatore,2025-04-13,2025-05-05,2025-05-05,22,25000,550000,50000,Paid,OP1170,Completed,0
RNT101344,EQX1096,CUST1046,SITE123,IT Park,Coimbatore,2025-01-02,2025-01-30,2025-01-30,28,25000,700000,50000,Paid,OP1183,Completed,0
RNT101345,EQX1191,CUST1011,SITE116,Solar Power Plant,Hyderabad,2025-01-04,2025-01-11,2025-01-12,7,24000,192000,48000,Paid,OP1137,Overdue,1
RNT101346,EQX1229,CUST1010,SITE126,IT Park,Coimbatore,2025-04-13,2025-04-21,2025-04-21,8,22000,176000,44000,Paid,OP1196,Completed,0
RNT101347,EQX1039,CUST1030,SITE118,Residential Township,Chennai,2025-02-07,2025-03-09,2025-03-09,30,18000,540000,36000,Paid,OP1147,Completed,0
RNT101348,EQX1059,CUST1077,SITE105,Industrial Park,Chennai,2025-04-03,2025-04-16,2025-04-16,13,24000,312000,48000,Paid,OP1134,Completed,0
RNT101349,EQX1287,CUST1017,SITE128,Harbor Expansion,Hyderabad,2025-06-27,2025-07-03,2025-07-03,6,12000,72000,24000,Paid,OP1058,Completed,0
RNT101350,EQX1277,CUST1074,SITE111,IT Park,Trichy,2025-01-14,2025-02-09,2025-02-16,26,12000,396000,24000,Paid,OP1068,Overdue,7
RNT101351,EQX1160,CUST1011,SITE120,IT Park,Hyderabad,2025-01-22,2025-02-14,2025-02-14,23,18000,414000,36000,Paid,OP1041,Completed,0
RNT101352,EQX1296,CUST1056,SITE104,River Embankment,Salem,2025-05-04,2025-05-27,2025-05-27,23,30000,690000,60000,Paid,OP1130,Completed,0
RNT101353,EQX1273,CUST1015,SITE106,Residential Township,Madurai,2025-01-17,2025-01-27,2025-01-27,10,18000,180000,36000,Paid,OP1159,Completed,0
RNT101354,EQX1031,CUST1034,SITE104,Mining Site,Madurai,2025-03-23,2025-03-25,2025-03-25,2,18000,36000,36000,Paid,OP1033,Completed,0
RNT101355,EQX1091,CUST1013,SITE103,River Embankment,Trichy,2025-01-14,2025-01-21,2025-01-21,7,25000,175000,50000,Paid,OP1093,Completed,0
RNT101356,EQX1099,CUST1051,SITE106,Harbor Expansion,Hyderabad,2025-04-09,2025-04-29,2025-05-04,20,22000,550000,44000,Paid,OP1018,Overdue,5
RNT101357,EQX1004,CUST1085,SITE110,IT Park,Madurai,2025-03-12,2025-04-10,2025-04-10,29,30000,870000,60000,Paid,OP1081,Completed,0
RNT101358,EQX1192,CUST1014,SITE110,Industrial Park,Salem,2025-06-27,2025-07-23,2025-07-23,26,12000,312000,24000,Paid,OP1057,Completed,0
RNT101359,EQX1150,CUST1062,SITE115,Solar Power Plant,Hyderabad,2025-02-16,2025-02-22,2025-02-22,6,18000,108000,36000,Partial,OP1076,Completed,0
RNT101360,EQX1082,CUST1010,SITE104,IT Park,Coimbatore,2025-04-30,2025-05-06,2025-05-06,6,12000,72000,24000,Partial,OP1190,Completed,0
RNT101361,EQX1109,CUST1016,SITE127,IT Park,Chennai,2025-05-18,2025-06-02,2025-06-02,15,24000,360000,48000,Paid,OP1115,Completed,0
RNT101362,EQX1250,CUST1044,SITE112,Industrial Park,Bangalore,2025-04-29,2025-05-24,2025-05-24,25,25000,625000,50000,Partial,OP1049,Completed,0
RNT101363,EQX1138,CUST1076,SITE126,IT Park,Salem,2025-05-07,2025-05-11,2025-05-11,4,22000,88000,44000,Paid,OP1072,Completed,0
RNT101364,EQX1015,CUST1102,SITE109,Airport Extension,Chennai,2025-01-26,2025-01-29,2025-01-29,3,22000,66000,44000,Paid,OP1052,Completed,0
RNT101365,EQX1022,CUST1117,SITE120,Harbor Expansion,Trichy,2025-02-21,2025-03-15,2025-03-15,22,24000,528000,48000,Paid,OP1028,Completed,0
RNT101366,EQX1145,CUST1091,SITE121,Smart City Zone,Chennai,2025-06-16,2025-07-06,2025-07-06,20,24000,480000,48000,Paid,OP1060,Completed,0
RNT101367,EQX1198,CUST1083,SITE116,Solar Power Plant,Hyderabad,2025-01-19,2025-02-09,2025-02-10,21,24000,528000,48000,Paid,OP1162,Overdue,1
RNT101368,EQX1027,CUST1021,SITE114,Smart City Zone,Chennai,2025-03-12,2025-03-27,2025-03-27,15,25000,375000,50000,Pending,OP1157,Completed,0
RNT101369,EQX1156,CUST1047,SITE117,Highway Expansion,Hyderabad,2025-01-25,2025-02-17,2025-02-23,23,30000,870000,60000,Paid,OP1198,Overdue,6
RNT101370,EQX1011,CUST1078,SITE122,Airport Extension,Madurai,2025-04-01,2025-04-26,2025-04-26,25,25000,625000,50000,Partial,OP1132,Completed,0
RNT101371,EQX1228,CUST1011,SITE111,Metro Rail Project,Mysore,2025-06-17,2025-06-22,2025-06-22,5,24000,120000,48000,Partial,OP1025,Completed,0
RNT101372,EQX1174,CUST1001,SITE124,River Embankment,Hyderabad,2025-06-24,2025-07-14,2025-07-14,20,25000,500000,50000,Paid,OP1011,Completed,0
RNT101373,EQX1120,CUST1049,SITE121,Airport Extension,Salem,2025-03-23,2025-04-17,2025-04-17,25,22000,550000,44000,Partial,OP1006,Completed,0
RNT101374,EQX1014,CUST1066,SITE103,Solar Power Plant,Mysore,2025-05-25,2025-06-05,2025-06-06,11,12000,144000,24000,Pending,OP1003,Overdue,1
RNT101375,EQX1177,CUST1016,SITE127,Airport Extension,Coimbatore,2025-06-05,2025-07-03,2025-07-04,28,25000,725000,50000,Paid,OP1183,Overdue,1
RNT101376,EQX1100,CUST1043,SITE102,Solar Power Plant,Mysore,2025-06-18,2025-07-15,2025-07-15,27,12000,324000,24000,Paid,OP1179,Completed,0
RNT101377,EQX1146,CUST1110,SITE109,Mining Site,Salem,2025-05-17,2025-05-22,2025-05-31,5,18000,252000,36000,Paid,OP1111,Overdue,9
RNT101378,EQX1061,CUST1040,SITE119,River Embankment,Chennai,2025-04-17,2025-05-09,2025-05-09,22,24000,528000,48000,Paid,OP1192,Completed,0
RNT101379,EQX1050,CUST1086,SITE106,Harbor Expansion,Coimbatore,2025-06-24,2025-07-03,2025-07-03,9,18000,162000,36000,Pending,OP1148,Completed,0
RNT101380,EQX1263,CUST1038,SITE101,Bridge Construction,Trichy,2025-02-12,2025-03-10,2025-03-10,26,18000,468000,36000,Paid,OP1058,Completed,0
RNT101381,EQX1070,CUST1101,SITE103,River Embankment,Coimbatore,2025-06-10,2025-07-07,2025-07-07,27,24000,648000,48000,Paid,OP1099,Completed,0
RNT101382,EQX1112,CUST1116,SITE125,Airport Extension,Hyderabad,2025-05-23,2025-05-27,2025-05-27,4,30000,120000,60000,Partial,OP1012,Completed,0
RNT101383,EQX1228,CUST1008,SITE109,Highway Expansion,Bangalore,2025-02-12,2025-03-01,2025-03-01,17,24000,408000,48000,Pending,OP1166,Completed,0
RNT101384,EQX1105,CUST1035,SITE101,Harbor Expansion,Bangalore,2025-03-07,2025-04-02,2025-04-02,26,12000,312000,24000,Paid,OP1043,Completed,0
RNT101385,EQX1217,CUST1117,SITE101,Mining Site,Hyderabad,2025-01-24,2025-02-08,2025-02-08,15,18000,270000,36000,Paid,OP1094,Completed,0
RNT101386,EQX1066,CUST1001,SITE126,Industrial Park,Hyderabad,2025-02-15,2025-03-08,2025-03-08,21,30000,630000,60000,Paid,OP1179,Completed,0
RNT101387,EQX1043,CUST1050,SITE110,Smart City Zone,Salem,2025-06-28,2025-07-12,2025-07-20,14,22000,484000,44000,Paid,OP1059,Overdue,8
RNT101388,EQX1234,CUST1013,SITE115,IT Park,Hyderabad,2025-04-15,2025-05-12,2025-05-12,27,22000,594000,44000,Paid,OP1152,Completed,0
RNT101389,EQX1159,CUST1024,SITE114,Highway Expansion,Bangalore,2025-02-28,2025-03-21,2025-03-21,21,24000,504000,48000,Pending,OP1014,Completed,0
RNT101390,EQX1225,CUST1071,SITE114,Industrial Park,Hyderabad,2025-02-28,2025-03-25,2025-03-25,25,22000,550000,44000,Paid,OP1015,Completed,0
RNT101391,EQX1176,CUST1023,SITE129,Highway Expansion,Hyderabad,2025-04-04,2025-04-23,2025-04-23,19,30000,570000,60000,Paid,OP1125,Completed,0
RNT101392,EQX1146,CUST1018,SITE125,Mining Site,Mysore,2025-01-23,2025-02-17,2025-02-17,25,18000,450000,36000,Partial,OP1117,Completed,0
RNT101393,EQX1167,CUST1112,SITE111,Residential Township,Trichy,2025-06-30,2025-07-18,2025-07-18,18,24000,432000,48000,Pending,OP1188,Completed,0
RNT101394,EQX1134,CUST1036,SITE123,Bridge Construction,Hyderabad,2025-03-28,2025-04-20,2025-04-20,23,24000,552000,48000,Paid,OP1163,Completed,0
RNT101395,EQX1042,CUST1032,SITE106,Industrial Park,Bangalore,2025-05-30,2025-06-24,2025-06-24,25,25000,625000,50000,Paid,OP1065,Completed,0
RNT101396,EQX1229,CUST1017,SITE102,Solar Power Plant,Chennai,2025-06-10,2025-06-29,2025-06-29,19,22000,418000,44000,Partial,OP1062,Completed,0
RNT101397,EQX1080,CUST1097,SITE107,Highway Expansion,Salem,2025-02-06,2025-02-11,2025-02-11,5,24000,120000,48000,Paid,OP1042,Completed,0
RNT101398,EQX1047,CUST1003,SITE120,Smart City Zone,Bangalore,2025-05-21,2025-06-03,2025-06-03,13,24000,312000,48000,Pending,OP1165,Completed,0
RNT101399,EQX1117,CUST1011,SITE101,Airport Extension,Bangalore,2025-05-21,2025-06-03,2025-06-03,13,18000,234000,36000,Paid,OP1037,Completed,0
RNT101400,EQX1201,CUST1071,SITE117,Smart City Zone,Coimbatore,2025-04-22,2025-05-20,2025-05-27,28,18000,630000,36000,Paid,OP1086,Overdue,7
RNT101401,EQX1286,CUST1093,SITE116,Airport Extension,Chennai,2025-04-16,2025-05-01,2025-05-01,15,18000,270000,36000,Pending,OP1142,Completed,0
RNT101402,EQX1126,CUST1054,SITE126,River Embankment,Trichy,2025-05-08,2025-06-03,2025-06-03,26,18000,468000,36000,Partial,OP1071,Completed,0
RNT101403,EQX1150,CUST1005,SITE108,Metro Rail Project,Chennai,2025-02-13,2025-03-07,2025-03-07,22,18000,396000,36000,Paid,OP1132,Completed,0
RNT101404,EQX1092,CUST1041,SITE124,Solar Power Plant,Hyderabad,2025-04-27,2025-05-10,2025-05-10,13,24000,312000,48000,Paid,OP1008,Completed,0
RNT101405,EQX1063,CUST1059,SITE110,Solar Power Plant,Coimbatore,2025-04-22,2025-05-03,2025-05-03,11,25000,275000,50000,Partial,OP1090,Completed,0
RNT101406,EQX1129,CUST1091,SITE121,Harbor Expansion,Hyderabad,2025-05-29,2025-06-10,2025-06-10,12,24000,288000,48000,Paid,OP1014,Completed,0
RNT101407,EQX1269,CUST1082,SITE120,Residential Township,Hyderabad,2025-06-16,2025-06-27,2025-06-27,11,12000,132000,24000,Paid,OP1164,Completed,0
RNT101408,EQX1111,CUST1092,SITE101,Industrial Park,Bangalore,2025-04-26,2025-04-28,2025-04-28,2,22000,44000,44000,Paid,OP1031,Completed,0
RNT101409,EQX1190,CUST1027,SITE120,IT Park,Chennai,2025-03-19,2025-04-09,2025-04-09,21,25000,525000,50000,Paid,OP1045,Completed,0
RNT101410,EQX1188,CUST1035,SITE130,Harbor Expansion,Madurai,2025-04-30,2025-05-10,2025-05-10,10,30000,300000,60000,Partial,OP1131,Completed,0
RNT101411,EQX1178,CUST1116,SITE104,Smart City Zone,Trichy,2025-03-08,2025-03-26,2025-03-26,18,22000,396000,44000,Paid,OP1104,Completed,0
RNT101412,EQX1081,CUST1014,SITE129,Metro Rail Project,Madurai,2025-05-29,2025-06-09,2025-06-09,11,22000,242000,44000,Pending,OP1108,Completed,0
RNT101413,EQX1087,CUST1002,SITE117,Bridge Construction,Bangalore,2025-03-19,2025-04-12,2025-04-12,24,25000,600000,50000,Pending,OP1165,Completed,0
RNT101414,EQX1066,CUST1073,SITE110,Solar Power Plant,Coimbatore,2025-01-30,2025-02-25,2025-02-25,26,30000,780000,60000,Paid,OP1038,Completed,0
RNT101415,EQX1249,CUST1019,SITE107,Airport Extension,Chennai,2025-06-16,2025-06-28,2025-06-28,12,18000,216000,36000,Paid,OP1194,Completed,0
RNT101416,EQX1052,CUST1049,SITE103,Bridge Construction,Coimbatore,2025-02-12,2025-03-02,2025-03-08,18,24000,576000,48000,Paid,OP1147,Overdue,6
RNT101417,EQX1269,CUST1075,SITE128,Smart City Zone,Salem,2025-04-15,2025-05-10,2025-05-10,25,12000,300000,24000,Paid,OP1189,Completed,0
RNT101418,EQX1239,CUST1078,SITE119,Residential Township,Bangalore,2025-03-05,2025-03-12,2025-03-12,7,22000,154000,44000,Paid,OP1040,Completed,0
RNT101419,EQX1143,CUST1041,SITE118,Residential Township,Chennai,2025-06-29,2025-07-17,2025-07-17,18,12000,216000,24000,Paid,OP1048,Completed,0
RNT101420,EQX1152,CUST1018,SITE108,Smart City Zone,Coimbatore,2025-05-27,2025-06-20,2025-06-20,24,18000,432000,36000,Paid,OP1088,Completed,0
RNT101421,EQX1164,CUST1080,SITE128,Mining Site,Mysore,2025-05-15,2025-05-24,2025-05-24,9,30000,270000,60000,Paid,OP1067,Completed,0
RNT101422,EQX1188,CUST1084,SITE114,Industrial Park,Salem,2025-01-05,2025-01-28,2025-01-28,23,30000,690000,60000,Paid,OP1109,Completed,0
RNT101423,EQX1222,CUST1013,SITE130,Mining Site,Mysore,2025-06-27,2025-07-12,2025-07-12,15,22000,330000,44000,Paid,OP1121,Completed,0
RNT101424,EQX1285,CUST1050,SITE124,Residential Township,Coimbatore,2025-05-18,2025-06-13,2025-06-13,26,30000,780000,60000,Paid,OP1150,Completed,0
RNT101425,EQX1127,CUST1066,SITE111,Highway Expansion,Trichy,2025-01-18,2025-02-15,2025-02-15,28,24000,672000,48000,Paid,OP1114,Completed,0
RNT101426,EQX1177,CUST1030,SITE127,Residential Township,Hyderabad,2025-02-19,2025-02-24,2025-02-24,5,25000,125000,50000,Paid,OP1111,Completed,0
RNT101427,EQX1013,CUST1090,SITE119,Residential Township,Trichy,2025-03-21,2025-04-10,2025-04-10,20,18000,360000,36000,Partial,OP1049,Completed,0
RNT101428,EQX1158,CUST1109,SITE118,Industrial Park,Bangalore,2025-06-14,2025-06-19,2025-06-19,5,24000,120000,48000,Pending,OP1065,Completed,0
RNT101429,EQX1072,CUST1051,SITE113,River Embankment,Chennai,2025-04-21,2025-04-30,2025-05-01,9,18000,180000,36000,Paid,OP1120,Overdue,1
RNT101430,EQX1120,CUST1063,SITE124,Metro Rail Project,Coimbatore,2025-02-17,2025-02-28,2025-02-28,11,22000,242000,44000,Pending,OP1183,Completed,0
RNT101431,EQX1054,CUST1021,SITE107,Airport Extension,Mysore,2025-06-18,2025-07-03,2025-07-03,15,12000,180000,24000,Partial,OP1061,Completed,0
RNT101432,EQX1077,CUST1003,SITE129,River Embankment,Salem,2025-05-21,2025-06-20,2025-06-25,30,18000,630000,36000,Pending,OP1189,Overdue,5
RNT101433,EQX1261,CUST1113,SITE117,Industrial Park,Mysore,2025-02-18,2025-03-13,2025-03-14,23,24000,576000,48000,Paid,OP1154,Overdue,1
RNT101434,EQX1260,CUST1012,SITE129,Industrial Park,Hyderabad,2025-06-15,2025-07-08,2025-07-08,23,30000,690000,60000,Pending,OP1108,Completed,0
RNT101435,EQX1268,CUST1081,SITE119,Industrial Park,Salem,2025-06-24,2025-07-09,2025-07-19,15,22000,550000,44000,Paid,OP1090,Overdue,10
RNT101436,EQX1131,CUST1118,SITE114,Bridge Construction,Coimbatore,2025-04-04,2025-04-19,2025-04-19,15,22000,330000,44000,Paid,OP1185,Completed,0
RNT101437,EQX1108,CUST1116,SITE124,Industrial Park,Madurai,2025-02-13,2025-03-14,2025-03-14,29,22000,638000,44000,Pending,OP1183,Completed,0
RNT101438,EQX1158,CUST1039,SITE106,Mining Site,Bangalore,2025-05-29,2025-06-13,2025-06-13,15,24000,360000,48000,Partial,OP1069,Completed,0
RNT101439,EQX1154,CUST1024,SITE113,Airport Extension,Trichy,2025-06-04,2025-06-30,2025-06-30,26,12000,312000,24000,Paid,OP1135,Completed,0
RNT101440,EQX1081,CUST1066,SITE103,Industrial Park,Coimbatore,2025-01-05,2025-01-15,2025-01-22,10,22000,374000,44000,Paid,OP1049,Overdue,7
RNT101441,EQX1273,CUST1119,SITE123,Highway Expansion,Madurai,2025-01-23,2025-02-05,2025-02-05,13,18000,234000,36000,Pending,OP1137,Completed,0
RNT101442,EQX1046,CUST1049,SITE114,Harbor Expansion,Salem,2025-02-11,2025-03-10,2025-03-10,27,22000,594000,44000,Paid,OP1036,Completed,0
RNT101443,EQX1276,CUST1001,SITE118,Industrial Park,Salem,2025-05-26,2025-06-08,2025-06-08,13,25000,325000,50000,Paid,OP1095,Completed,0
RNT101444,EQX1063,CUST1005,SITE118,Residential Township,Salem,2025-06-02,2025-06-22,2025-06-22,20,25000,500000,50000,Pending,OP1013,Completed,0
RNT101445,EQX1057,CUST1068,SITE101,Residential Township,Chennai,2025-04-01,2025-04-20,2025-04-20,19,22000,418000,44000,Paid,OP1078,Completed,0
RNT101446,EQX1211,CUST1068,SITE111,Smart City Zone,Trichy,2025-04-24,2025-05-19,2025-05-23,25,24000,696000,48000,Paid,OP1194,Overdue,4
RNT101447,EQX1188,CUST1036,SITE125,Smart City Zone,Salem,2025-06-09,2025-06-29,2025-06-29,20,30000,600000,60000,Paid,OP1020,Completed,0
RNT101448,EQX1193,CUST1056,SITE117,Mining Site,Madurai,2025-01-03,2025-01-20,2025-01-20,17,18000,306000,36000,Paid,OP1093,Completed,0
RNT101449,EQX1226,CUST1114,SITE101,Metro Rail Project,Mysore,2025-04-16,2025-04-21,2025-04-21,5,24000,120000,48000,Pending,OP1051,Completed,0
RNT101450,EQX1064,CUST1072,SITE107,Residential Township,Bangalore,2025-01-05,2025-01-10,2025-01-10,5,18000,90000,36000,Paid,OP1128,Completed,0
RNT101451,EQX1050,CUST1041,SITE116,Harbor Expansion,Salem,2025-01-21,2025-02-08,2025-02-10,18,18000,360000,36000,Paid,OP1199,Overdue,2
RNT101452,EQX1019,CUST1032,SITE125,IT Park,Salem,2025-05-29,2025-05-31,2025-05-31,2,25000,50000,50000,Partial,OP1097,Completed,0
RNT101453,EQX1083,CUST1035,SITE117,Mining Site,Bangalore,2025-04-29,2025-05-15,2025-05-15,16,25000,400000,50000,Paid,OP1179,Completed,0
RNT101454,EQX1192,CUST1109,SITE114,River Embankment,Bangalore,2025-02-03,2025-02-07,2025-02-07,4,12000,48000,24000,Pending,OP1040,Completed,0
RNT101455,EQX1159,CUST1031,SITE120,Metro Rail Project,Madurai,2025-03-18,2025-04-17,2025-04-24,30,24000,888000,48000,Paid,OP1060,Overdue,7
RNT101456,EQX1291,CUST1015,SITE102,Mining Site,Coimbatore,2025-06-03,2025-06-28,2025-06-28,25,25000,625000,50000,Paid,OP1050,Completed,0
RNT101457,EQX1052,CUST1073,SITE112,Harbor Expansion,Salem,2025-01-25,2025-02-21,2025-02-21,27,24000,648000,48000,Partial,OP1006,Completed,0
RNT101458,EQX1157,CUST1057,SITE102,Highway Expansion,Hyderabad,2025-03-21,2025-04-13,2025-04-13,23,30000,690000,60000,Paid,OP1087,Completed,0
RNT101459,EQX1242,CUST1092,SITE107,River Embankment,Madurai,2025-05-09,2025-05-28,2025-05-28,19,25000,475000,50000,Paid,OP1134,Completed,0
RNT101460,EQX1112,CUST1060,SITE104,Residential Township,Mysore,2025-05-01,2025-05-28,2025-05-28,27,30000,810000,60000,Paid,OP1005,Completed,0
RNT101461,EQX1271,CUST1009,SITE117,Highway Expansion,Salem,2025-04-16,2025-05-15,2025-05-15,29,12000,348000,24000,Paid,OP1102,Completed,0
RNT101462,EQX1041,CUST1074,SITE127,Solar Power Plant,Hyderabad,2025-01-14,2025-01-24,2025-01-24,10,24000,240000,48000,Paid,OP1084,Completed,0
RNT101463,EQX1166,CUST1017,SITE114,Bridge Construction,Hyderabad,2025-03-22,2025-03-25,2025-03-25,3,22000,66000,44000,Paid,OP1135,Completed,0
RNT101464,EQX1204,CUST1056,SITE118,IT Park,Hyderabad,2025-01-22,2025-02-15,2025-02-15,24,30000,720000,60000,Paid,OP1173,Completed,0
RNT101465,EQX1191,CUST1055,SITE120,Metro Rail Project,Chennai,2025-02-28,2025-03-11,2025-03-11,11,24000,264000,48000,Paid,OP1087,Completed,0
RNT101466,EQX1006,CUST1095,SITE105,Industrial Park,Salem,2025-06-15,2025-07-07,2025-07-07,22,24000,528000,48000,Paid,OP1195,Completed,0
RNT101467,EQX1119,CUST1103,SITE129,Mining Site,Trichy,2025-05-11,2025-05-17,2025-05-17,6,22000,132000,44000,Pending,OP1131,Completed,0
RNT101468,EQX1298,CUST1002,SITE113,Mining Site,Bangalore,2025-06-02,2025-06-16,2025-06-16,14,22000,308000,44000,Pending,OP1094,Completed,0
RNT101469,EQX1178,CUST1040,SITE113,River Embankment,Coimbatore,2025-05-27,2025-06-13,2025-06-13,17,22000,374000,44000,Paid,OP1180,Completed,0
RNT101470,EQX1127,CUST1040,SITE122,IT Park,Chennai,2025-03-17,2025-03-28,2025-03-28,11,24000,264000,48000,Pending,OP1186,Completed,0
RNT101471,EQX1059,CUST1040,SITE107,Bridge Construction,Coimbatore,2025-06-24,2025-07-06,2025-07-06,12,24000,288000,48000,Pending,OP1191,Completed,0
RNT101472,EQX1114,CUST1017,SITE113,Highway Expansion,Trichy,2025-04-09,2025-04-20,2025-04-20,11,12000,132000,24000,Paid,OP1070,Completed,0
RNT101473,EQX1171,CUST1078,SITE105,Harbor Expansion,Hyderabad,2025-05-17,2025-06-01,2025-06-01,15,22000,330000,44000,Paid,OP1020,Completed,0
RNT101474,EQX1265,CUST1063,SITE117,Harbor Expansion,Hyderabad,2025-01-18,2025-02-17,2025-02-17,30,22000,660000,44000,Paid,OP1085,Completed,0
RNT101475,EQX1005,CUST1019,SITE126,Residential Township,Trichy,2025-01-31,2025-02-23,2025-02-23,23,12000,276000,24000,Paid,OP1162,Completed,0
RNT101476,EQX1094,CUST1105,SITE129,Airport Extension,Madurai,2025-05-21,2025-06-13,2025-06-13,23,30000,690000,60000,Paid,OP1090,Completed,0
RNT101477,EQX1241,CUST1019,SITE103,Airport Extension,Salem,2025-01-24,2025-02-22,2025-02-22,29,12000,348000,24000,Pending,OP1126,Completed,0
RNT101478,EQX1088,CUST1083,SITE116,Metro Rail Project,Coimbatore,2025-02-19,2025-03-08,2025-03-08,17,18000,306000,36000,Paid,OP1088,Completed,0
RNT101479,EQX1209,CUST1045,SITE123,Airport Extension,Coimbatore,2025-01-10,2025-02-07,2025-02-11,28,18000,576000,36000,Paid,OP1008,Overdue,4
RNT101480,EQX1004,CUST1049,SITE106,Smart City Zone,Hyderabad,2025-03-01,2025-03-26,2025-03-26,25,30000,750000,60000,Paid,OP1044,Completed,0
RNT101481,EQX1040,CUST1094,SITE113,Residential Township,Salem,2025-02-15,2025-03-11,2025-03-11,24,12000,288000,24000,Pending,OP1051,Completed,0
RNT101482,EQX1111,CUST1114,SITE128,Metro Rail Project,Salem,2025-06-21,2025-06-30,2025-06-30,9,22000,198000,44000,Paid,OP1151,Completed,0
RNT101483,EQX1107,CUST1037,SITE125,Highway Expansion,Trichy,2025-01-18,2025-02-16,2025-02-21,29,30000,1020000,60000,Paid,OP1134,Overdue,5
RNT101484,EQX1197,CUST1048,SITE102,Highway Expansion,Hyderabad,2025-06-16,2025-07-03,2025-07-03,17,25000,425000,50000,Paid,OP1093,Completed,0
RNT101485,EQX1093,CUST1117,SITE110,IT Park,Trichy,2025-04-14,2025-04-25,2025-04-25,11,25000,275000,50000,Paid,OP1178,Completed,0
RNT101486,EQX1083,CUST1071,SITE106,Metro Rail Project,Coimbatore,2025-03-25,2025-03-29,2025-03-29,4,25000,100000,50000,Paid,OP1025,Completed,0
RNT101487,EQX1042,CUST1033,SITE102,Smart City Zone,Mysore,2025-03-13,2025-04-10,2025-04-10,28,25000,700000,50000,Pending,OP1190,Completed,0
RNT101488,EQX1280,CUST1064,SITE121,Metro Rail Project,Salem,2025-02-04,2025-03-02,2025-03-02,26,18000,468000,36000,Paid,OP1108,Completed,0
RNT101489,EQX1263,CUST1107,SITE125,Mining Site,Salem,2025-06-28,2025-07-17,2025-07-17,19,18000,342000,36000,Paid,OP1069,Completed,0
RNT101490,EQX1066,CUST1017,SITE107,Highway Expansion,Mysore,2025-03-16,2025-03-21,2025-03-21,5,30000,150000,60000,Pending,OP1111,Completed,0
RNT101491,EQX1172,CUST1064,SITE115,Smart City Zone,Chennai,2025-03-06,2025-03-12,2025-03-12,6,30000,180000,60000,Paid,OP1132,Completed,0
RNT101492,EQX1234,CUST1082,SITE111,River Embankment,Chennai,2025-01-29,2025-02-18,2025-02-20,20,22000,484000,44000,Paid,OP1006,Overdue,2
RNT101493,EQX1010,CUST1068,SITE117,Airport Extension,Hyderabad,2025-06-15,2025-06-19,2025-06-19,4,25000,100000,50000,Pending,OP1110,Completed,0
RNT101494,EQX1164,CUST1025,SITE119,Highway Expansion,Bangalore,2025-04-24,2025-05-21,2025-05-21,27,30000,810000,60000,Paid,OP1102,Completed,0
RNT101495,EQX1141,CUST1070,SITE122,Mining Site,Hyderabad,2025-01-03,2025-02-01,2025-02-01,29,12000,348000,24000,Paid,OP1136,Completed,0
RNT101496,EQX1069,CUST1033,SITE112,Harbor Expansion,Coimbatore,2025-05-30,2025-06-01,2025-06-01,2,25000,50000,50000,Paid,OP1049,Completed,0
RNT101497,EQX1133,CUST1082,SITE128,Airport Extension,Trichy,2025-04-15,2025-05-10,2025-05-10,25,30000,750000,60000,Paid,OP1098,Completed,0
RNT101498,EQX1251,CUST1105,SITE115,Highway Expansion,Madurai,2025-06-27,2025-07-15,2025-07-15,18,24000,432000,48000,Paid,OP1168,Completed,0
RNT101499,EQX1161,CUST1009,SITE112,Highway Expansion,Trichy,2025-05-23,2025-06-20,2025-06-20,28,30000,840000,60000,Paid,OP1119,Completed,0
RNT101500,EQX1011,CUST1078,SITE113,Bridge Construction,Bangalore,2025-06-07,2025-06-12,2025-06-14,5,25000,175000,50000,Paid,OP1147,Overdue,2
RNT101501,EQX1274,CUST1091,SITE106,Bridge Construction,Salem,2025-05-06,2025-05-27,2025-06-02,21,30000,810000,60000,Pending,OP1027,Overdue,6
RNT101502,EQX1238,CUST1087,SITE118,Harbor Expansion,Mysore,2025-02-02,2025-02-17,2025-02-17,15,12000,180000,24000,Paid,OP1068,Completed,0
RNT101503,EQX1035,CUST1071,SITE106,Metro Rail Project,Mysore,2025-03-02,2025-03-29,2025-03-29,27,22000,594000,44000,Paid,OP1067,Completed,0
RNT101504,EQX1044,CUST1031,SITE113,Harbor Expansion,Trichy,2025-03-12,2025-03-18,2025-03-18,6,24000,144000,48000,Paid,OP1183,Completed,0
RNT101505,EQX1147,CUST1002,SITE103,Highway Expansion,Mysore,2025-05-27,2025-06-19,2025-06-19,23,22000,506000,44000,Partial,OP1140,Completed,0
RNT101506,EQX1006,CUST1056,SITE130,Harbor Expansion,Chennai,2025-04-30,2025-05-22,2025-05-22,22,24000,528000,48000,Paid,OP1031,Completed,0
RNT101507,EQX1160,CUST1067,SITE127,IT Park,Mysore,2025-06-29,2025-07-27,2025-07-27,28,18000,504000,36000,Paid,OP1061,Completed,0
RNT101508,EQX1292,CUST1044,SITE105,Mining Site,Salem,2025-04-28,2025-05-19,2025-05-28,21,12000,360000,24000,Paid,OP1180,Overdue,9
RNT101509,EQX1086,CUST1081,SITE121,River Embankment,Mysore,2025-02-16,2025-02-20,2025-02-20,4,18000,72000,36000,Paid,OP1006,Completed,0
RNT101510,EQX1263,CUST1078,SITE118,Mining Site,Salem,2025-04-21,2025-05-03,2025-05-13,12,18000,396000,36000,Paid,OP1007,Overdue,10
RNT101511,EQX1072,CUST1105,SITE104,Airport Extension,Trichy,2025-06-06,2025-07-04,2025-07-04,28,18000,504000,36000,Paid,OP1010,Completed,0
RNT101512,EQX1023,CUST1110,SITE123,IT Park,Bangalore,2025-02-28,2025-03-13,2025-03-18,13,24000,432000,48000,Paid,OP1021,Overdue,5
RNT101513,EQX1023,CUST1055,SITE115,Industrial Park,Coimbatore,2025-06-14,2025-07-08,2025-07-08,24,24000,576000,48000,Pending,OP1123,Completed,0
RNT101514,EQX1285,CUST1040,SITE103,Highway Expansion,Bangalore,2025-01-30,2025-02-23,2025-02-23,24,30000,720000,60000,Paid,OP1025,Completed,0
RNT101515,EQX1172,CUST1001,SITE124,Solar Power Plant,Coimbatore,2025-04-12,2025-05-07,2025-05-07,25,30000,750000,60000,Partial,OP1177,Completed,0
RNT101516,EQX1192,CUST1044,SITE101,Harbor Expansion,Hyderabad,2025-05-09,2025-05-25,2025-05-25,16,12000,192000,24000,Paid,OP1095,Completed,0
RNT101517,EQX1016,CUST1070,SITE123,IT Park,Coimbatore,2025-02-11,2025-02-18,2025-02-18,7,24000,168000,48000,Paid,OP1114,Completed,0
RNT101518,EQX1072,CUST1096,SITE128,Highway Expansion,Mysore,2025-04-03,2025-04-20,2025-04-22,17,18000,342000,36000,Paid,OP1107,Overdue,2
RNT101519,EQX1243,CUST1072,SITE121,Harbor Expansion,Salem,2025-06-20,2025-07-03,2025-07-03,13,30000,390000,60000,Paid,OP1173,Completed,0
RNT101520,EQX1024,CUST1081,SITE124,Highway Expansion,Hyderabad,2025-03-20,2025-03-31,2025-03-31,11,25000,275000,50000,Partial,OP1157,Completed,0
RNT101521,EQX1072,CUST1107,SITE126,IT Park,Madurai,2025-05-25,2025-06-20,2025-06-20,26,18000,468000,36000,Partial,OP1170,Completed,0
RNT101522,EQX1054,CUST1002,SITE108,Harbor Expansion,Salem,2025-03-29,2025-04-25,2025-04-27,27,12000,348000,24000,Paid,OP1129,Overdue,2
RNT101523,EQX1029,CUST1052,SITE115,Solar Power Plant,Madurai,2025-02-02,2025-02-12,2025-02-12,10,12000,120000,24000,Paid,OP1023,Completed,0
RNT101524,EQX1156,CUST1052,SITE127,Industrial Park,Hyderabad,2025-03-08,2025-03-20,2025-03-20,12,30000,360000,60000,Paid,OP1147,Completed,0
RNT101525,EQX1071,CUST1028,SITE108,Smart City Zone,Salem,2025-02-13,2025-02-21,2025-02-21,8,30000,240000,60000,Paid,OP1102,Completed,0
RNT101526,EQX1292,CUST1035,SITE101,Airport Extension,Madurai,2025-01-25,2025-02-18,2025-02-18,24,12000,288000,24000,Paid,OP1040,Completed,0
RNT101527,EQX1205,CUST1115,SITE102,Metro Rail Project,Bangalore,2025-03-20,2025-04-09,2025-04-09,20,18000,360000,36000,Paid,OP1027,Completed,0
RNT101528,EQX1282,CUST1100,SITE103,Industrial Park,Bangalore,2025-06-11,2025-06-13,2025-06-13,2,18000,36000,36000,Partial,OP1088,Completed,0
RNT101529,EQX1230,CUST1110,SITE101,Industrial Park,Bangalore,2025-03-27,2025-04-20,2025-04-20,24,18000,432000,36000,Pending,OP1142,Completed,0
RNT101530,EQX1044,CUST1060,SITE113,Mining Site,Bangalore,2025-03-29,2025-04-04,2025-04-04,6,24000,144000,48000,Paid,OP1069,Completed,0
RNT101531,EQX1254,CUST1058,SITE123,Mining Site,Madurai,2025-02-13,2025-03-12,2025-03-12,27,18000,486000,36000,Paid,OP1083,Completed,0
RNT101532,EQX1242,CUST1098,SITE108,Airport Extension,Trichy,2025-06-21,2025-07-03,2025-07-03,12,25000,300000,50000,Paid,OP1059,Completed,0
RNT101533,EQX1121,CUST1031,SITE116,Mining Site,Salem,2025-05-30,2025-06-12,2025-06-12,13,22000,286000,44000,Paid,OP1010,Completed,0
RNT101534,EQX1120,CUST1095,SITE123,Bridge Construction,Chennai,2025-06-18,2025-06-20,2025-06-20,2,22000,44000,44000,Paid,OP1110,Completed,0
RNT101535,EQX1001,CUST1013,SITE118,Bridge Construction,Chennai,2025-02-04,2025-03-01,2025-03-01,25,12000,300000,24000,Paid,OP1091,Completed,0
RNT101536,EQX1125,CUST1049,SITE127,Residential Township,Bangalore,2025-04-15,2025-05-15,2025-05-15,30,25000,750000,50000,Paid,OP1026,Completed,0
RNT101537,EQX1153,CUST1112,SITE125,River Embankment,Bangalore,2025-04-04,2025-04-06,2025-04-06,2,24000,48000,48000,Paid,OP1033,Completed,0
RNT101538,EQX1248,CUST1044,SITE115,Metro Rail Project,Salem,2025-05-13,2025-05-22,2025-05-22,9,30000,270000,60000,Paid,OP1181,Completed,0
RNT101539,EQX1138,CUST1047,SITE112,Airport Extension,Salem,2025-03-08,2025-03-23,2025-03-23,15,22000,330000,44000,Paid,OP1111,Completed,0
RNT101540,EQX1069,CUST1116,SITE123,Residential Township,Coimbatore,2025-04-23,2025-05-05,2025-05-05,12,25000,300000,50000,Partial,OP1196,Completed,0
RNT101541,EQX1242,CUST1010,SITE129,Highway Expansion,Hyderabad,2025-06-03,2025-06-07,2025-06-07,4,25000,100000,50000,Paid,OP1151,Completed,0
RNT101542,EQX1275,CUST1017,SITE118,Mining Site,Bangalore,2025-03-17,2025-03-24,2025-03-30,7,18000,234000,36000,Paid,OP1093,Overdue,6
RNT101543,EQX1265,CUST1108,SITE107,River Embankment,Chennai,2025-02-03,2025-02-23,2025-02-23,20,22000,440000,44000,Pending,OP1178,Completed,0
RNT101544,EQX1037,CUST1058,SITE112,Solar Power Plant,Madurai,2025-01-29,2025-02-10,2025-02-10,12,25000,300000,50000,Paid,OP1062,Completed,0
RNT101545,EQX1070,CUST1072,SITE116,Smart City Zone,Madurai,2025-02-01,2025-02-11,2025-02-19,10,24000,432000,48000,Pending,OP1076,Overdue,8
RNT101546,EQX1150,CUST1058,SITE114,Residential Township,Salem,2025-03-17,2025-04-11,2025-04-11,25,18000,450000,36000,Paid,OP1057,Completed,0
RNT101547,EQX1297,CUST1084,SITE129,Residential Township,Trichy,2025-02-03,2025-02-10,2025-02-10,7,12000,84000,24000,Paid,OP1056,Completed,0
RNT101548,EQX1070,CUST1055,SITE117,Metro Rail Project,Madurai,2025-01-15,2025-01-17,2025-01-17,2,24000,48000,48000,Pending,OP1103,Completed,0
RNT101549,EQX1235,CUST1106,SITE119,IT Park,Mysore,2025-03-02,2025-03-16,2025-03-16,14,24000,336000,48000,Paid,OP1057,Completed,0
RNT101550,EQX1095,CUST1049,SITE122,Harbor Expansion,Mysore,2025-02-11,2025-03-03,2025-03-03,20,18000,360000,36000,Paid,OP1068,Completed,0
RNT101551,EQX1119,CUST1057,SITE130,Industrial Park,Madurai,2025-02-24,2025-03-20,2025-03-26,24,22000,660000,44000,Paid,OP1150,Overdue,6
RNT101552,EQX1291,CUST1089,SITE122,River Embankment,Trichy,2025-06-12,2025-07-12,2025-07-14,30,25000,800000,50000,Paid,OP1156,Overdue,2
RNT101553,EQX1060,CUST1005,SITE104,Harbor Expansion,Mysore,2025-04-17,2025-05-16,2025-05-16,29,25000,725000,50000,Paid,OP1029,Completed,0
RNT101554,EQX1253,CUST1072,SITE125,Highway Expansion,Coimbatore,2025-04-09,2025-04-29,2025-04-29,20,24000,480000,48000,Paid,OP1163,Completed,0
RNT101555,EQX1234,CUST1110,SITE108,Bridge Construction,Trichy,2025-02-08,2025-02-25,2025-02-25,17,22000,374000,44000,Pending,OP1124,Completed,0
RNT101556,EQX1245,CUST1018,SITE128,River Embankment,Chennai,2025-02-25,2025-03-12,2025-03-22,15,25000,625000,50000,Paid,OP1102,Overdue,10
RNT101557,EQX1157,CUST1042,SITE116,Metro Rail Project,Madurai,2025-04-30,2025-05-26,2025-05-26,26,30000,780000,60000,Paid,OP1082,Completed,0
RNT101558,EQX1103,CUST1117,SITE116,River Embankment,Coimbatore,2025-04-12,2025-05-05,2025-05-05,23,25000,575000,50000,Paid,OP1123,Completed,0
RNT101559,EQX1272,CUST1060,SITE125,Solar Power Plant,Salem,2025-06-27,2025-07-05,2025-07-05,8,30000,240000,60000,Partial,OP1198,Completed,0
RNT101560,EQX1010,CUST1090,SITE126,Harbor Expansion,Chennai,2025-06-19,2025-06-27,2025-06-27,8,25000,200000,50000,Paid,OP1132,Completed,0
RNT101561,EQX1036,CUST1105,SITE115,Residential Township,Trichy,2025-03-13,2025-04-07,2025-04-14,25,24000,768000,48000,Paid,OP1132,Overdue,7
RNT101562,EQX1062,CUST1075,SITE111,Metro Rail Project,Trichy,2025-01-08,2025-01-18,2025-01-18,10,12000,120000,24000,Paid,OP1041,Completed,0
RNT101563,EQX1225,CUST1106,SITE112,Mining Site,Madurai,2025-05-09,2025-06-06,2025-06-06,28,22000,616000,44000,Paid,OP1012,Completed,0
RNT101564,EQX1056,CUST1014,SITE130,Metro Rail Project,Mysore,2025-03-06,2025-03-16,2025-03-16,10,22000,220000,44000,Pending,OP1100,Completed,0
RNT101565,EQX1246,CUST1067,SITE111,Industrial Park,Hyderabad,2025-05-30,2025-06-09,2025-06-09,10,22000,220000,44000,Paid,OP1050,Completed,0
RNT101566,EQX1148,CUST1116,SITE115,Bridge Construction,Trichy,2025-05-26,2025-06-22,2025-07-01,27,22000,792000,44000,Paid,OP1174,Overdue,9
RNT101567,EQX1082,CUST1080,SITE129,IT Park,Chennai,2025-02-15,2025-02-19,2025-02-19,4,12000,48000,24000,Paid,OP1132,Completed,0
RNT101568,EQX1157,CUST1092,SITE117,Highway Expansion,Chennai,2025-03-31,2025-04-30,2025-04-30,30,30000,900000,60000,Paid,OP1018,Completed,0
RNT101569,EQX1129,CUST1085,SITE109,Solar Power Plant,Bangalore,2025-03-16,2025-04-01,2025-04-01,16,24000,384000,48000,Pending,OP1188,Completed,0
RNT101570,EQX1219,CUST1068,SITE115,Industrial Park,Madurai,2025-05-01,2025-05-21,2025-05-21,20,18000,360000,36000,Paid,OP1145,Completed,0
RNT101571,EQX1212,CUST1099,SITE108,IT Park,Hyderabad,2025-02-24,2025-03-07,2025-03-07,11,24000,264000,48000,Paid,OP1166,Completed,0
RNT101572,EQX1092,CUST1057,SITE116,Highway Expansion,Chennai,2025-04-02,2025-04-06,2025-04-06,4,24000,96000,48000,Paid,OP1127,Completed,0
RNT101573,EQX1080,CUST1117,SITE125,Airport Extension,Salem,2025-04-11,2025-05-10,2025-05-11,29,24000,720000,48000,Paid,OP1011,Overdue,1
RNT101574,EQX1236,CUST1075,SITE114,Highway Expansion,Salem,2025-03-21,2025-03-29,2025-03-29,8,18000,144000,36000,Paid,OP1066,Completed,0
RNT101575,EQX1161,CUST1037,SITE102,IT Park,Bangalore,2025-01-03,2025-01-21,2025-01-29,18,30000,780000,60000,Paid,OP1060,Overdue,8
RNT101576,EQX1092,CUST1044,SITE124,Highway Expansion,Hyderabad,2025-02-19,2025-03-04,2025-03-04,13,24000,312000,48000,Paid,OP1189,Completed,0
RNT101577,EQX1037,CUST1002,SITE106,Smart City Zone,Madurai,2025-04-02,2025-04-14,2025-04-14,12,25000,300000,50000,Pending,OP1099,Completed,0
RNT101578,EQX1240,CUST1039,SITE126,Harbor Expansion,Bangalore,2025-05-28,2025-06-12,2025-06-12,15,22000,330000,44000,Partial,OP1032,Completed,0
RNT101579,EQX1079,CUST1063,SITE101,River Embankment,Trichy,2025-04-01,2025-04-20,2025-04-20,19,12000,228000,24000,Pending,OP1005,Completed,0
RNT101580,EQX1119,CUST1025,SITE103,Solar Power Plant,Chennai,2025-01-19,2025-02-09,2025-02-09,21,22000,462000,44000,Pending,OP1013,Completed,0
RNT101581,EQX1248,CUST1069,SITE116,River Embankment,Mysore,2025-03-10,2025-03-18,2025-03-18,8,30000,240000,60000,Paid,OP1177,Completed,0
RNT101582,EQX1095,CUST1012,SITE129,Airport Extension,Trichy,2025-01-10,2025-01-12,2025-01-12,2,18000,36000,36000,Paid,OP1016,Completed,0
RNT101583,EQX1031,CUST1050,SITE128,Solar Power Plant,Salem,2025-03-10,2025-04-02,2025-04-08,23,18000,522000,36000,Paid,OP1071,Overdue,6
RNT101584,EQX1022,CUST1053,SITE123,Airport Extension,Madurai,2025-05-24,2025-05-27,2025-05-27,3,24000,72000,48000,Paid,OP1099,Completed,0
RNT101585,EQX1192,CUST1005,SITE129,Harbor Expansion,Trichy,2025-02-16,2025-02-27,2025-02-27,11,12000,132000,24000,Paid,OP1111,Completed,0
RNT101586,EQX1112,CUST1117,SITE123,Industrial Park,Chennai,2025-06-06,2025-06-09,2025-06-09,3,30000,90000,60000,Paid,OP1099,Completed,0
RNT101587,EQX1128,CUST1055,SITE107,IT Park,Bangalore,2025-04-29,2025-05-11,2025-05-11,12,30000,360000,60000,Paid,OP1069,Completed,0
RNT101588,EQX1005,CUST1004,SITE116,Metro Rail Project,Trichy,2025-06-01,2025-06-13,2025-06-13,12,12000,144000,24000,Paid,OP1170,Completed,0
RNT101589,EQX1236,CUST1034,SITE121,River Embankment,Salem,2025-06-29,2025-07-07,2025-07-07,8,18000,144000,36000,Paid,OP1012,Completed,0
RNT101590,EQX1284,CUST1018,SITE128,IT Park,Coimbatore,2025-01-09,2025-02-05,2025-02-05,27,18000,486000,36000,Paid,OP1030,Completed,0
RNT101591,EQX1219,CUST1046,SITE120,Industrial Park,Salem,2025-01-13,2025-01-22,2025-01-22,9,18000,162000,36000,Paid,OP1067,Completed,0
RNT101592,EQX1271,CUST1080,SITE120,Bridge Construction,Coimbatore,2025-05-25,2025-06-09,2025-06-09,15,12000,180000,24000,Pending,OP1184,Completed,0
RNT101593,EQX1124,CUST1079,SITE114,Smart City Zone,Madurai,2025-02-15,2025-02-17,2025-02-26,2,18000,198000,36000,Paid,OP1191,Overdue,9
RNT101594,EQX1078,CUST1036,SITE127,Airport Extension,Hyderabad,2025-01-18,2025-01-24,2025-01-28,6,12000,120000,24000,Paid,OP1032,Overdue,4
RNT101595,EQX1142,CUST1100,SITE105,Smart City Zone,Madurai,2025-05-12,2025-06-11,2025-06-11,30,24000,720000,48000,Paid,OP1116,Completed,0
RNT101596,EQX1005,CUST1059,SITE130,Airport Extension,Trichy,2025-05-22,2025-05-25,2025-05-25,3,12000,36000,24000,Pending,OP1006,Completed,0
RNT101597,EQX1053,CUST1024,SITE116,IT Park,Trichy,2025-01-30,2025-02-08,2025-02-08,9,18000,162000,36000,Pending,OP1102,Completed,0
RNT101598,EQX1275,CUST1099,SITE106,Residential Township,Chennai,2025-03-20,2025-04-04,2025-04-04,15,18000,270000,36000,Paid,OP1044,Completed,0
RNT101599,EQX1150,CUST1060,SITE124,River Embankment,Bangalore,2025-05-09,2025-06-05,2025-06-05,27,18000,486000,36000,Partial,OP1017,Completed,0
RNT101600,EQX1193,CUST1053,SITE104,Airport Extension,Hyderabad,2025-02-20,2025-03-07,2025-03-07,15,18000,270000,36000,Paid,OP1097,Completed,0
RNT101601,EQX1254,CUST1011,SITE102,Airport Extension,Trichy,2025-05-16,2025-06-09,2025-06-09,24,18000,432000,36000,Pending,OP1047,Completed,0
RNT101602,EQX1295,CUST1103,SITE126,Metro Rail Project,Hyderabad,2025-06-13,2025-06-28,2025-06-28,15,12000,180000,24000,Paid,OP1045,Completed,0
RNT101603,EQX1267,CUST1019,SITE125,Industrial Park,Hyderabad,2025-03-04,2025-04-03,2025-04-04,30,30000,930000,60000,Paid,OP1153,Overdue,1
RNT101604,EQX1035,CUST1096,SITE125,IT Park,Salem,2025-01-18,2025-01-29,2025-01-29,11,22000,242000,44000,Paid,OP1024,Completed,0
RNT101605,EQX1237,CUST1098,SITE126,Solar Power Plant,Salem,2025-04-13,2025-05-07,2025-05-07,24,12000,288000,24000,Paid,OP1088,Completed,0
RNT101606,EQX1218,CUST1113,SITE120,IT Park,Chennai,2025-03-25,2025-04-12,2025-04-19,18,12000,300000,24000,Paid,OP1051,Overdue,7
RNT101607,EQX1215,CUST1028,SITE110,Highway Expansion,Madurai,2025-02-02,2025-02-12,2025-02-18,10,12000,192000,24000,Partial,OP1152,Overdue,6
RNT101608,EQX1149,CUST1002,SITE109,IT Park,Hyderabad,2025-04-15,2025-04-27,2025-04-28,12,24000,312000,48000,Paid,OP1026,Overdue,1
RNT101609,EQX1110,CUST1010,SITE116,Metro Rail Project,Madurai,2025-02-04,2025-03-05,2025-03-05,29,12000,348000,24000,Pending,OP1005,Completed,0
RNT101610,EQX1156,CUST1040,SITE112,IT Park,Bangalore,2025-04-23,2025-05-16,2025-05-16,23,30000,690000,60000,Partial,OP1189,Completed,0
RNT101611,EQX1128,CUST1042,SITE120,Residential Township,Chennai,2025-04-21,2025-04-28,2025-04-28,7,30000,210000,60000,Partial,OP1200,Completed,0
RNT101612,EQX1094,CUST1114,SITE125,IT Park,Hyderabad,2025-04-17,2025-04-19,2025-04-19,2,30000,60000,60000,Paid,OP1049,Completed,0
RNT101613,EQX1073,CUST1032,SITE126,Residential Township,Trichy,2025-06-13,2025-06-16,2025-06-25,3,22000,264000,44000,Paid,OP1133,Overdue,9
RNT101614,EQX1256,CUST1056,SITE119,Smart City Zone,Trichy,2025-06-11,2025-06-22,2025-06-22,11,12000,132000,24000,Paid,OP1193,Completed,0
RNT101615,EQX1020,CUST1007,SITE106,Metro Rail Project,Madurai,2025-03-25,2025-03-31,2025-03-31,6,30000,180000,60000,Paid,OP1182,Completed,0
RNT101616,EQX1087,CUST1093,SITE115,Bridge Construction,Trichy,2025-03-04,2025-03-18,2025-03-18,14,25000,350000,50000,Paid,OP1161,Completed,0
RNT101617,EQX1211,CUST1118,SITE128,Solar Power Plant,Hyderabad,2025-05-21,2025-05-28,2025-05-28,7,24000,168000,48000,Pending,OP1169,Completed,0
RNT101618,EQX1187,CUST1050,SITE113,Bridge Construction,Hyderabad,2025-03-30,2025-04-07,2025-04-07,8,30000,240000,60000,Paid,OP1004,Completed,0
RNT101619,EQX1076,CUST1095,SITE129,River Embankment,Chennai,2025-01-29,2025-02-10,2025-02-10,12,25000,300000,50000,Paid,OP1122,Completed,0
RNT101620,EQX1010,CUST1079,SITE127,Smart City Zone,Chennai,2025-04-25,2025-05-20,2025-05-20,25,25000,625000,50000,Paid,OP1149,Completed,0
RNT101621,EQX1270,CUST1092,SITE125,Harbor Expansion,Bangalore,2025-06-10,2025-06-14,2025-06-14,4,18000,72000,36000,Paid,OP1113,Completed,0
RNT101622,EQX1284,CUST1019,SITE113,Industrial Park,Chennai,2025-04-14,2025-04-30,2025-04-30,16,18000,288000,36000,Pending,OP1077,Completed,0
RNT101623,EQX1298,CUST1071,SITE108,Solar Power Plant,Hyderabad,2025-02-12,2025-03-05,2025-03-14,21,22000,660000,44000,Paid,OP1126,Overdue,9
RNT101624,EQX1208,CUST1053,SITE105,Residential Township,Hyderabad,2025-03-18,2025-03-23,2025-03-23,5,18000,90000,36000,Paid,OP1134,Completed,0
RNT101625,EQX1148,CUST1017,SITE106,Highway Expansion,Hyderabad,2025-02-20,2025-03-11,2025-03-13,19,22000,462000,44000,Paid,OP1054,Overdue,2
RNT101626,EQX1123,CUST1047,SITE117,Solar Power Plant,Bangalore,2025-04-22,2025-04-26,2025-04-26,4,12000,48000,24000,Paid,OP1022,Completed,0
RNT101627,EQX1287,CUST1052,SITE112,Airport Extension,Mysore,2025-01-03,2025-02-01,2025-02-01,29,12000,348000,24000,Paid,OP1069,Completed,0
RNT101628,EQX1246,CUST1016,SITE114,River Embankment,Coimbatore,2025-03-27,2025-04-09,2025-04-09,13,22000,286000,44000,Paid,OP1178,Completed,0
RNT101629,EQX1167,CUST1056,SITE107,IT Park,Hyderabad,2025-03-27,2025-03-31,2025-03-31,4,24000,96000,48000,Paid,OP1162,Completed,0
RNT101630,EQX1290,CUST1075,SITE114,Airport Extension,Madurai,2025-01-15,2025-01-27,2025-01-27,12,22000,264000,44000,Paid,OP1070,Completed,0
RNT101631,EQX1215,CUST1011,SITE118,River Embankment,Trichy,2025-02-20,2025-03-05,2025-03-05,13,12000,156000,24000,Paid,OP1197,Completed,0
RNT101632,EQX1109,CUST1026,SITE110,Airport Extension,Trichy,2025-03-29,2025-04-23,2025-04-23,25,24000,600000,48000,Partial,OP1026,Completed,0
RNT101633,EQX1082,CUST1038,SITE120,Residential Township,Madurai,2025-06-25,2025-07-16,2025-07-16,21,12000,252000,24000,Paid,OP1116,Completed,0
RNT101634,EQX1144,CUST1006,SITE127,Harbor Expansion,Mysore,2025-01-21,2025-02-20,2025-02-28,30,18000,684000,36000,Partial,OP1026,Overdue,8
RNT101635,EQX1246,CUST1057,SITE124,Residential Township,Coimbatore,2025-05-04,2025-05-13,2025-05-16,9,22000,264000,44000,Paid,OP1052,Overdue,3
RNT101636,EQX1101,CUST1053,SITE107,Mining Site,Chennai,2025-06-28,2025-07-13,2025-07-13,15,24000,360000,48000,Pending,OP1058,Completed,0
RNT101637,EQX1117,CUST1120,SITE120,Smart City Zone,Mysore,2025-02-14,2025-02-19,2025-02-19,5,18000,90000,36000,Pending,OP1113,Completed,0
RNT101638,EQX1193,CUST1027,SITE105,River Embankment,Trichy,2025-06-21,2025-06-30,2025-06-30,9,18000,162000,36000,Paid,OP1064,Completed,0
RNT101639,EQX1299,CUST1065,SITE115,Solar Power Plant,Salem,2025-04-21,2025-05-16,2025-05-16,25,24000,600000,48000,Paid,OP1171,Completed,0
RNT101640,EQX1078,CUST1006,SITE126,IT Park,Salem,2025-04-28,2025-05-27,2025-05-27,29,12000,348000,24000,Paid,OP1026,Completed,0
RNT101641,EQX1223,CUST1063,SITE121,River Embankment,Bangalore,2025-03-10,2025-04-07,2025-04-07,28,30000,840000,60000,Paid,OP1092,Completed,0
RNT101642,EQX1237,CUST1003,SITE130,Industrial Park,Chennai,2025-02-13,2025-03-09,2025-03-09,24,12000,288000,24000,Paid,OP1101,Completed,0
RNT101643,EQX1230,CUST1112,SITE117,River Embankment,Chennai,2025-06-12,2025-07-10,2025-07-17,28,18000,630000,36000,Pending,OP1087,Overdue,7
RNT101644,EQX1195,CUST1050,SITE129,Smart City Zone,Hyderabad,2025-05-19,2025-05-27,2025-05-27,8,18000,144000,36000,Paid,OP1015,Completed,0
RNT101645,EQX1177,CUST1049,SITE104,Residential Township,Mysore,2025-01-27,2025-02-09,2025-02-09,13,25000,325000,50000,Pending,OP1154,Completed,0
RNT101646,EQX1047,CUST1079,SITE115,Mining Site,Madurai,2025-06-30,2025-07-13,2025-07-13,13,24000,312000,48000,Paid,OP1137,Completed,0
RNT101647,EQX1037,CUST1026,SITE104,Highway Expansion,Madurai,2025-05-15,2025-06-04,2025-06-04,20,25000,500000,50000,Paid,OP1192,Completed,0
RNT101648,EQX1151,CUST1095,SITE105,Harbor Expansion,Coimbatore,2025-03-08,2025-03-30,2025-03-30,22,18000,396000,36000,Paid,OP1074,Completed,0
RNT101649,EQX1042,CUST1073,SITE115,Metro Rail Project,Madurai,2025-05-30,2025-06-23,2025-06-23,24,25000,600000,50000,Partial,OP1184,Completed,0
RNT101650,EQX1151,CUST1085,SITE116,River Embankment,Trichy,2025-05-22,2025-05-26,2025-05-27,4,18000,90000,36000,Paid,OP1117,Overdue,1
RNT101651,EQX1190,CUST1082,SITE130,River Embankment,Salem,2025-05-03,2025-05-16,2025-05-20,13,25000,425000,50000,Paid,OP1140,Overdue,4
RNT101652,EQX1218,CUST1099,SITE113,Residential Township,Mysore,2025-02-04,2025-02-14,2025-02-14,10,12000,120000,24000,Pending,OP1157,Completed,0
RNT101653,EQX1114,CUST1020,SITE116,Harbor Expansion,Chennai,2025-04-09,2025-04-17,2025-04-17,8,12000,96000,24000,Paid,OP1180,Completed,0
RNT101654,EQX1121,CUST1030,SITE129,Mining Site,Coimbatore,2025-03-09,2025-03-22,2025-03-22,13,22000,286000,44000,Paid,OP1082,Completed,0
RNT101655,EQX1077,CUST1113,SITE128,Residential Township,Coimbatore,2025-05-25,2025-06-08,2025-06-08,14,18000,252000,36000,Paid,OP1183,Completed,0
RNT101656,EQX1166,CUST1054,SITE113,Airport Extension,Hyderabad,2025-05-29,2025-06-27,2025-06-27,29,22000,638000,44000,Partial,OP1170,Completed,0
RNT101657,EQX1128,CUST1007,SITE112,Metro Rail Project,Bangalore,2025-06-30,2025-07-08,2025-07-08,8,30000,240000,60000,Pending,OP1169,Completed,0
RNT101658,EQX1205,CUST1062,SITE118,River Embankment,Bangalore,2025-05-18,2025-06-01,2025-06-01,14,18000,252000,36000,Paid,OP1050,Completed,0
RNT101659,EQX1025,CUST1085,SITE103,Residential Township,Hyderabad,2025-01-03,2025-01-13,2025-01-22,10,30000,570000,60000,Paid,OP1069,Overdue,9
RNT101660,EQX1026,CUST1082,SITE104,Industrial Park,Salem,2025-05-20,2025-06-09,2025-06-09,20,25000,500000,50000,Paid,OP1001,Completed,0
RNT101661,EQX1020,CUST1055,SITE124,Mining Site,Chennai,2025-05-24,2025-06-20,2025-06-20,27,30000,810000,60000,Paid,OP1118,Completed,0
RNT101662,EQX1167,CUST1114,SITE124,River Embankment,Salem,2025-01-28,2025-02-26,2025-02-26,29,24000,696000,48000,Paid,OP1057,Completed,0
RNT101663,EQX1203,CUST1073,SITE126,Highway Expansion,Coimbatore,2025-01-05,2025-01-16,2025-01-16,11,22000,242000,44000,Paid,OP1037,Completed,0
RNT101664,EQX1150,CUST1021,SITE128,Metro Rail Project,Coimbatore,2025-05-12,2025-05-16,2025-05-23,4,18000,198000,36000,Paid,OP1172,Overdue,7
RNT101665,EQX1238,CUST1079,SITE116,Mining Site,Coimbatore,2025-04-19,2025-05-17,2025-05-17,28,12000,336000,24000,Paid,OP1082,Completed,0
RNT101666,EQX1122,CUST1023,SITE111,Airport Extension,Trichy,2025-04-08,2025-04-28,2025-04-28,20,18000,360000,36000,Paid,OP1014,Completed,0
RNT101667,EQX1140,CUST1004,SITE116,Industrial Park,Trichy,2025-04-22,2025-05-04,2025-05-05,12,12000,156000,24000,Paid,OP1060,Overdue,1
RNT101668,EQX1094,CUST1087,SITE113,Smart City Zone,Chennai,2025-05-08,2025-05-16,2025-05-16,8,30000,240000,60000,Paid,OP1134,Completed,0
RNT101669,EQX1002,CUST1045,SITE117,Mining Site,Mysore,2025-03-20,2025-04-12,2025-04-12,23,18000,414000,36000,Pending,OP1192,Completed,0
RNT101670,EQX1152,CUST1040,SITE108,River Embankment,Bangalore,2025-04-05,2025-04-20,2025-04-20,15,18000,270000,36000,Paid,OP1174,Completed,0
RNT101671,EQX1156,CUST1096,SITE106,Highway Expansion,Madurai,2025-03-19,2025-03-23,2025-03-24,4,30000,150000,60000,Paid,OP1047,Overdue,1
RNT101672,EQX1195,CUST1022,SITE121,Mining Site,Chennai,2025-03-26,2025-04-25,2025-04-25,30,18000,540000,36000,Paid,OP1023,Completed,0
RNT101673,EQX1272,CUST1051,SITE104,Solar Power Plant,Hyderabad,2025-06-20,2025-07-09,2025-07-09,19,30000,570000,60000,Paid,OP1184,Completed,0
RNT101674,EQX1295,CUST1011,SITE128,Smart City Zone,Coimbatore,2025-06-02,2025-06-26,2025-06-26,24,12000,288000,24000,Pending,OP1148,Completed,0
RNT101675,EQX1201,CUST1065,SITE113,Industrial Park,Mysore,2025-04-19,2025-04-26,2025-04-26,7,18000,126000,36000,Paid,OP1130,Completed,0
RNT101676,EQX1122,CUST1008,SITE115,Industrial Park,Salem,2025-02-17,2025-02-27,2025-02-27,10,18000,180000,36000,Pending,OP1117,Completed,0
RNT101677,EQX1259,CUST1079,SITE105,Metro Rail Project,Salem,2025-06-16,2025-06-29,2025-06-29,13,22000,286000,44000,Paid,OP1163,Completed,0
RNT101678,EQX1229,CUST1058,SITE118,Smart City Zone,Coimbatore,2025-03-28,2025-03-31,2025-03-31,3,22000,66000,44000,Paid,OP1116,Completed,0
RNT101679,EQX1200,CUST1056,SITE126,Solar Power Plant,Chennai,2025-05-16,2025-06-03,2025-06-03,18,18000,324000,36000,Paid,OP1101,Completed,0
RNT101680,EQX1042,CUST1075,SITE105,Residential Township,Madurai,2025-06-10,2025-06-30,2025-06-30,20,25000,500000,50000,Pending,OP1176,Completed,0
RNT101681,EQX1097,CUST1050,SITE114,Industrial Park,Bangalore,2025-04-15,2025-05-06,2025-05-06,21,22000,462000,44000,Paid,OP1178,Completed,0
RNT101682,EQX1284,CUST1028,SITE105,Residential Township,Coimbatore,2025-02-27,2025-03-19,2025-03-19,20,18000,360000,36000,Pending,OP1111,Completed,0
RNT101683,EQX1017,CUST1098,SITE122,Metro Rail Project,Bangalore,2025-03-11,2025-03-30,2025-03-30,19,12000,228000,24000,Paid,OP1137,Completed,0
RNT101684,EQX1201,CUST1097,SITE104,Residential Township,Madurai,2025-05-09,2025-05-20,2025-05-30,11,18000,378000,36000,Partial,OP1197,Overdue,10
RNT101685,EQX1129,CUST1069,SITE107,Solar Power Plant,Hyderabad,2025-05-08,2025-05-31,2025-06-03,23,24000,624000,48000,Paid,OP1195,Overdue,3
RNT101686,EQX1153,CUST1053,SITE120,Industrial Park,Bangalore,2025-04-26,2025-05-11,2025-05-11,15,24000,360000,48000,Paid,OP1142,Completed,0
RNT101687,EQX1225,CUST1043,SITE129,Bridge Construction,Coimbatore,2025-03-14,2025-03-31,2025-03-31,17,22000,374000,44000,Paid,OP1068,Completed,0
RNT101688,EQX1232,CUST1099,SITE115,IT Park,Chennai,2025-04-02,2025-04-28,2025-04-28,26,18000,468000,36000,Paid,OP1155,Completed,0
RNT101689,EQX1204,CUST1061,SITE120,Airport Extension,Bangalore,2025-02-15,2025-03-13,2025-03-13,26,30000,780000,60000,Partial,OP1025,Completed,0
RNT101690,EQX1120,CUST1029,SITE128,Bridge Construction,Chennai,2025-06-08,2025-06-12,2025-06-12,4,22000,88000,44000,Paid,OP1057,Completed,0
RNT101691,EQX1147,CUST1102,SITE128,Bridge Construction,Chennai,2025-01-14,2025-01-29,2025-01-29,15,22000,330000,44000,Paid,OP1039,Completed,0
RNT101692,EQX1287,CUST1054,SITE117,Residential Township,Hyderabad,2025-02-22,2025-03-09,2025-03-14,15,12000,240000,24000,Paid,OP1153,Overdue,5
RNT101693,EQX1236,CUST1086,SITE114,Bridge Construction,Bangalore,2025-05-31,2025-06-30,2025-06-30,30,18000,540000,36000,Partial,OP1008,Completed,0
RNT101694,EQX1205,CUST1117,SITE119,Smart City Zone,Madurai,2025-04-13,2025-04-26,2025-05-02,13,18000,342000,36000,Paid,OP1083,Overdue,6
RNT101695,EQX1043,CUST1029,SITE108,Harbor Expansion,Bangalore,2025-01-24,2025-01-26,2025-01-27,2,22000,66000,44000,Paid,OP1128,Overdue,1
RNT101696,EQX1133,CUST1030,SITE114,Airport Extension,Bangalore,2025-06-30,2025-07-03,2025-07-03,3,30000,90000,60000,Paid,OP1005,Completed,0
RNT101697,EQX1290,CUST1083,SITE122,Smart City Zone,Bangalore,2025-01-16,2025-01-23,2025-01-26,7,22000,220000,44000,Paid,OP1181,Overdue,3
RNT101698,EQX1040,CUST1076,SITE127,Harbor Expansion,Mysore,2025-05-31,2025-06-15,2025-06-15,15,12000,180000,24000,Paid,OP1165,Completed,0
RNT101699,EQX1250,CUST1070,SITE125,Airport Extension,Madurai,2025-01-02,2025-01-07,2025-01-07,5,25000,125000,50000,Paid,OP1187,Completed,0
RNT101700,EQX1196,CUST1106,SITE119,IT Park,Chennai,2025-06-26,2025-06-30,2025-06-30,4,22000,88000,44000,Paid,OP1020,Completed,0
RNT101701,EQX1228,CUST1001,SITE109,Bridge Construction,Chennai,2025-01-01,2025-01-08,2025-01-15,7,24000,336000,48000,Paid,OP1049,Overdue,7
RNT101702,EQX1211,CUST1090,SITE107,Airport Extension,Madurai,2025-05-09,2025-06-03,2025-06-03,25,24000,600000,48000,Pending,OP1199,Completed,0
RNT101703,EQX1059,CUST1026,SITE123,Solar Power Plant,Salem,2025-01-25,2025-02-21,2025-02-21,27,24000,648000,48000,Paid,OP1080,Completed,0
RNT101704,EQX1119,CUST1072,SITE108,Airport Extension,Trichy,2025-03-30,2025-04-01,2025-04-01,2,22000,44000,44000,Paid,OP1048,Completed,0
RNT101705,EQX1064,CUST1027,SITE120,Solar Power Plant,Mysore,2025-05-05,2025-05-21,2025-05-21,16,18000,288000,36000,Paid,OP1060,Completed,0
RNT101706,EQX1062,CUST1117,SITE118,Harbor Expansion,Chennai,2025-03-31,2025-04-27,2025-04-27,27,12000,324000,24000,Paid,OP1114,Completed,0
RNT101707,EQX1089,CUST1023,SITE116,Airport Extension,Coimbatore,2025-05-29,2025-06-23,2025-06-23,25,18000,450000,36000,Paid,OP1034,Completed,0
RNT101708,EQX1038,CUST1096,SITE109,Solar Power Plant,Coimbatore,2025-02-11,2025-02-21,2025-02-21,10,18000,180000,36000,Paid,OP1137,Completed,0
RNT101709,EQX1186,CUST1118,SITE101,Mining Site,Madurai,2025-05-22,2025-05-31,2025-05-31,9,25000,225000,50000,Paid,OP1081,Completed,0
RNT101710,EQX1031,CUST1024,SITE120,Bridge Construction,Coimbatore,2025-04-20,2025-04-27,2025-04-29,7,18000,162000,36000,Paid,OP1146,Overdue,2
RNT101711,EQX1082,CUST1107,SITE113,Harbor Expansion,Trichy,2025-02-21,2025-03-16,2025-03-16,23,12000,276000,24000,Pending,OP1050,Completed,0
RNT101712,EQX1172,CUST1004,SITE102,Highway Expansion,Mysore,2025-03-02,2025-03-11,2025-03-11,9,30000,270000,60000,Paid,OP1031,Completed,0
RNT101713,EQX1079,CUST1010,SITE114,Bridge Construction,Coimbatore,2025-05-02,2025-05-16,2025-05-16,14,12000,168000,24000,Partial,OP1047,Completed,0
RNT101714,EQX1115,CUST1055,SITE126,IT Park,Madurai,2025-06-22,2025-07-02,2025-07-02,10,18000,180000,36000,Paid,OP1121,Completed,0
RNT101715,EQX1051,CUST1050,SITE105,Metro Rail Project,Coimbatore,2025-02-16,2025-03-14,2025-03-20,26,12000,384000,24000,Paid,OP1199,Overdue,6
RNT101716,EQX1282,CUST1102,SITE125,Highway Expansion,Mysore,2025-06-30,2025-07-29,2025-07-29,29,18000,522000,36000,Paid,OP1163,Completed,0
RNT101717,EQX1211,CUST1065,SITE106,Residential Township,Trichy,2025-04-28,2025-05-11,2025-05-11,13,24000,312000,48000,Paid,OP1020,Completed,0
RNT101718,EQX1007,CUST1051,SITE125,IT Park,Trichy,2025-03-26,2025-04-09,2025-04-09,14,30000,420000,60000,Pending,OP1057,Completed,0
RNT101719,EQX1028,CUST1034,SITE124,IT Park,Salem,2025-02-20,2025-03-07,2025-03-14,15,12000,264000,24000,Paid,OP1039,Overdue,7
RNT101720,EQX1190,CUST1069,SITE120,River Embankment,Bangalore,2025-02-21,2025-03-12,2025-03-12,19,25000,475000,50000,Paid,OP1053,Completed,0
RNT101721,EQX1190,CUST1022,SITE109,Metro Rail Project,Madurai,2025-06-13,2025-06-23,2025-06-30,10,25000,425000,50000,Paid,OP1012,Overdue,7
RNT101722,EQX1258,CUST1041,SITE123,Residential Township,Chennai,2025-04-19,2025-05-01,2025-05-01,12,18000,216000,36000,Paid,OP1198,Completed,0
RNT101723,EQX1013,CUST1066,SITE110,Mining Site,Madurai,2025-01-27,2025-02-04,2025-02-04,8,18000,144000,36000,Paid,OP1165,Completed,0
RNT101724,EQX1279,CUST1070,SITE107,Highway Expansion,Bangalore,2025-04-01,2025-04-22,2025-04-22,21,25000,525000,50000,Paid,OP1040,Completed,0
RNT101725,EQX1245,CUST1115,SITE115,Metro Rail Project,Trichy,2025-06-02,2025-06-13,2025-06-14,11,25000,300000,50000,Paid,OP1044,Overdue,1
RNT101726,EQX1087,CUST1018,SITE130,Solar Power Plant,Hyderabad,2025-01-21,2025-01-30,2025-01-30,9,25000,225000,50000,Partial,OP1148,Completed,0
RNT101727,EQX1270,CUST1100,SITE108,River Embankment,Salem,2025-03-13,2025-03-23,2025-03-23,10,18000,180000,36000,Paid,OP1076,Completed,0
RNT101728,EQX1188,CUST1023,SITE129,River Embankment,Madurai,2025-04-12,2025-04-19,2025-04-27,7,30000,450000,60000,Paid,OP1135,Overdue,8
RNT101729,EQX1278,CUST1097,SITE107,IT Park,Trichy,2025-04-22,2025-05-11,2025-05-11,19,22000,418000,44000,Paid,OP1103,Completed,0
RNT101730,EQX1102,CUST1099,SITE124,Bridge Construction,Trichy,2025-01-03,2025-01-17,2025-01-25,14,18000,396000,36000,Paid,OP1172,Overdue,8
RNT101731,EQX1077,CUST1058,SITE105,Bridge Construction,Mysore,2025-04-17,2025-05-03,2025-05-03,16,18000,288000,36000,Paid,OP1198,Completed,0
RNT101732,EQX1283,CUST1048,SITE123,Smart City Zone,Salem,2025-05-08,2025-05-28,2025-05-28,20,24000,480000,48000,Paid,OP1051,Completed,0
RNT101733,EQX1143,CUST1060,SITE105,Smart City Zone,Madurai,2025-02-15,2025-03-10,2025-03-10,23,12000,276000,24000,Paid,OP1057,Completed,0
RNT101734,EQX1006,CUST1055,SITE130,Solar Power Plant,Chennai,2025-02-10,2025-02-21,2025-03-02,11,24000,480000,48000,Paid,OP1117,Overdue,9
RNT101735,EQX1019,CUST1015,SITE108,Smart City Zone,Hyderabad,2025-03-19,2025-04-11,2025-04-11,23,25000,575000,50000,Paid,OP1046,Completed,0
RNT101736,EQX1049,CUST1083,SITE128,Residential Township,Mysore,2025-05-11,2025-05-29,2025-05-29,18,12000,216000,24000,Paid,OP1065,Completed,0
RNT101737,EQX1299,CUST1045,SITE121,Industrial Park,Chennai,2025-06-13,2025-07-12,2025-07-12,29,24000,696000,48000,Pending,OP1110,Completed,0
RNT101738,EQX1277,CUST1035,SITE104,IT Park,Salem,2025-03-13,2025-04-11,2025-04-11,29,12000,348000,24000,Pending,OP1002,Completed,0
RNT101739,EQX1059,CUST1098,SITE128,Harbor Expansion,Trichy,2025-05-21,2025-06-06,2025-06-06,16,24000,384000,48000,Paid,OP1075,Completed,0
RNT101740,EQX1279,CUST1110,SITE106,Smart City Zone,Hyderabad,2025-06-19,2025-07-12,2025-07-12,23,25000,575000,50000,Pending,OP1090,Completed,0
RNT101741,EQX1095,CUST1058,SITE104,Solar Power Plant,Hyderabad,2025-05-31,2025-06-11,2025-06-16,11,18000,288000,36000,Paid,OP1099,Overdue,5
RNT101742,EQX1165,CUST1064,SITE114,Smart City Zone,Salem,2025-04-29,2025-05-20,2025-05-20,21,25000,525000,50000,Paid,OP1167,Completed,0
RNT101743,EQX1189,CUST1001,SITE117,Smart City Zone,Trichy,2025-02-14,2025-03-01,2025-03-03,15,12000,204000,24000,Partial,OP1066,Overdue,2
RNT101744,EQX1081,CUST1008,SITE123,Metro Rail Project,Coimbatore,2025-01-31,2025-02-15,2025-02-15,15,22000,330000,44000,Paid,OP1133,Completed,0
RNT101745,EQX1217,CUST1009,SITE109,Smart City Zone,Madurai,2025-06-28,2025-07-25,2025-08-03,27,18000,648000,36000,Paid,OP1009,Overdue,9
RNT101746,EQX1181,CUST1010,SITE112,Bridge Construction,Salem,2025-05-01,2025-05-07,2025-05-08,6,22000,154000,44000,Paid,OP1110,Overdue,1
RNT101747,EQX1243,CUST1023,SITE102,Residential Township,Trichy,2025-06-28,2025-07-06,2025-07-06,8,30000,240000,60000,Paid,OP1178,Completed,0
RNT101748,EQX1012,CUST1007,SITE122,Solar Power Plant,Mysore,2025-03-05,2025-03-10,2025-03-10,5,30000,150000,60000,Paid,OP1053,Completed,0
RNT101749,EQX1112,CUST1065,SITE126,Solar Power Plant,Bangalore,2025-03-05,2025-03-16,2025-03-16,11,30000,330000,60000,Paid,OP1167,Completed,0
RNT101750,EQX1220,CUST1120,SITE113,River Embankment,Salem,2025-04-06,2025-04-24,2025-05-01,18,30000,750000,60000,Paid,OP1178,Overdue,7
RNT101751,EQX1129,CUST1014,SITE126,Airport Extension,Trichy,2025-04-07,2025-04-09,2025-04-09,2,24000,48000,48000,Pending,OP1127,Completed,0
RNT101752,EQX1013,CUST1104,SITE114,Metro Rail Project,Chennai,2025-03-10,2025-03-18,2025-03-18,8,18000,144000,36000,Paid,OP1142,Completed,0
RNT101753,EQX1123,CUST1016,SITE129,Airport Extension,Madurai,2025-02-24,2025-03-03,2025-03-03,7,12000,84000,24000,Paid,OP1054,Completed,0
RNT101754,EQX1148,CUST1094,SITE124,River Embankment,Mysore,2025-05-23,2025-06-21,2025-06-21,29,22000,638000,44000,Paid,OP1155,Completed,0
RNT101755,EQX1262,CUST1117,SITE127,Industrial Park,Hyderabad,2025-01-23,2025-02-19,2025-02-19,27,25000,675000,50000,Partial,OP1113,Completed,0
RNT101756,EQX1046,CUST1107,SITE115,Airport Extension,Trichy,2025-01-20,2025-01-24,2025-01-24,4,22000,88000,44000,Partial,OP1112,Completed,0
RNT101757,EQX1010,CUST1080,SITE114,Mining Site,Bangalore,2025-03-29,2025-04-08,2025-04-08,10,25000,250000,50000,Paid,OP1013,Completed,0
RNT101758,EQX1207,CUST1027,SITE112,Smart City Zone,Madurai,2025-02-04,2025-03-03,2025-03-11,27,30000,1050000,60000,Paid,OP1018,Overdue,8
RNT101759,EQX1111,CUST1079,SITE103,Industrial Park,Chennai,2025-05-04,2025-05-07,2025-05-10,3,22000,132000,44000,Paid,OP1167,Overdue,3
RNT101760,EQX1187,CUST1014,SITE101,Harbor Expansion,Trichy,2025-06-10,2025-06-21,2025-06-21,11,30000,330000,60000,Paid,OP1007,Completed,0
RNT101761,EQX1009,CUST1033,SITE111,Residential Township,Salem,2025-01-02,2025-01-20,2025-01-20,18,12000,216000,24000,Paid,OP1128,Completed,0
RNT101762,EQX1237,CUST1034,SITE123,Harbor Expansion,Chennai,2025-03-08,2025-03-12,2025-03-12,4,12000,48000,24000,Paid,OP1118,Completed,0
RNT101763,EQX1171,CUST1010,SITE128,Mining Site,Salem,2025-06-30,2025-07-12,2025-07-12,12,22000,264000,44000,Paid,OP1085,Completed,0
RNT101764,EQX1093,CUST1002,SITE128,Airport Extension,Madurai,2025-03-21,2025-04-06,2025-04-07,16,25000,425000,50000,Paid,OP1128,Overdue,1
RNT101765,EQX1150,CUST1112,SITE101,Harbor Expansion,Salem,2025-03-23,2025-04-14,2025-04-14,22,18000,396000,36000,Pending,OP1121,Completed,0
RNT101766,EQX1051,CUST1107,SITE102,River Embankment,Trichy,2025-05-13,2025-05-24,2025-05-24,11,12000,132000,24000,Paid,OP1024,Completed,0
RNT101767,EQX1103,CUST1006,SITE114,IT Park,Chennai,2025-04-11,2025-04-16,2025-04-16,5,25000,125000,50000,Paid,OP1143,Completed,0
RNT101768,EQX1120,CUST1040,SITE120,Industrial Park,Madurai,2025-06-06,2025-06-13,2025-06-13,7,22000,154000,44000,Partial,OP1028,Completed,0
RNT101769,EQX1294,CUST1087,SITE111,Harbor Expansion,Salem,2025-01-25,2025-02-21,2025-02-21,27,22000,594000,44000,Paid,OP1083,Completed,0
RNT101770,EQX1143,CUST1117,SITE123,Smart City Zone,Mysore,2025-03-03,2025-03-31,2025-04-02,28,12000,360000,24000,Paid,OP1114,Overdue,2
RNT101771,EQX1194,CUST1011,SITE114,Mining Site,Chennai,2025-04-30,2025-05-21,2025-05-21,21,12000,252000,24000,Pending,OP1057,Completed,0
RNT101772,EQX1089,CUST1058,SITE120,Solar Power Plant,Chennai,2025-02-15,2025-03-14,2025-03-20,27,18000,594000,36000,Pending,OP1052,Overdue,6
RNT101773,EQX1197,CUST1033,SITE123,Airport Extension,Chennai,2025-01-20,2025-01-28,2025-02-02,8,25000,325000,50000,Paid,OP1132,Overdue,5
RNT101774,EQX1014,CUST1002,SITE112,Highway Expansion,Hyderabad,2025-01-12,2025-01-24,2025-01-24,12,12000,144000,24000,Paid,OP1172,Completed,0
RNT101775,EQX1248,CUST1006,SITE121,River Embankment,Mysore,2025-01-06,2025-01-28,2025-01-31,22,30000,750000,60000,Paid,OP1199,Overdue,3
RNT101776,EQX1216,CUST1055,SITE105,Residential Township,Trichy,2025-05-22,2025-06-15,2025-06-15,24,24000,576000,48000,Paid,OP1079,Completed,0
RNT101777,EQX1229,CUST1079,SITE114,IT Park,Bangalore,2025-05-27,2025-06-23,2025-06-23,27,22000,594000,44000,Paid,OP1114,Completed,0
RNT101778,EQX1014,CUST1014,SITE116,Solar Power Plant,Coimbatore,2025-02-28,2025-03-24,2025-03-24,24,12000,288000,24000,Paid,OP1198,Completed,0
RNT101779,EQX1274,CUST1031,SITE115,Airport Extension,Madurai,2025-02-25,2025-03-15,2025-03-23,18,30000,780000,60000,Paid,OP1199,Overdue,8
RNT101780,EQX1294,CUST1036,SITE114,Metro Rail Project,Chennai,2025-04-14,2025-04-16,2025-04-16,2,22000,44000,44000,Paid,OP1096,Completed,0
RNT101781,EQX1181,CUST1013,SITE122,Industrial Park,Coimbatore,2025-04-01,2025-04-20,2025-04-20,19,22000,418000,44000,Paid,OP1035,Completed,0
RNT101782,EQX1246,CUST1074,SITE122,Solar Power Plant,Chennai,2025-05-12,2025-06-11,2025-06-21,30,22000,880000,44000,Paid,OP1140,Overdue,10
RNT101783,EQX1253,CUST1060,SITE111,River Embankment,Chennai,2025-03-02,2025-03-05,2025-03-05,3,24000,72000,48000,Paid,OP1023,Completed,0
RNT101784,EQX1029,CUST1028,SITE116,Solar Power Plant,Coimbatore,2025-06-30,2025-07-13,2025-07-18,13,12000,216000,24000,Paid,OP1194,Overdue,5
RNT101785,EQX1203,CUST1034,SITE106,Residential Township,Madurai,2025-06-23,2025-06-27,2025-06-27,4,22000,88000,44000,Partial,OP1116,Completed,0
RNT101786,EQX1059,CUST1107,SITE119,River Embankment,Bangalore,2025-06-23,2025-07-04,2025-07-04,11,24000,264000,48000,Paid,OP1178,Completed,0
RNT101787,EQX1176,CUST1108,SITE130,Smart City Zone,Hyderabad,2025-04-09,2025-04-28,2025-04-28,19,30000,570000,60000,Paid,OP1176,Completed,0
RNT101788,EQX1291,CUST1103,SITE112,Airport Extension,Hyderabad,2025-03-20,2025-04-17,2025-04-17,28,25000,700000,50000,Partial,OP1195,Completed,0
RNT101789,EQX1184,CUST1006,SITE104,Smart City Zone,Salem,2025-06-28,2025-07-15,2025-07-15,17,24000,408000,48000,Pending,OP1060,Completed,0
RNT101790,EQX1068,CUST1026,SITE107,Airport Extension,Bangalore,2025-04-11,2025-04-23,2025-04-23,12,18000,216000,36000,Partial,OP1145,Completed,0
RNT101791,EQX1043,CUST1041,SITE111,Harbor Expansion,Madurai,2025-06-16,2025-06-25,2025-06-25,9,22000,198000,44000,Paid,OP1113,Completed,0
RNT101792,EQX1057,CUST1097,SITE104,Industrial Park,Coimbatore,2025-06-04,2025-06-13,2025-06-13,9,22000,198000,44000,Pending,OP1161,Completed,0
RNT101793,EQX1072,CUST1071,SITE111,Industrial Park,Madurai,2025-02-02,2025-02-04,2025-02-04,2,18000,36000,36000,Partial,OP1070,Completed,0
RNT101794,EQX1223,CUST1077,SITE107,Solar Power Plant,Mysore,2025-01-04,2025-01-30,2025-01-30,26,30000,780000,60000,Pending,OP1157,Completed,0
RNT101795,EQX1054,CUST1112,SITE116,Industrial Park,Mysore,2025-02-25,2025-03-10,2025-03-10,13,12000,156000,24000,Paid,OP1105,Completed,0
RNT101796,EQX1150,CUST1087,SITE118,Bridge Construction,Mysore,2025-02-11,2025-02-24,2025-03-06,13,18000,414000,36000,Paid,OP1003,Overdue,10
RNT101797,EQX1239,CUST1052,SITE126,Harbor Expansion,Chennai,2025-05-13,2025-06-03,2025-06-03,21,22000,462000,44000,Pending,OP1155,Completed,0
RNT101798,EQX1153,CUST1015,SITE102,Mining Site,Coimbatore,2025-03-13,2025-04-02,2025-04-02,20,24000,480000,48000,Partial,OP1034,Completed,0
RNT101799,EQX1172,CUST1109,SITE124,Airport Extension,Hyderabad,2025-02-25,2025-03-12,2025-03-12,15,30000,450000,60000,Pending,OP1191,Completed,0
RNT101800,EQX1193,CUST1029,SITE114,Smart City Zone,Salem,2025-06-18,2025-06-26,2025-07-02,8,18000,252000,36000,Partial,OP1002,Overdue,6
RNT101801,EQX1142,CUST1055,SITE110,Smart City Zone,Mysore,2025-06-20,2025-07-15,2025-07-15,25,24000,600000,48000,Paid,OP1021,Completed,0
RNT101802,EQX1247,CUST1023,SITE121,IT Park,Mysore,2025-06-19,2025-06-21,2025-06-21,2,12000,24000,24000,Pending,OP1072,Completed,0
RNT101803,EQX1164,CUST1067,SITE121,Highway Expansion,Madurai,2025-01-06,2025-01-16,2025-01-16,10,30000,300000,60000,Pending,OP1066,Completed,0
RNT101804,EQX1077,CUST1097,SITE129,Bridge Construction,Salem,2025-01-26,2025-02-08,2025-02-08,13,18000,234000,36000,Pending,OP1135,Completed,0
RNT101805,EQX1047,CUST1101,SITE124,Highway Expansion,Bangalore,2025-06-29,2025-07-15,2025-07-16,16,24000,408000,48000,Partial,OP1130,Overdue,1
RNT101806,EQX1179,CUST1116,SITE130,River Embankment,Salem,2025-04-16,2025-05-03,2025-05-05,17,25000,475000,50000,Paid,OP1132,Overdue,2
RNT101807,EQX1077,CUST1045,SITE110,IT Park,Bangalore,2025-06-14,2025-06-21,2025-06-21,7,18000,126000,36000,Paid,OP1053,Completed,0
RNT101808,EQX1113,CUST1117,SITE117,Industrial Park,Mysore,2025-03-09,2025-04-05,2025-04-05,27,30000,810000,60000,Paid,OP1195,Completed,0
RNT101809,EQX1020,CUST1113,SITE108,Residential Township,Salem,2025-04-21,2025-05-03,2025-05-03,12,30000,360000,60000,Partial,OP1116,Completed,0
RNT101810,EQX1192,CUST1054,SITE108,Airport Extension,Coimbatore,2025-01-18,2025-02-11,2025-02-11,24,12000,288000,24000,Paid,OP1194,Completed,0
RNT101811,EQX1270,CUST1049,SITE119,Bridge Construction,Salem,2025-06-05,2025-06-27,2025-06-27,22,18000,396000,36000,Partial,OP1112,Completed,0
RNT101812,EQX1219,CUST1111,SITE116,Metro Rail Project,Mysore,2025-01-03,2025-01-06,2025-01-06,3,18000,54000,36000,Pending,OP1142,Completed,0
RNT101813,EQX1159,CUST1030,SITE103,Bridge Construction,Mysore,2025-05-16,2025-06-14,2025-06-20,29,24000,840000,48000,Paid,OP1169,Overdue,6
RNT101814,EQX1024,CUST1072,SITE120,Harbor Expansion,Hyderabad,2025-03-17,2025-04-09,2025-04-11,23,25000,625000,50000,Partial,OP1066,Overdue,2
RNT101815,EQX1141,CUST1008,SITE124,Bridge Construction,Coimbatore,2025-02-05,2025-02-10,2025-02-10,5,12000,60000,24000,Pending,OP1020,Completed,0
RNT101816,EQX1292,CUST1080,SITE117,Solar Power Plant,Mysore,2025-02-19,2025-03-17,2025-03-17,26,12000,312000,24000,Paid,OP1165,Completed,0
RNT101817,EQX1091,CUST1085,SITE108,Airport Extension,Trichy,2025-06-25,2025-07-17,2025-07-25,22,25000,750000,50000,Paid,OP1041,Overdue,8
RNT101818,EQX1051,CUST1082,SITE123,Harbor Expansion,Salem,2025-05-24,2025-06-23,2025-06-23,30,12000,360000,24000,Pending,OP1150,Completed,0
RNT101819,EQX1242,CUST1120,SITE130,Solar Power Plant,Hyderabad,2025-06-16,2025-07-07,2025-07-07,21,25000,525000,50000,Pending,OP1176,Completed,0
RNT101820,EQX1003,CUST1107,SITE113,Harbor Expansion,Bangalore,2025-05-20,2025-06-03,2025-06-03,14,25000,350000,50000,Paid,OP1019,Completed,0
RNT101821,EQX1112,CUST1015,SITE125,IT Park,Madurai,2025-06-24,2025-07-23,2025-07-23,29,30000,870000,60000,Paid,OP1109,Completed,0
RNT101822,EQX1208,CUST1047,SITE130,Mining Site,Coimbatore,2025-05-28,2025-06-22,2025-06-22,25,18000,450000,36000,Paid,OP1093,Completed,0
RNT101823,EQX1282,CUST1013,SITE113,Industrial Park,Madurai,2025-01-23,2025-02-01,2025-02-01,9,18000,162000,36000,Paid,OP1137,Completed,0
RNT101824,EQX1229,CUST1112,SITE128,Residential Township,Bangalore,2025-02-09,2025-02-13,2025-02-18,4,22000,198000,44000,Paid,OP1083,Overdue,5
RNT101825,EQX1232,CUST1044,SITE109,IT Park,Hyderabad,2025-06-04,2025-06-13,2025-06-13,9,18000,162000,36000,Partial,OP1049,Completed,0
RNT101826,EQX1192,CUST1060,SITE112,Metro Rail Project,Chennai,2025-04-22,2025-05-08,2025-05-08,16,12000,192000,24000,Partial,OP1100,Completed,0
RNT101827,EQX1008,CUST1097,SITE123,Highway Expansion,Chennai,2025-01-07,2025-01-10,2025-01-10,3,30000,90000,60000,Paid,OP1032,Completed,0
RNT101828,EQX1092,CUST1109,SITE105,Highway Expansion,Chennai,2025-04-13,2025-05-02,2025-05-02,19,24000,456000,48000,Partial,OP1028,Completed,0
RNT101829,EQX1009,CUST1067,SITE118,River Embankment,Chennai,2025-01-26,2025-02-13,2025-02-13,18,12000,216000,24000,Paid,OP1196,Completed,0
RNT101830,EQX1180,CUST1013,SITE106,Solar Power Plant,Chennai,2025-06-12,2025-07-05,2025-07-05,23,18000,414000,36000,Paid,OP1013,Completed,0
RNT101831,EQX1046,CUST1016,SITE103,Airport Extension,Madurai,2025-05-27,2025-06-18,2025-06-18,22,22000,484000,44000,Paid,OP1050,Completed,0
RNT101832,EQX1141,CUST1074,SITE107,River Embankment,Bangalore,2025-04-27,2025-05-05,2025-05-05,8,12000,96000,24000,Partial,OP1007,Completed,0
RNT101833,EQX1230,CUST1009,SITE129,Harbor Expansion,Hyderabad,2025-03-19,2025-04-02,2025-04-11,14,18000,414000,36000,Paid,OP1139,Overdue,9
RNT101834,EQX1195,CUST1090,SITE124,Bridge Construction,Mysore,2025-01-27,2025-02-07,2025-02-07,11,18000,198000,36000,Paid,OP1195,Completed,0
RNT101835,EQX1148,CUST1025,SITE125,Residential Township,Madurai,2025-05-29,2025-06-11,2025-06-11,13,22000,286000,44000,Paid,OP1035,Completed,0
RNT101836,EQX1300,CUST1072,SITE124,River Embankment,Bangalore,2025-02-14,2025-02-27,2025-02-27,13,24000,312000,48000,Paid,OP1174,Completed,0
RNT101837,EQX1271,CUST1089,SITE116,IT Park,Trichy,2025-06-29,2025-07-27,2025-07-27,28,12000,336000,24000,Paid,OP1054,Completed,0
RNT101838,EQX1218,CUST1014,SITE125,Industrial Park,Madurai,2025-04-29,2025-05-05,2025-05-05,6,12000,72000,24000,Paid,OP1005,Completed,0
RNT101839,EQX1126,CUST1107,SITE118,Bridge Construction,Chennai,2025-06-27,2025-07-18,2025-07-18,21,18000,378000,36000,Paid,OP1043,Completed,0
RNT101840,EQX1221,CUST1059,SITE110,Residential Township,Trichy,2025-02-02,2025-02-21,2025-02-27,19,25000,625000,50000,Paid,OP1059,Overdue,6
RNT101841,EQX1099,CUST1088,SITE110,Industrial Park,Chennai,2025-03-06,2025-04-04,2025-04-04,29,22000,638000,44000,Pending,OP1142,Completed,0
RNT101842,EQX1158,CUST1082,SITE115,Harbor Expansion,Coimbatore,2025-02-28,2025-03-08,2025-03-08,8,24000,192000,48000,Pending,OP1056,Completed,0
RNT101843,EQX1124,CUST1106,SITE128,IT Park,Hyderabad,2025-01-08,2025-02-03,2025-02-03,26,18000,468000,36000,Partial,OP1138,Completed,0
RNT101844,EQX1119,CUST1038,SITE117,Airport Extension,Coimbatore,2025-01-26,2025-02-09,2025-02-09,14,22000,308000,44000,Paid,OP1144,Completed,0
RNT101845,EQX1233,CUST1037,SITE120,Solar Power Plant,Mysore,2025-04-13,2025-04-22,2025-04-22,9,30000,270000,60000,Paid,OP1107,Completed,0
RNT101846,EQX1101,CUST1068,SITE120,Industrial Park,Coimbatore,2025-06-23,2025-06-26,2025-06-26,3,24000,72000,48000,Paid,OP1082,Completed,0
RNT101847,EQX1143,CUST1014,SITE111,IT Park,Trichy,2025-05-04,2025-05-12,2025-05-12,8,12000,96000,24000,Paid,OP1114,Completed,0
RNT101848,EQX1093,CUST1091,SITE121,Mining Site,Madurai,2025-06-24,2025-07-04,2025-07-04,10,25000,250000,50000,Paid,OP1028,Completed,0
RNT101849,EQX1002,CUST1094,SITE120,Residential Township,Bangalore,2025-01-28,2025-02-01,2025-02-01,4,18000,72000,36000,Pending,OP1080,Completed,0
RNT101850,EQX1189,CUST1109,SITE117,Mining Site,Hyderabad,2025-04-09,2025-04-26,2025-05-01,17,12000,264000,24000,Paid,OP1053,Overdue,5
RNT101851,EQX1015,CUST1045,SITE122,Bridge Construction,Coimbatore,2025-01-21,2025-02-11,2025-02-11,21,22000,462000,44000,Paid,OP1079,Completed,0
RNT101852,EQX1218,CUST1085,SITE107,IT Park,Mysore,2025-02-04,2025-02-17,2025-02-17,13,12000,156000,24000,Paid,OP1116,Completed,0
RNT101853,EQX1296,CUST1064,SITE120,Airport Extension,Bangalore,2025-04-11,2025-04-30,2025-05-07,19,30000,780000,60000,Paid,OP1088,Overdue,7
RNT101854,EQX1288,CUST1082,SITE104,Harbor Expansion,Coimbatore,2025-05-09,2025-05-26,2025-06-03,17,24000,600000,48000,Paid,OP1058,Overdue,8
RNT101855,EQX1161,CUST1065,SITE130,Mining Site,Hyderabad,2025-04-22,2025-05-09,2025-05-15,17,30000,690000,60000,Paid,OP1152,Overdue,6
RNT101856,EQX1045,CUST1017,SITE122,Residential Township,Salem,2025-05-12,2025-05-16,2025-05-16,4,25000,100000,50000,Paid,OP1073,Completed,0
RNT101857,EQX1168,CUST1075,SITE108,Bridge Construction,Bangalore,2025-04-26,2025-05-09,2025-05-09,13,25000,325000,50000,Pending,OP1114,Completed,0
RNT101858,EQX1214,CUST1052,SITE113,Highway Expansion,Bangalore,2025-04-06,2025-04-10,2025-04-10,4,24000,96000,48000,Paid,OP1139,Completed,0
RNT101859,EQX1227,CUST1002,SITE121,Solar Power Plant,Salem,2025-04-03,2025-04-18,2025-04-18,15,18000,270000,36000,Paid,OP1093,Completed,0
RNT101860,EQX1100,CUST1060,SITE118,Harbor Expansion,Bangalore,2025-05-29,2025-06-18,2025-06-23,20,12000,300000,24000,Paid,OP1015,Overdue,5
RNT101861,EQX1172,CUST1110,SITE116,Mining Site,Trichy,2025-03-28,2025-04-11,2025-04-11,14,30000,420000,60000,Partial,OP1167,Completed,0
RNT101862,EQX1109,CUST1007,SITE130,IT Park,Salem,2025-06-26,2025-07-02,2025-07-03,6,24000,168000,48000,Paid,OP1166,Overdue,1
RNT101863,EQX1244,CUST1039,SITE114,Smart City Zone,Salem,2025-01-11,2025-01-28,2025-01-28,17,30000,510000,60000,Pending,OP1047,Completed,0
RNT101864,EQX1149,CUST1105,SITE118,Highway Expansion,Trichy,2025-03-24,2025-04-08,2025-04-08,15,24000,360000,48000,Pending,OP1171,Completed,0
RNT101865,EQX1203,CUST1053,SITE110,Bridge Construction,Coimbatore,2025-05-04,2025-05-10,2025-05-18,6,22000,308000,44000,Partial,OP1043,Overdue,8
RNT101866,EQX1144,CUST1027,SITE126,IT Park,Salem,2025-04-15,2025-05-13,2025-05-13,28,18000,504000,36000,Pending,OP1011,Completed,0
RNT101867,EQX1084,CUST1016,SITE103,Residential Township,Madurai,2025-04-09,2025-04-21,2025-04-21,12,12000,144000,24000,Paid,OP1135,Completed,0
RNT101868,EQX1035,CUST1004,SITE127,Highway Expansion,Coimbatore,2025-03-21,2025-04-15,2025-04-15,25,22000,550000,44000,Paid,OP1092,Completed,0
RNT101869,EQX1259,CUST1111,SITE125,Bridge Construction,Mysore,2025-03-27,2025-04-12,2025-04-12,16,22000,352000,44000,Paid,OP1158,Completed,0
RNT101870,EQX1285,CUST1103,SITE107,Smart City Zone,Salem,2025-04-09,2025-04-21,2025-04-21,12,30000,360000,60000,Paid,OP1144,Completed,0
RNT101871,EQX1043,CUST1002,SITE127,Solar Power Plant,Mysore,2025-05-12,2025-06-10,2025-06-12,29,22000,682000,44000,Paid,OP1143,Overdue,2
RNT101872,EQX1232,CUST1065,SITE126,Highway Expansion,Madurai,2025-02-26,2025-03-14,2025-03-14,16,18000,288000,36000,Paid,OP1195,Completed,0
RNT101873,EQX1068,CUST1045,SITE112,Residential Township,Madurai,2025-01-24,2025-02-16,2025-02-16,23,18000,414000,36000,Paid,OP1169,Completed,0
RNT101874,EQX1145,CUST1051,SITE127,Smart City Zone,Chennai,2025-01-16,2025-02-12,2025-02-12,27,24000,648000,48000,Paid,OP1150,Completed,0
RNT101875,EQX1210,CUST1008,SITE104,Highway Expansion,Hyderabad,2025-03-04,2025-03-16,2025-03-16,12,30000,360000,60000,Paid,OP1182,Completed,0
RNT101876,EQX1291,CUST1052,SITE106,Airport Extension,Coimbatore,2025-04-30,2025-05-27,2025-05-27,27,25000,675000,50000,Pending,OP1015,Completed,0
RNT101877,EQX1298,CUST1003,SITE106,Harbor Expansion,Salem,2025-01-05,2025-01-18,2025-01-18,13,22000,286000,44000,Paid,OP1090,Completed,0
RNT101878,EQX1005,CUST1007,SITE107,Residential Township,Salem,2025-04-21,2025-04-24,2025-04-24,3,12000,36000,24000,Pending,OP1049,Completed,0
RNT101879,EQX1080,CUST1105,SITE112,Bridge Construction,Madurai,2025-02-13,2025-02-28,2025-02-28,15,24000,360000,48000,Paid,OP1065,Completed,0
RNT101880,EQX1259,CUST1070,SITE103,Bridge Construction,Salem,2025-02-10,2025-02-18,2025-02-18,8,22000,176000,44000,Paid,OP1159,Completed,0
RNT101881,EQX1091,CUST1004,SITE115,Mining Site,Trichy,2025-06-23,2025-07-01,2025-07-01,8,25000,200000,50000,Partial,OP1096,Completed,0
RNT101882,EQX1185,CUST1049,SITE106,Airport Extension,Hyderabad,2025-04-20,2025-04-23,2025-04-30,3,30000,300000,60000,Paid,OP1062,Overdue,7
RNT101883,EQX1095,CUST1017,SITE122,Solar Power Plant,Bangalore,2025-05-04,2025-06-03,2025-06-03,30,18000,540000,36000,Paid,OP1077,Completed,0
RNT101884,EQX1191,CUST1036,SITE117,Metro Rail Project,Coimbatore,2025-06-22,2025-07-14,2025-07-14,22,24000,528000,48000,Paid,OP1092,Completed,0
RNT101885,EQX1037,CUST1010,SITE108,Airport Extension,Coimbatore,2025-05-23,2025-05-31,2025-05-31,8,25000,200000,50000,Pending,OP1086,Completed,0
RNT101886,EQX1053,CUST1017,SITE102,IT Park,Hyderabad,2025-04-06,2025-04-16,2025-04-18,10,18000,216000,36000,Paid,OP1010,Overdue,2
RNT101887,EQX1146,CUST1057,SITE112,Mining Site,Bangalore,2025-04-16,2025-05-12,2025-05-14,26,18000,504000,36000,Paid,OP1128,Overdue,2
RNT101888,EQX1141,CUST1081,SITE111,Metro Rail Project,Chennai,2025-05-22,2025-06-02,2025-06-10,11,12000,228000,24000,Pending,OP1182,Overdue,8
RNT101889,EQX1049,CUST1038,SITE104,Industrial Park,Madurai,2025-04-20,2025-05-09,2025-05-16,19,12000,312000,24000,Paid,OP1037,Overdue,7
RNT101890,EQX1181,CUST1040,SITE119,Bridge Construction,Mysore,2025-03-14,2025-03-25,2025-03-25,11,22000,242000,44000,Paid,OP1143,Completed,0
RNT101891,EQX1144,CUST1028,SITE119,Industrial Park,Madurai,2025-06-24,2025-07-09,2025-07-09,15,18000,270000,36000,Partial,OP1109,Completed,0
RNT101892,EQX1087,CUST1022,SITE115,River Embankment,Trichy,2025-06-22,2025-07-08,2025-07-08,16,25000,400000,50000,Paid,OP1024,Completed,0
RNT101893,EQX1289,CUST1030,SITE106,Metro Rail Project,Chennai,2025-01-14,2025-01-22,2025-01-22,8,24000,192000,48000,Pending,OP1104,Completed,0
RNT101894,EQX1214,CUST1043,SITE124,Mining Site,Salem,2025-04-07,2025-04-27,2025-05-01,20,24000,576000,48000,Paid,OP1019,Overdue,4
RNT101895,EQX1156,CUST1023,SITE115,River Embankment,Hyderabad,2025-04-29,2025-05-23,2025-05-23,24,30000,720000,60000,Paid,OP1047,Completed,0
RNT101896,EQX1111,CUST1072,SITE126,Smart City Zone,Trichy,2025-02-01,2025-02-24,2025-02-24,23,22000,506000,44000,Paid,OP1081,Completed,0
RNT101897,EQX1029,CUST1075,SITE121,Airport Extension,Mysore,2025-01-23,2025-02-05,2025-02-05,13,12000,156000,24000,Paid,OP1046,Completed,0
RNT101898,EQX1272,CUST1105,SITE121,Harbor Expansion,Coimbatore,2025-02-23,2025-03-25,2025-03-25,30,30000,900000,60000,Paid,OP1112,Completed,0
RNT101899,EQX1058,CUST1021,SITE105,Solar Power Plant,Hyderabad,2025-03-15,2025-03-17,2025-03-17,2,30000,60000,60000,Paid,OP1146,Completed,0
RNT101900,EQX1280,CUST1029,SITE118,Airport Extension,Trichy,2025-01-11,2025-01-21,2025-01-21,10,18000,180000,36000,Partial,OP1024,Completed,0
RNT101901,EQX1113,CUST1030,SITE113,Solar Power Plant,Trichy,2025-02-06,2025-02-11,2025-02-11,5,30000,150000,60000,Paid,OP1065,Completed,0
RNT101902,EQX1195,CUST1020,SITE109,Smart City Zone,Salem,2025-03-21,2025-04-13,2025-04-13,23,18000,414000,36000,Paid,OP1023,Completed,0
RNT101903,EQX1033,CUST1079,SITE128,Metro Rail Project,Bangalore,2025-02-20,2025-03-17,2025-03-17,25,24000,600000,48000,Paid,OP1076,Completed,0
RNT101904,EQX1092,CUST1116,SITE111,Residential Township,Bangalore,2025-03-18,2025-04-16,2025-04-16,29,24000,696000,48000,Pending,OP1178,Completed,0
RNT101905,EQX1244,CUST1059,SITE113,River Embankment,Bangalore,2025-05-05,2025-05-29,2025-05-29,24,30000,720000,60000,Paid,OP1040,Completed,0
RNT101906,EQX1254,CUST1011,SITE103,Airport Extension,Coimbatore,2025-05-05,2025-05-16,2025-05-16,11,18000,198000,36000,Paid,OP1023,Completed,0
RNT101907,EQX1220,CUST1030,SITE104,Highway Expansion,Coimbatore,2025-05-22,2025-06-10,2025-06-10,19,30000,570000,60000,Paid,OP1137,Completed,0
RNT101908,EQX1113,CUST1088,SITE130,Metro Rail Project,Bangalore,2025-04-19,2025-05-17,2025-05-17,28,30000,840000,60000,Paid,OP1127,Completed,0
RNT101909,EQX1073,CUST1050,SITE117,Airport Extension,Trichy,2025-01-22,2025-02-04,2025-02-04,13,22000,286000,44000,Paid,OP1198,Completed,0
RNT101910,EQX1155,CUST1107,SITE104,Residential Township,Bangalore,2025-03-29,2025-04-04,2025-04-04,6,18000,108000,36000,Partial,OP1108,Completed,0
RNT101911,EQX1270,CUST1011,SITE106,Bridge Construction,Coimbatore,2025-05-29,2025-06-08,2025-06-08,10,18000,180000,36000,Paid,OP1007,Completed,0
RNT101912,EQX1054,CUST1027,SITE128,Bridge Construction,Chennai,2025-02-23,2025-03-02,2025-03-06,7,12000,132000,24000,Paid,OP1105,Overdue,4
RNT101913,EQX1087,CUST1022,SITE115,Metro Rail Project,Coimbatore,2025-04-24,2025-05-15,2025-05-15,21,25000,525000,50000,Paid,OP1033,Completed,0
RNT101914,EQX1073,CUST1060,SITE110,Mining Site,Bangalore,2025-06-14,2025-06-17,2025-06-17,3,22000,66000,44000,Paid,OP1110,Completed,0
RNT101915,EQX1125,CUST1068,SITE126,Solar Power Plant,Salem,2025-06-22,2025-06-27,2025-06-29,5,25000,175000,50000,Paid,OP1078,Overdue,2
RNT101916,EQX1102,CUST1006,SITE105,Residential Township,Salem,2025-01-14,2025-01-23,2025-01-23,9,18000,162000,36000,Paid,OP1083,Completed,0
RNT101917,EQX1202,CUST1052,SITE120,Metro Rail Project,Hyderabad,2025-05-04,2025-05-31,2025-05-31,27,30000,810000,60000,Paid,OP1099,Completed,0
RNT101918,EQX1124,CUST1038,SITE120,Airport Extension,Chennai,2025-01-21,2025-02-13,2025-02-13,23,18000,414000,36000,Pending,OP1190,Completed,0
RNT101919,EQX1028,CUST1040,SITE109,River Embankment,Chennai,2025-01-31,2025-02-22,2025-02-22,22,12000,264000,24000,Paid,OP1155,Completed,0
RNT101920,EQX1278,CUST1075,SITE117,River Embankment,Trichy,2025-03-20,2025-04-03,2025-04-03,14,22000,308000,44000,Paid,OP1100,Completed,0
RNT101921,EQX1193,CUST1031,SITE130,Mining Site,Trichy,2025-04-16,2025-04-27,2025-04-27,11,18000,198000,36000,Paid,OP1046,Completed,0
RNT101922,EQX1086,CUST1074,SITE109,Airport Extension,Bangalore,2025-03-21,2025-04-07,2025-04-07,17,18000,306000,36000,Pending,OP1059,Completed,0
RNT101923,EQX1185,CUST1082,SITE103,Bridge Construction,Hyderabad,2025-05-07,2025-05-17,2025-05-17,10,30000,300000,60000,Paid,OP1124,Completed,0
RNT101924,EQX1208,CUST1008,SITE101,IT Park,Chennai,2025-05-09,2025-05-28,2025-05-28,19,18000,342000,36000,Paid,OP1008,Completed,0
RNT101925,EQX1083,CUST1053,SITE105,Residential Township,Mysore,2025-05-26,2025-06-12,2025-06-12,17,25000,425000,50000,Paid,OP1190,Completed,0
RNT101926,EQX1227,CUST1002,SITE113,River Embankment,Chennai,2025-03-31,2025-04-05,2025-04-05,5,18000,90000,36000,Paid,OP1163,Completed,0
RNT101927,EQX1035,CUST1031,SITE108,Harbor Expansion,Salem,2025-05-17,2025-06-15,2025-06-15,29,22000,638000,44000,Paid,OP1076,Completed,0
RNT101928,EQX1132,CUST1069,SITE123,Industrial Park,Trichy,2025-05-17,2025-05-30,2025-05-30,13,30000,390000,60000,Paid,OP1076,Completed,0
RNT101929,EQX1185,CUST1074,SITE126,Mining Site,Madurai,2025-02-15,2025-02-23,2025-02-23,8,30000,240000,60000,Partial,OP1176,Completed,0
RNT101930,EQX1189,CUST1113,SITE114,Metro Rail Project,Hyderabad,2025-01-21,2025-02-04,2025-02-11,14,12000,252000,24000,Partial,OP1162,Overdue,7
RNT101931,EQX1218,CUST1079,SITE115,Highway Expansion,Bangalore,2025-03-12,2025-03-30,2025-03-30,18,12000,216000,24000,Partial,OP1152,Completed,0
RNT101932,EQX1225,CUST1043,SITE114,Highway Expansion,Chennai,2025-03-28,2025-04-11,2025-04-11,14,22000,308000,44000,Paid,OP1137,Completed,0
RNT101933,EQX1014,CUST1087,SITE119,Smart City Zone,Chennai,2025-04-21,2025-05-05,2025-05-05,14,12000,168000,24000,Paid,OP1002,Completed,0
RNT101934,EQX1170,CUST1119,SITE129,IT Park,Bangalore,2025-02-24,2025-03-11,2025-03-11,15,24000,360000,48000,Paid,OP1172,Completed,0
RNT101935,EQX1015,CUST1072,SITE108,Bridge Construction,Coimbatore,2025-05-30,2025-06-03,2025-06-03,4,22000,88000,44000,Paid,OP1109,Completed,0
RNT101936,EQX1181,CUST1034,SITE105,Smart City Zone,Mysore,2025-01-26,2025-02-14,2025-02-14,19,22000,418000,44000,Pending,OP1144,Completed,0
RNT101937,EQX1097,CUST1118,SITE103,River Embankment,Hyderabad,2025-04-04,2025-05-01,2025-05-01,27,22000,594000,44000,Paid,OP1144,Completed,0
RNT101938,EQX1141,CUST1082,SITE128,Highway Expansion,Mysore,2025-01-02,2025-01-09,2025-01-09,7,12000,84000,24000,Paid,OP1031,Completed,0
RNT101939,EQX1156,CUST1081,SITE108,Mining Site,Madurai,2025-04-25,2025-05-22,2025-05-22,27,30000,810000,60000,Paid,OP1093,Completed,0
RNT101940,EQX1186,CUST1036,SITE108,IT Park,Trichy,2025-04-16,2025-05-06,2025-05-06,20,25000,500000,50000,Pending,OP1162,Completed,0
RNT101941,EQX1179,CUST1004,SITE123,Bridge Construction,Trichy,2025-06-26,2025-07-23,2025-07-23,27,25000,675000,50000,Paid,OP1177,Completed,0
RNT101942,EQX1076,CUST1110,SITE102,River Embankment,Bangalore,2025-06-30,2025-07-20,2025-07-25,20,25000,625000,50000,Paid,OP1051,Overdue,5
RNT101943,EQX1224,CUST1120,SITE111,Residential Township,Chennai,2025-01-12,2025-01-30,2025-01-30,18,22000,396000,44000,Paid,OP1009,Completed,0
RNT101944,EQX1261,CUST1054,SITE129,Industrial Park,Chennai,2025-03-02,2025-03-18,2025-03-18,16,24000,384000,48000,Paid,OP1026,Completed,0
RNT101945,EQX1147,CUST1049,SITE103,Bridge Construction,Madurai,2025-03-01,2025-03-18,2025-03-26,17,22000,550000,44000,Paid,OP1069,Overdue,8
RNT101946,EQX1069,CUST1052,SITE114,Mining Site,Trichy,2025-04-27,2025-05-17,2025-05-17,20,25000,500000,50000,Paid,OP1099,Completed,0
RNT101947,EQX1064,CUST1001,SITE108,River Embankment,Salem,2025-01-23,2025-02-02,2025-02-10,10,18000,324000,36000,Paid,OP1096,Overdue,8
RNT101948,EQX1237,CUST1040,SITE124,Solar Power Plant,Trichy,2025-04-17,2025-04-19,2025-04-19,2,12000,24000,24000,Partial,OP1115,Completed,0
RNT101949,EQX1064,CUST1069,SITE111,Highway Expansion,Trichy,2025-06-11,2025-06-18,2025-06-18,7,18000,126000,36000,Paid,OP1148,Completed,0
RNT101950,EQX1037,CUST1018,SITE117,Mining Site,Salem,2025-02-28,2025-03-13,2025-03-19,13,25000,475000,50000,Partial,OP1133,Overdue,6
RNT101951,EQX1168,CUST1068,SITE112,Industrial Park,Trichy,2025-05-30,2025-06-28,2025-06-28,29,25000,725000,50000,Paid,OP1131,Completed,0
RNT101952,EQX1082,CUST1054,SITE110,Mining Site,Chennai,2025-01-25,2025-02-11,2025-02-14,17,12000,240000,24000,Partial,OP1161,Overdue,3
RNT101953,EQX1204,CUST1107,SITE129,IT Park,Madurai,2025-05-14,2025-05-28,2025-05-28,14,30000,420000,60000,Paid,OP1085,Completed,0
RNT101954,EQX1224,CUST1050,SITE126,River Embankment,Bangalore,2025-02-08,2025-02-17,2025-02-17,9,22000,198000,44000,Paid,OP1138,Completed,0
RNT101955,EQX1044,CUST1064,SITE108,Airport Extension,Coimbatore,2025-04-28,2025-05-02,2025-05-02,4,24000,96000,48000,Paid,OP1177,Completed,0
RNT101956,EQX1160,CUST1104,SITE120,Industrial Park,Bangalore,2025-01-26,2025-02-19,2025-02-19,24,18000,432000,36000,Paid,OP1200,Completed,0
RNT101957,EQX1227,CUST1012,SITE105,Bridge Construction,Hyderabad,2025-04-08,2025-04-14,2025-04-14,6,18000,108000,36000,Paid,OP1113,Completed,0
RNT101958,EQX1115,CUST1107,SITE117,Harbor Expansion,Hyderabad,2025-04-07,2025-04-20,2025-04-20,13,18000,234000,36000,Paid,OP1051,Completed,0
RNT101959,EQX1046,CUST1110,SITE115,Bridge Construction,Hyderabad,2025-01-06,2025-01-19,2025-01-19,13,22000,286000,44000,Paid,OP1112,Completed,0
RNT101960,EQX1241,CUST1103,SITE115,Solar Power Plant,Salem,2025-01-05,2025-01-11,2025-01-11,6,12000,72000,24000,Paid,OP1063,Completed,0
RNT101961,EQX1260,CUST1110,SITE111,Smart City Zone,Bangalore,2025-02-22,2025-03-22,2025-03-22,28,30000,840000,60000,Paid,OP1032,Completed,0
RNT101962,EQX1294,CUST1102,SITE120,Airport Extension,Hyderabad,2025-02-21,2025-02-23,2025-02-23,2,22000,44000,44000,Paid,OP1193,Completed,0
RNT101963,EQX1253,CUST1001,SITE105,Harbor Expansion,Mysore,2025-06-21,2025-07-02,2025-07-02,11,24000,264000,48000,Paid,OP1044,Completed,0
RNT101964,EQX1255,CUST1017,SITE102,Solar Power Plant,Trichy,2025-04-09,2025-05-07,2025-05-07,28,12000,336000,24000,Paid,OP1066,Completed,0
RNT101965,EQX1280,CUST1112,SITE113,Highway Expansion,Hyderabad,2025-03-26,2025-04-06,2025-04-06,11,18000,198000,36000,Paid,OP1134,Completed,0
RNT101966,EQX1041,CUST1017,SITE130,Metro Rail Project,Trichy,2025-02-09,2025-02-28,2025-02-28,19,24000,456000,48000,Paid,OP1115,Completed,0
RNT101967,EQX1059,CUST1079,SITE123,Mining Site,Salem,2025-05-20,2025-06-08,2025-06-08,19,24000,456000,48000,Partial,OP1006,Completed,0
RNT101968,EQX1261,CUST1117,SITE116,Harbor Expansion,Coimbatore,2025-03-28,2025-04-02,2025-04-02,5,24000,120000,48000,Paid,OP1165,Completed,0
RNT101969,EQX1189,CUST1060,SITE106,River Embankment,Chennai,2025-01-02,2025-01-22,2025-01-22,20,12000,240000,24000,Partial,OP1022,Completed,0
RNT101970,EQX1267,CUST1095,SITE113,Smart City Zone,Hyderabad,2025-06-27,2025-07-19,2025-07-19,22,30000,660000,60000,Paid,OP1078,Completed,0
RNT101971,EQX1246,CUST1015,SITE109,Highway Expansion,Chennai,2025-03-22,2025-04-06,2025-04-08,15,22000,374000,44000,Pending,OP1004,Overdue,2
RNT101972,EQX1212,CUST1009,SITE114,Highway Expansion,Chennai,2025-05-05,2025-05-08,2025-05-08,3,24000,72000,48000,Pending,OP1099,Completed,0
RNT101973,EQX1036,CUST1042,SITE112,Solar Power Plant,Mysore,2025-03-30,2025-04-13,2025-04-13,14,24000,336000,48000,Pending,OP1176,Completed,0
RNT101974,EQX1234,CUST1052,SITE106,Highway Expansion,Madurai,2025-02-27,2025-03-20,2025-03-20,21,22000,462000,44000,Paid,OP1018,Completed,0
RNT101975,EQX1224,CUST1078,SITE117,Bridge Construction,Mysore,2025-05-28,2025-06-12,2025-06-14,15,22000,374000,44000,Paid,OP1050,Overdue,2
RNT101976,EQX1198,CUST1071,SITE115,Smart City Zone,Mysore,2025-01-06,2025-01-13,2025-01-13,7,24000,168000,48000,Partial,OP1009,Completed,0
RNT101977,EQX1219,CUST1019,SITE111,Metro Rail Project,Salem,2025-01-15,2025-01-29,2025-01-29,14,18000,252000,36000,Pending,OP1003,Completed,0
RNT101978,EQX1143,CUST1050,SITE102,Residential Township,Madurai,2025-04-13,2025-04-28,2025-04-28,15,12000,180000,24000,Pending,OP1146,Completed,0
RNT101979,EQX1067,CUST1025,SITE116,Metro Rail Project,Hyderabad,2025-03-27,2025-04-15,2025-04-15,19,24000,456000,48000,Paid,OP1081,Completed,0
RNT101980,EQX1046,CUST1064,SITE126,Bridge Construction,Bangalore,2025-04-03,2025-04-21,2025-04-30,18,22000,594000,44000,Paid,OP1104,Overdue,9
RNT101981,EQX1071,CUST1049,SITE120,IT Park,Coimbatore,2025-05-05,2025-05-24,2025-05-24,19,30000,570000,60000,Paid,OP1094,Completed,0
RNT101982,EQX1156,CUST1048,SITE102,Residential Township,Trichy,2025-06-19,2025-06-26,2025-06-26,7,30000,210000,60000,Paid,OP1160,Completed,0
RNT101983,EQX1073,CUST1024,SITE119,Residential Township,Bangalore,2025-02-15,2025-02-23,2025-02-23,8,22000,176000,44000,Paid,OP1069,Completed,0
RNT101984,EQX1063,CUST1111,SITE129,Smart City Zone,Hyderabad,2025-02-12,2025-02-19,2025-02-19,7,25000,175000,50000,Paid,OP1017,Completed,0
RNT101985,EQX1078,CUST1047,SITE102,Harbor Expansion,Salem,2025-05-14,2025-05-27,2025-05-27,13,12000,156000,24000,Paid,OP1186,Completed,0
RNT101986,EQX1254,CUST1040,SITE124,Solar Power Plant,Bangalore,2025-06-09,2025-06-29,2025-07-03,20,18000,432000,36000,Paid,OP1138,Overdue,4
RNT101987,EQX1155,CUST1090,SITE122,Residential Township,Coimbatore,2025-03-21,2025-04-08,2025-04-08,18,18000,324000,36000,Paid,OP1140,Completed,0
RNT101988,EQX1096,CUST1001,SITE108,Bridge Construction,Hyderabad,2025-03-16,2025-04-14,2025-04-14,29,25000,725000,50000,Paid,OP1061,Completed,0
RNT101989,EQX1285,CUST1070,SITE108,Airport Extension,Hyderabad,2025-03-23,2025-04-20,2025-04-20,28,30000,840000,60000,Paid,OP1192,Completed,0
RNT101990,EQX1025,CUST1071,SITE121,Bridge Construction,Bangalore,2025-06-22,2025-06-26,2025-06-26,4,30000,120000,60000,Paid,OP1168,Completed,0
RNT101991,EQX1006,CUST1004,SITE127,River Embankment,Salem,2025-02-11,2025-02-22,2025-02-22,11,24000,264000,48000,Paid,OP1069,Completed,0
RNT101992,EQX1172,CUST1010,SITE129,Highway Expansion,Chennai,2025-05-13,2025-05-26,2025-05-26,13,30000,390000,60000,Paid,OP1045,Completed,0
RNT101993,EQX1112,CUST1098,SITE123,Solar Power Plant,Coimbatore,2025-02-23,2025-03-01,2025-03-01,6,30000,180000,60000,Pending,OP1041,Completed,0
RNT101994,EQX1181,CUST1118,SITE114,River Embankment,Bangalore,2025-01-21,2025-01-31,2025-01-31,10,22000,220000,44000,Paid,OP1085,Completed,0
RNT101995,EQX1180,CUST1046,SITE109,Airport Extension,Coimbatore,2025-01-20,2025-01-31,2025-01-31,11,18000,198000,36000,Pending,OP1190,Completed,0
RNT101996,EQX1288,CUST1002,SITE117,Industrial Park,Mysore,2025-04-03,2025-04-29,2025-05-06,26,24000,792000,48000,Paid,OP1052,Overdue,7
RNT101997,EQX1298,CUST1088,SITE114,Mining Site,Trichy,2025-01-12,2025-02-08,2025-02-08,27,22000,594000,44000,Paid,OP1148,Completed,0
RNT101998,EQX1065,CUST1093,SITE123,IT Park,Hyderabad,2025-02-05,2025-02-15,2025-02-15,10,25000,250000,50000,Paid,OP1127,Completed,0
RNT101999,EQX1195,CUST1016,SITE117,River Embankment,Mysore,2025-06-10,2025-06-19,2025-06-19,9,18000,162000,36000,Paid,OP1189,Completed,0
RNT102000,EQX1020,CUST1118,SITE120,Smart City Zone,Chennai,2025-01-06,2025-01-20,2025-01-20,14,30000,420000,60000,Paid,OP1005,Completed,0
RNT102001,EQX1231,CUST1007,SITE111,Solar Power Plant,Coimbatore,2025-01-06,2025-01-21,2025-01-23,15,22000,374000,44000,Pending,OP1132,Overdue,2
RNT102002,EQX1283,CUST1024,SITE130,Airport Extension,Trichy,2025-01-10,2025-02-02,2025-02-02,23,24000,552000,48000,Paid,OP1181,Completed,0
RNT102003,EQX1107,CUST1023,SITE112,Highway Expansion,Mysore,2025-04-11,2025-05-08,2025-05-14,27,30000,990000,60000,Paid,OP1152,Overdue,6
RNT102004,EQX1186,CUST1110,SITE111,Smart City Zone,Hyderabad,2025-01-02,2025-01-10,2025-01-12,8,25000,250000,50000,Paid,OP1122,Overdue,2
RNT102005,EQX1032,CUST1087,SITE104,Solar Power Plant,Madurai,2025-03-05,2025-03-07,2025-03-13,2,24000,192000,48000,Paid,OP1005,Overdue,6
RNT102006,EQX1294,CUST1113,SITE106,Highway Expansion,Coimbatore,2025-03-28,2025-04-26,2025-04-26,29,22000,638000,44000,Paid,OP1194,Completed,0
RNT102007,EQX1263,CUST1015,SITE119,Residential Township,Chennai,2025-01-01,2025-01-05,2025-01-05,4,18000,72000,36000,Paid,OP1071,Completed,0
RNT102008,EQX1053,CUST1077,SITE118,Bridge Construction,Mysore,2025-04-09,2025-05-06,2025-05-13,27,18000,612000,36000,Paid,OP1126,Overdue,7
RNT102009,EQX1165,CUST1058,SITE121,Residential Township,Madurai,2025-05-10,2025-05-31,2025-05-31,21,25000,525000,50000,Paid,OP1195,Completed,0
RNT102010,EQX1274,CUST1099,SITE107,Highway Expansion,Hyderabad,2025-03-02,2025-03-07,2025-03-07,5,30000,150000,60000,Partial,OP1041,Completed,0
RNT102011,EQX1198,CUST1037,SITE118,Industrial Park,Trichy,2025-01-14,2025-02-04,2025-02-04,21,24000,504000,48000,Partial,OP1169,Completed,0
RNT102012,EQX1028,CUST1050,SITE101,River Embankment,Coimbatore,2025-02-28,2025-03-30,2025-03-30,30,12000,360000,24000,Paid,OP1014,Completed,0
RNT102013,EQX1082,CUST1085,SITE106,Bridge Construction,Madurai,2025-02-10,2025-02-19,2025-02-22,9,12000,144000,24000,Paid,OP1043,Overdue,3
RNT102014,EQX1034,CUST1118,SITE126,Smart City Zone,Trichy,2025-06-20,2025-07-13,2025-07-20,23,25000,750000,50000,Pending,OP1085,Overdue,7
RNT102015,EQX1277,CUST1032,SITE104,River Embankment,Trichy,2025-01-15,2025-01-18,2025-01-18,3,12000,36000,24000,Pending,OP1002,Completed,0
RNT102016,EQX1019,CUST1008,SITE117,Airport Extension,Trichy,2025-03-16,2025-04-15,2025-04-15,30,25000,750000,50000,Paid,OP1027,Completed,0
RNT102017,EQX1003,CUST1044,SITE104,Airport Extension,Chennai,2025-06-17,2025-06-29,2025-06-29,12,25000,300000,50000,Partial,OP1162,Completed,0
RNT102018,EQX1230,CUST1096,SITE104,Smart City Zone,Mysore,2025-04-20,2025-05-12,2025-05-12,22,18000,396000,36000,Paid,OP1118,Completed,0
RNT102019,EQX1097,CUST1094,SITE103,Mining Site,Hyderabad,2025-01-29,2025-02-22,2025-03-02,24,22000,704000,44000,Pending,OP1095,Overdue,8
RNT102020,EQX1016,CUST1098,SITE121,Solar Power Plant,Salem,2025-03-21,2025-04-02,2025-04-02,12,24000,288000,48000,Pending,OP1103,Completed,0
RNT102021,EQX1280,CUST1047,SITE118,Metro Rail Project,Chennai,2025-01-03,2025-01-24,2025-01-24,21,18000,378000,36000,Paid,OP1148,Completed,0
RNT102022,EQX1276,CUST1072,SITE127,Mining Site,Hyderabad,2025-04-16,2025-05-15,2025-05-15,29,25000,725000,50000,Paid,OP1106,Completed,0
RNT102023,EQX1078,CUST1020,SITE127,Highway Expansion,Bangalore,2025-02-18,2025-03-09,2025-03-09,19,12000,228000,24000,Partial,OP1157,Completed,0
RNT102024,EQX1037,CUST1070,SITE108,Highway Expansion,Salem,2025-04-09,2025-05-01,2025-05-08,22,25000,725000,50000,Paid,OP1198,Overdue,7
RNT102025,EQX1149,CUST1040,SITE130,IT Park,Bangalore,2025-01-27,2025-02-19,2025-02-19,23,24000,552000,48000,Paid,OP1040,Completed,0
RNT102026,EQX1039,CUST1104,SITE106,Industrial Park,Bangalore,2025-02-12,2025-03-11,2025-03-11,27,18000,486000,36000,Paid,OP1128,Completed,0
RNT102027,EQX1008,CUST1074,SITE105,Metro Rail Project,Chennai,2025-05-31,2025-06-20,2025-06-20,20,30000,600000,60000,Paid,OP1069,Completed,0
RNT102028,EQX1116,CUST1063,SITE106,Industrial Park,Salem,2025-01-07,2025-01-26,2025-01-26,19,30000,570000,60000,Paid,OP1125,Completed,0
RNT102029,EQX1021,CUST1119,SITE103,Smart City Zone,Madurai,2025-06-27,2025-07-02,2025-07-02,5,18000,90000,36000,Pending,OP1039,Completed,0
RNT102030,EQX1260,CUST1047,SITE127,Solar Power Plant,Bangalore,2025-04-25,2025-05-02,2025-05-02,7,30000,210000,60000,Paid,OP1061,Completed,0
RNT102031,EQX1010,CUST1049,SITE114,Industrial Park,Hyderabad,2025-06-08,2025-06-12,2025-06-12,4,25000,100000,50000,Paid,OP1041,Completed,0
RNT102032,EQX1257,CUST1104,SITE103,Harbor Expansion,Trichy,2025-06-04,2025-07-01,2025-07-01,27,24000,648000,48000,Pending,OP1067,Completed,0
RNT102033,EQX1292,CUST1111,SITE111,Solar Power Plant,Trichy,2025-01-03,2025-01-07,2025-01-13,4,12000,120000,24000,Paid,OP1147,Overdue,6
RNT102034,EQX1016,CUST1095,SITE104,Solar Power Plant,Bangalore,2025-06-06,2025-06-24,2025-06-24,18,24000,432000,48000,Paid,OP1019,Completed,0
RNT102035,EQX1122,CUST1070,SITE118,River Embankment,Chennai,2025-02-24,2025-03-18,2025-03-20,22,18000,432000,36000,Partial,OP1118,Overdue,2
RNT102036,EQX1243,CUST1075,SITE120,River Embankment,Mysore,2025-03-22,2025-04-14,2025-04-14,23,30000,690000,60000,Paid,OP1005,Completed,0
RNT102037,EQX1043,CUST1029,SITE129,Bridge Construction,Hyderabad,2025-01-07,2025-02-05,2025-02-10,29,22000,748000,44000,Pending,OP1128,Overdue,5
RNT102038,EQX1212,CUST1104,SITE103,Smart City Zone,Bangalore,2025-05-08,2025-05-31,2025-05-31,23,24000,552000,48000,Pending,OP1181,Completed,0
RNT102039,EQX1143,CUST1104,SITE125,Industrial Park,Bangalore,2025-02-07,2025-02-25,2025-02-25,18,12000,216000,24000,Paid,OP1009,Completed,0
RNT102040,EQX1008,CUST1038,SITE128,Smart City Zone,Salem,2025-02-08,2025-02-24,2025-02-24,16,30000,480000,60000,Paid,OP1015,Completed,0
RNT102041,EQX1261,CUST1031,SITE113,River Embankment,Salem,2025-06-16,2025-07-11,2025-07-11,25,24000,600000,48000,Paid,OP1014,Completed,0
RNT102042,EQX1200,CUST1086,SITE112,Smart City Zone,Bangalore,2025-03-23,2025-04-04,2025-04-12,12,18000,360000,36000,Paid,OP1117,Overdue,8
RNT102043,EQX1192,CUST1035,SITE123,Harbor Expansion,Hyderabad,2025-01-12,2025-01-29,2025-01-31,17,12000,228000,24000,Paid,OP1090,Overdue,2
RNT102044,EQX1269,CUST1012,SITE117,Mining Site,Salem,2025-04-14,2025-05-05,2025-05-05,21,12000,252000,24000,Paid,OP1142,Completed,0
RNT102045,EQX1268,CUST1018,SITE125,Smart City Zone,Salem,2025-01-22,2025-02-19,2025-02-22,28,22000,682000,44000,Paid,OP1074,Overdue,3
RNT102046,EQX1100,CUST1031,SITE115,Solar Power Plant,Chennai,2025-04-13,2025-05-07,2025-05-07,24,12000,288000,24000,Paid,OP1095,Completed,0
RNT102047,EQX1154,CUST1062,SITE113,Mining Site,Bangalore,2025-04-29,2025-05-17,2025-05-17,18,12000,216000,24000,Paid,OP1088,Completed,0
RNT102048,EQX1117,CUST1075,SITE130,Smart City Zone,Chennai,2025-02-16,2025-03-01,2025-03-01,13,18000,234000,36000,Paid,OP1089,Completed,0
RNT102049,EQX1129,CUST1090,SITE118,River Embankment,Madurai,2025-02-06,2025-02-15,2025-02-18,9,24000,288000,48000,Pending,OP1041,Overdue,3
RNT102050,EQX1286,CUST1065,SITE110,Airport Extension,Chennai,2025-03-07,2025-03-24,2025-03-24,17,18000,306000,36000,Paid,OP1179,Completed,0
RNT102051,EQX1198,CUST1015,SITE108,Solar Power Plant,Bangalore,2025-05-30,2025-06-17,2025-06-17,18,24000,432000,48000,Paid,OP1145,Completed,0
RNT102052,EQX1164,CUST1093,SITE124,Residential Township,Madurai,2025-01-12,2025-01-14,2025-01-14,2,30000,60000,60000,Pending,OP1070,Completed,0
RNT102053,EQX1229,CUST1087,SITE107,River Embankment,Madurai,2025-05-13,2025-06-06,2025-06-13,24,22000,682000,44000,Paid,OP1129,Overdue,7
RNT102054,EQX1083,CUST1114,SITE102,Highway Expansion,Chennai,2025-04-25,2025-05-11,2025-05-11,16,25000,400000,50000,Paid,OP1183,Completed,0
RNT102055,EQX1260,CUST1043,SITE102,Harbor Expansion,Bangalore,2025-02-03,2025-02-12,2025-02-14,9,30000,330000,60000,Paid,OP1199,Overdue,2
RNT102056,EQX1135,CUST1089,SITE116,Airport Extension,Chennai,2025-05-15,2025-05-28,2025-05-28,13,24000,312000,48000,Paid,OP1120,Completed,0
RNT102057,EQX1289,CUST1033,SITE126,Airport Extension,Trichy,2025-04-21,2025-04-30,2025-04-30,9,24000,216000,48000,Paid,OP1086,Completed,0
RNT102058,EQX1274,CUST1042,SITE101,Industrial Park,Hyderabad,2025-04-01,2025-04-15,2025-04-24,14,30000,690000,60000,Pending,OP1116,Overdue,9
RNT102059,EQX1298,CUST1007,SITE116,Metro Rail Project,Bangalore,2025-04-09,2025-04-20,2025-04-20,11,22000,242000,44000,Paid,OP1113,Completed,0
RNT102060,EQX1248,CUST1027,SITE107,IT Park,Hyderabad,2025-05-05,2025-05-17,2025-05-17,12,30000,360000,60000,Paid,OP1154,Completed,0
RNT102061,EQX1185,CUST1092,SITE121,Smart City Zone,Chennai,2025-04-13,2025-05-11,2025-05-11,28,30000,840000,60000,Paid,OP1167,Completed,0
RNT102062,EQX1064,CUST1063,SITE126,IT Park,Trichy,2025-04-18,2025-05-17,2025-05-17,29,18000,522000,36000,Paid,OP1002,Completed,0
RNT102063,EQX1080,CUST1078,SITE106,Smart City Zone,Salem,2025-04-23,2025-05-02,2025-05-02,9,24000,216000,48000,Pending,OP1046,Completed,0
RNT102064,EQX1291,CUST1086,SITE115,River Embankment,Salem,2025-06-23,2025-06-29,2025-06-29,6,25000,150000,50000,Pending,OP1048,Completed,0
RNT102065,EQX1205,CUST1105,SITE107,Mining Site,Hyderabad,2025-05-02,2025-06-01,2025-06-01,30,18000,540000,36000,Pending,OP1197,Completed,0
RNT102066,EQX1141,CUST1029,SITE103,Highway Expansion,Salem,2025-03-09,2025-03-30,2025-03-30,21,12000,252000,24000,Partial,OP1154,Completed,0
RNT102067,EQX1146,CUST1087,SITE119,IT Park,Hyderabad,2025-06-03,2025-06-14,2025-06-14,11,18000,198000,36000,Paid,OP1200,Completed,0
RNT102068,EQX1227,CUST1074,SITE101,Bridge Construction,Hyderabad,2025-05-24,2025-06-16,2025-06-16,23,18000,414000,36000,Paid,OP1021,Completed,0
RNT102069,EQX1076,CUST1056,SITE107,Smart City Zone,Chennai,2025-04-27,2025-05-02,2025-05-02,5,25000,125000,50000,Paid,OP1082,Completed,0
RNT102070,EQX1207,CUST1031,SITE114,IT Park,Madurai,2025-02-20,2025-03-12,2025-03-17,20,30000,750000,60000,Pending,OP1037,Overdue,5
RNT102071,EQX1240,CUST1004,SITE105,Harbor Expansion,Bangalore,2025-06-15,2025-07-03,2025-07-03,18,22000,396000,44000,Paid,OP1008,Completed,0
RNT102072,EQX1145,CUST1020,SITE112,Harbor Expansion,Hyderabad,2025-01-13,2025-02-01,2025-02-06,19,24000,576000,48000,Pending,OP1139,Overdue,5
RNT102073,EQX1031,CUST1015,SITE117,Smart City Zone,Trichy,2025-06-04,2025-06-19,2025-06-19,15,18000,270000,36000,Paid,OP1071,Completed,0
RNT102074,EQX1021,CUST1101,SITE118,Residential Township,Hyderabad,2025-01-07,2025-01-30,2025-02-01,23,18000,450000,36000,Paid,OP1056,Overdue,2
RNT102075,EQX1187,CUST1111,SITE108,River Embankment,Bangalore,2025-02-28,2025-03-21,2025-03-21,21,30000,630000,60000,Paid,OP1096,Completed,0
RNT102076,EQX1042,CUST1096,SITE119,Solar Power Plant,Mysore,2025-04-22,2025-05-07,2025-05-07,15,25000,375000,50000,Pending,OP1129,Completed,0
RNT102077,EQX1187,CUST1053,SITE109,Residential Township,Coimbatore,2025-05-15,2025-05-24,2025-05-24,9,30000,270000,60000,Partial,OP1187,Completed,0
RNT102078,EQX1162,CUST1052,SITE102,IT Park,Mysore,2025-05-16,2025-05-21,2025-05-25,5,25000,225000,50000,Pending,OP1141,Overdue,4
RNT102079,EQX1098,CUST1081,SITE112,Solar Power Plant,Mysore,2025-04-24,2025-05-06,2025-05-06,12,30000,360000,60000,Paid,OP1074,Completed,0
RNT102080,EQX1160,CUST1035,SITE127,Solar Power Plant,Madurai,2025-03-11,2025-03-21,2025-03-21,10,18000,180000,36000,Partial,OP1121,Completed,0
RNT102081,EQX1060,CUST1013,SITE123,Mining Site,Trichy,2025-01-20,2025-01-22,2025-01-22,2,25000,50000,50000,Paid,OP1112,Completed,0
RNT102082,EQX1251,CUST1050,SITE104,Airport Extension,Chennai,2025-02-13,2025-03-02,2025-03-02,17,24000,408000,48000,Paid,OP1060,Completed,0
RNT102083,EQX1047,CUST1024,SITE125,Airport Extension,Trichy,2025-05-13,2025-06-12,2025-06-12,30,24000,720000,48000,Pending,OP1108,Completed,0
RNT102084,EQX1184,CUST1091,SITE110,Mining Site,Trichy,2025-06-28,2025-07-25,2025-07-25,27,24000,648000,48000,Paid,OP1109,Completed,0
RNT102085,EQX1023,CUST1007,SITE101,Industrial Park,Coimbatore,2025-04-24,2025-05-20,2025-05-20,26,24000,624000,48000,Paid,OP1111,Completed,0
RNT102086,EQX1039,CUST1102,SITE114,River Embankment,Chennai,2025-01-29,2025-02-21,2025-02-21,23,18000,414000,36000,Paid,OP1106,Completed,0
RNT102087,EQX1053,CUST1013,SITE114,Bridge Construction,Salem,2025-02-22,2025-03-11,2025-03-11,17,18000,306000,36000,Paid,OP1183,Completed,0
RNT102088,EQX1028,CUST1087,SITE110,Industrial Park,Hyderabad,2025-05-16,2025-05-20,2025-05-23,4,12000,84000,24000,Paid,OP1176,Overdue,3
RNT102089,EQX1222,CUST1054,SITE107,Solar Power Plant,Salem,2025-01-26,2025-02-25,2025-02-25,30,22000,660000,44000,Pending,OP1189,Completed,0
RNT102090,EQX1003,CUST1039,SITE105,Bridge Construction,Madurai,2025-05-11,2025-06-03,2025-06-03,23,25000,575000,50000,Paid,OP1047,Completed,0
RNT102091,EQX1126,CUST1082,SITE109,Smart City Zone,Madurai,2025-01-20,2025-02-07,2025-02-10,18,18000,378000,36000,Paid,OP1084,Overdue,3
RNT102092,EQX1147,CUST1015,SITE109,Airport Extension,Mysore,2025-04-04,2025-04-09,2025-04-12,5,22000,176000,44000,Paid,OP1187,Overdue,3
RNT102093,EQX1139,CUST1072,SITE106,River Embankment,Coimbatore,2025-04-28,2025-05-26,2025-05-26,28,30000,840000,60000,Paid,OP1090,Completed,0
RNT102094,EQX1029,CUST1113,SITE104,Airport Extension,Trichy,2025-02-26,2025-03-17,2025-03-17,19,12000,228000,24000,Pending,OP1089,Completed,0
RNT102095,EQX1080,CUST1079,SITE106,Residential Township,Madurai,2025-05-10,2025-05-14,2025-05-14,4,24000,96000,48000,Paid,OP1175,Completed,0
RNT102096,EQX1001,CUST1112,SITE128,Smart City Zone,Coimbatore,2025-02-11,2025-02-28,2025-02-28,17,12000,204000,24000,Pending,OP1074,Completed,0
RNT102097,EQX1009,CUST1010,SITE113,Industrial Park,Hyderabad,2025-02-12,2025-03-09,2025-03-09,25,12000,300000,24000,Paid,OP1047,Completed,0
RNT102098,EQX1300,CUST1112,SITE123,Metro Rail Project,Hyderabad,2025-04-23,2025-05-23,2025-05-23,30,24000,720000,48000,Paid,OP1165,Completed,0
RNT102099,EQX1243,CUST1075,SITE104,Bridge Construction,Madurai,2025-04-10,2025-04-13,2025-04-13,3,30000,90000,60000,Paid,OP1180,Completed,0
RNT102100,EQX1098,CUST1085,SITE113,IT Park,Mysore,2025-06-07,2025-06-20,2025-06-20,13,30000,390000,60000,Paid,OP1161,Completed,0
RNT102101,EQX1274,CUST1068,SITE130,Solar Power Plant,Trichy,2025-05-01,2025-05-25,2025-05-28,24,30000,810000,60000,Paid,OP1055,Overdue,3
RNT102102,EQX1032,CUST1056,SITE113,Highway Expansion,Trichy,2025-06-06,2025-07-06,2025-07-06,30,24000,720000,48000,Paid,OP1123,Completed,0
RNT102103,EQX1052,CUST1064,SITE126,River Embankment,Chennai,2025-03-21,2025-04-19,2025-04-19,29,24000,696000,48000,Partial,OP1146,Completed,0
RNT102104,EQX1053,CUST1048,SITE105,River Embankment,Trichy,2025-05-06,2025-06-04,2025-06-04,29,18000,522000,36000,Paid,OP1090,Completed,0
RNT102105,EQX1091,CUST1014,SITE102,Metro Rail Project,Chennai,2025-02-20,2025-02-24,2025-02-24,4,25000,100000,50000,Partial,OP1101,Completed,0
RNT102106,EQX1246,CUST1006,SITE110,Highway Expansion,Hyderabad,2025-01-15,2025-02-05,2025-02-05,21,22000,462000,44000,Paid,OP1010,Completed,0
RNT102107,EQX1295,CUST1052,SITE117,IT Park,Madurai,2025-04-17,2025-04-21,2025-04-21,4,12000,48000,24000,Paid,OP1041,Completed,0
RNT102108,EQX1043,CUST1050,SITE120,Airport Extension,Trichy,2025-03-22,2025-04-14,2025-04-14,23,22000,506000,44000,Paid,OP1075,Completed,0
RNT102109,EQX1201,CUST1065,SITE127,River Embankment,Trichy,2025-03-14,2025-03-24,2025-03-24,10,18000,180000,36000,Paid,OP1052,Completed,0
RNT102110,EQX1059,CUST1015,SITE127,IT Park,Trichy,2025-01-12,2025-02-11,2025-02-11,30,24000,720000,48000,Partial,OP1157,Completed,0
RNT102111,EQX1159,CUST1048,SITE116,Harbor Expansion,Trichy,2025-03-29,2025-04-11,2025-04-11,13,24000,312000,48000,Paid,OP1118,Completed,0
RNT102112,EQX1150,CUST1024,SITE118,IT Park,Mysore,2025-02-06,2025-02-18,2025-02-18,12,18000,216000,36000,Paid,OP1106,Completed,0
RNT102113,EQX1163,CUST1007,SITE108,Bridge Construction,Hyderabad,2025-05-16,2025-06-09,2025-06-09,24,25000,600000,50000,Paid,OP1049,Completed,0
RNT102114,EQX1194,CUST1020,SITE117,Airport Extension,Hyderabad,2025-05-11,2025-05-20,2025-05-30,9,12000,228000,24000,Paid,OP1083,Overdue,10
RNT102115,EQX1217,CUST1100,SITE117,Solar Power Plant,Trichy,2025-02-17,2025-03-02,2025-03-04,13,18000,270000,36000,Paid,OP1056,Overdue,2
RNT102116,EQX1101,CUST1114,SITE108,Residential Township,Mysore,2025-03-01,2025-03-15,2025-03-15,14,24000,336000,48000,Paid,OP1071,Completed,0
RNT102117,EQX1278,CUST1036,SITE117,Bridge Construction,Coimbatore,2025-06-22,2025-07-15,2025-07-15,23,22000,506000,44000,Paid,OP1100,Completed,0
RNT102118,EQX1114,CUST1023,SITE123,IT Park,Chennai,2025-03-03,2025-03-08,2025-03-08,5,12000,60000,24000,Paid,OP1123,Completed,0
RNT102119,EQX1127,CUST1031,SITE114,River Embankment,Bangalore,2025-05-14,2025-06-10,2025-06-10,27,24000,648000,48000,Paid,OP1072,Completed,0
RNT102120,EQX1099,CUST1097,SITE101,Bridge Construction,Bangalore,2025-06-23,2025-06-29,2025-07-09,6,22000,352000,44000,Paid,OP1060,Overdue,10
RNT102121,EQX1085,CUST1001,SITE122,Airport Extension,Salem,2025-04-16,2025-04-18,2025-04-23,2,24000,168000,48000,Paid,OP1093,Overdue,5
RNT102122,EQX1263,CUST1106,SITE126,Industrial Park,Coimbatore,2025-05-17,2025-06-03,2025-06-06,17,18000,360000,36000,Paid,OP1124,Overdue,3
RNT102123,EQX1258,CUST1033,SITE117,Harbor Expansion,Coimbatore,2025-03-19,2025-04-08,2025-04-08,20,18000,360000,36000,Paid,OP1177,Completed,0
RNT102124,EQX1113,CUST1009,SITE103,Metro Rail Project,Coimbatore,2025-02-13,2025-02-23,2025-02-23,10,30000,300000,60000,Pending,OP1019,Completed,0
RNT102125,EQX1257,CUST1023,SITE119,Metro Rail Project,Coimbatore,2025-06-03,2025-06-25,2025-06-25,22,24000,528000,48000,Paid,OP1077,Completed,0
RNT102126,EQX1021,CUST1018,SITE103,Airport Extension,Coimbatore,2025-04-29,2025-05-11,2025-05-11,12,18000,216000,36000,Pending,OP1153,Completed,0
RNT102127,EQX1182,CUST1078,SITE102,Smart City Zone,Salem,2025-06-10,2025-07-10,2025-07-10,30,22000,660000,44000,Paid,OP1075,Completed,0
RNT102128,EQX1004,CUST1081,SITE112,Mining Site,Coimbatore,2025-05-12,2025-05-22,2025-05-22,10,30000,300000,60000,Pending,OP1163,Completed,0
RNT102129,EQX1237,CUST1042,SITE118,Highway Expansion,Chennai,2025-02-03,2025-03-03,2025-03-03,28,12000,336000,24000,Partial,OP1173,Completed,0
RNT102130,EQX1225,CUST1040,SITE115,Smart City Zone,Salem,2025-04-04,2025-05-03,2025-05-03,29,22000,638000,44000,Paid,OP1026,Completed,0
RNT102131,EQX1240,CUST1096,SITE111,Airport Extension,Chennai,2025-05-08,2025-05-18,2025-05-18,10,22000,220000,44000,Paid,OP1154,Completed,0
RNT102132,EQX1056,CUST1053,SITE111,Smart City Zone,Trichy,2025-01-01,2025-01-13,2025-01-18,12,22000,374000,44000,Paid,OP1162,Overdue,5
RNT102133,EQX1105,CUST1059,SITE130,Airport Extension,Hyderabad,2025-06-03,2025-07-02,2025-07-02,29,12000,348000,24000,Paid,OP1069,Completed,0
RNT102134,EQX1183,CUST1017,SITE120,Solar Power Plant,Mysore,2025-03-24,2025-04-02,2025-04-02,9,12000,108000,24000,Pending,OP1065,Completed,0
RNT102135,EQX1032,CUST1019,SITE102,Metro Rail Project,Salem,2025-05-03,2025-05-06,2025-05-06,3,24000,72000,48000,Paid,OP1115,Completed,0
RNT102136,EQX1231,CUST1054,SITE103,IT Park,Trichy,2025-04-04,2025-04-25,2025-04-25,21,22000,462000,44000,Paid,OP1096,Completed,0
RNT102137,EQX1045,CUST1021,SITE124,Residential Township,Madurai,2025-06-13,2025-06-28,2025-07-06,15,25000,575000,50000,Paid,OP1184,Overdue,8
RNT102138,EQX1074,CUST1011,SITE109,Harbor Expansion,Chennai,2025-05-16,2025-06-11,2025-06-15,26,12000,360000,24000,Paid,OP1017,Overdue,4
RNT102139,EQX1078,CUST1005,SITE112,Harbor Expansion,Hyderabad,2025-02-24,2025-03-04,2025-03-04,8,12000,96000,24000,Partial,OP1186,Completed,0
RNT102140,EQX1266,CUST1045,SITE114,Smart City Zone,Hyderabad,2025-06-09,2025-07-09,2025-07-09,30,30000,900000,60000,Partial,OP1155,Completed,0
RNT102141,EQX1126,CUST1060,SITE112,Residential Township,Bangalore,2025-03-18,2025-04-07,2025-04-07,20,18000,360000,36000,Partial,OP1080,Completed,0
RNT102142,EQX1172,CUST1084,SITE112,Industrial Park,Coimbatore,2025-02-01,2025-02-28,2025-03-05,27,30000,960000,60000,Partial,OP1045,Overdue,5
RNT102143,EQX1284,CUST1056,SITE107,Airport Extension,Trichy,2025-04-02,2025-05-02,2025-05-04,30,18000,576000,36000,Paid,OP1070,Overdue,2
RNT102144,EQX1094,CUST1019,SITE113,IT Park,Mysore,2025-01-15,2025-01-28,2025-01-28,13,30000,390000,60000,Partial,OP1014,Completed,0
RNT102145,EQX1190,CUST1108,SITE130,Residential Township,Trichy,2025-06-19,2025-06-25,2025-06-25,6,25000,150000,50000,Partial,OP1140,Completed,0
RNT102146,EQX1080,CUST1085,SITE108,Smart City Zone,Coimbatore,2025-04-30,2025-05-16,2025-05-16,16,24000,384000,48000,Partial,OP1082,Completed,0
RNT102147,EQX1076,CUST1030,SITE114,River Embankment,Mysore,2025-02-09,2025-02-12,2025-02-12,3,25000,75000,50000,Pending,OP1173,Completed,0
RNT102148,EQX1008,CUST1027,SITE106,Smart City Zone,Chennai,2025-01-19,2025-02-02,2025-02-02,14,30000,420000,60000,Paid,OP1053,Completed,0
RNT102149,EQX1189,CUST1002,SITE103,Metro Rail Project,Mysore,2025-06-07,2025-06-27,2025-06-30,20,12000,276000,24000,Paid,OP1164,Overdue,3
RNT102150,EQX1299,CUST1109,SITE106,Residential Township,Coimbatore,2025-06-13,2025-07-05,2025-07-05,22,24000,528000,48000,Paid,OP1162,Completed,0
RNT102151,EQX1009,CUST1076,SITE127,Mining Site,Madurai,2025-03-15,2025-04-01,2025-04-01,17,12000,204000,24000,Paid,OP1129,Completed,0
RNT102152,EQX1114,CUST1066,SITE130,Industrial Park,Trichy,2025-03-24,2025-03-31,2025-03-31,7,12000,84000,24000,Partial,OP1147,Completed,0
RNT102153,EQX1234,CUST1107,SITE123,Solar Power Plant,Bangalore,2025-02-05,2025-03-04,2025-03-04,27,22000,594000,44000,Pending,OP1116,Completed,0
RNT102154,EQX1048,CUST1067,SITE126,Airport Extension,Trichy,2025-02-21,2025-03-12,2025-03-12,19,30000,570000,60000,Pending,OP1068,Completed,0
RNT102155,EQX1113,CUST1013,SITE108,Harbor Expansion,Mysore,2025-04-22,2025-05-15,2025-05-15,23,30000,690000,60000,Paid,OP1055,Completed,0
RNT102156,EQX1107,CUST1088,SITE123,Residential Township,Madurai,2025-01-20,2025-01-27,2025-01-27,7,30000,210000,60000,Partial,OP1042,Completed,0
RNT102157,EQX1113,CUST1087,SITE112,Residential Township,Hyderabad,2025-02-05,2025-02-20,2025-02-20,15,30000,450000,60000,Paid,OP1170,Completed,0
RNT102158,EQX1006,CUST1100,SITE109,Highway Expansion,Bangalore,2025-06-10,2025-07-04,2025-07-04,24,24000,576000,48000,Pending,OP1032,Completed,0
RNT102159,EQX1118,CUST1065,SITE119,Metro Rail Project,Hyderabad,2025-06-10,2025-06-15,2025-06-15,5,12000,60000,24000,Paid,OP1186,Completed,0
RNT102160,EQX1087,CUST1119,SITE124,Smart City Zone,Chennai,2025-02-03,2025-02-12,2025-02-12,9,25000,225000,50000,Paid,OP1173,Completed,0
RNT102161,EQX1215,CUST1065,SITE104,Solar Power Plant,Salem,2025-04-12,2025-05-07,2025-05-07,25,12000,300000,24000,Paid,OP1058,Completed,0
RNT102162,EQX1256,CUST1052,SITE101,Airport Extension,Coimbatore,2025-05-30,2025-06-19,2025-06-19,20,12000,240000,24000,Partial,OP1120,Completed,0
RNT102163,EQX1232,CUST1078,SITE129,Mining Site,Bangalore,2025-05-17,2025-05-30,2025-05-30,13,18000,234000,36000,Paid,OP1180,Completed,0
RNT102164,EQX1154,CUST1093,SITE101,Bridge Construction,Bangalore,2025-03-27,2025-03-30,2025-03-30,3,12000,36000,24000,Partial,OP1084,Completed,0
RNT102165,EQX1226,CUST1023,SITE107,River Embankment,Coimbatore,2025-04-25,2025-05-16,2025-05-16,21,24000,504000,48000,Paid,OP1088,Completed,0
RNT102166,EQX1300,CUST1098,SITE101,Smart City Zone,Chennai,2025-05-12,2025-05-29,2025-05-29,17,24000,408000,48000,Paid,OP1045,Completed,0
RNT102167,EQX1039,CUST1036,SITE102,River Embankment,Coimbatore,2025-02-23,2025-02-28,2025-02-28,5,18000,90000,36000,Partial,OP1070,Completed,0
RNT102168,EQX1300,CUST1113,SITE106,Highway Expansion,Salem,2025-02-05,2025-03-05,2025-03-05,28,24000,672000,48000,Paid,OP1174,Completed,0
RNT102169,EQX1015,CUST1098,SITE128,Solar Power Plant,Madurai,2025-01-15,2025-01-30,2025-01-30,15,22000,330000,44000,Paid,OP1163,Completed,0
RNT102170,EQX1207,CUST1061,SITE123,Metro Rail Project,Bangalore,2025-02-04,2025-03-06,2025-03-06,30,30000,900000,60000,Paid,OP1081,Completed,0
RNT102171,EQX1227,CUST1022,SITE129,River Embankment,Hyderabad,2025-03-19,2025-04-04,2025-04-14,16,18000,468000,36000,Paid,OP1076,Overdue,10
RNT102172,EQX1281,CUST1072,SITE126,Industrial Park,Trichy,2025-06-27,2025-07-25,2025-08-03,28,12000,444000,24000,Paid,OP1140,Overdue,9
RNT102173,EQX1226,CUST1048,SITE115,Highway Expansion,Madurai,2025-03-15,2025-03-21,2025-03-21,6,24000,144000,48000,Paid,OP1155,Completed,0
RNT102174,EQX1237,CUST1106,SITE117,Solar Power Plant,Bangalore,2025-06-07,2025-07-06,2025-07-06,29,12000,348000,24000,Paid,OP1007,Completed,0
RNT102175,EQX1259,CUST1088,SITE119,Highway Expansion,Madurai,2025-02-05,2025-03-01,2025-03-01,24,22000,528000,44000,Paid,OP1048,Completed,0
RNT102176,EQX1128,CUST1015,SITE129,Mining Site,Bangalore,2025-01-18,2025-01-22,2025-01-22,4,30000,120000,60000,Pending,OP1190,Completed,0
RNT102177,EQX1072,CUST1083,SITE115,Metro Rail Project,Salem,2025-03-03,2025-04-02,2025-04-12,30,18000,720000,36000,Paid,OP1121,Overdue,10
RNT102178,EQX1010,CUST1016,SITE121,Highway Expansion,Chennai,2025-03-06,2025-04-01,2025-04-01,26,25000,650000,50000,Partial,OP1022,Completed,0
RNT102179,EQX1064,CUST1103,SITE115,Airport Extension,Coimbatore,2025-06-12,2025-07-04,2025-07-04,22,18000,396000,36000,Paid,OP1002,Completed,0
RNT102180,EQX1169,CUST1049,SITE125,Highway Expansion,Chennai,2025-06-29,2025-07-22,2025-07-26,23,12000,324000,24000,Partial,OP1031,Overdue,4
RNT102181,EQX1156,CUST1110,SITE125,Mining Site,Mysore,2025-06-06,2025-06-18,2025-06-28,12,30000,660000,60000,Paid,OP1188,Overdue,10
RNT102182,EQX1079,CUST1066,SITE130,Bridge Construction,Coimbatore,2025-02-05,2025-02-09,2025-02-10,4,12000,60000,24000,Pending,OP1041,Overdue,1
RNT102183,EQX1260,CUST1002,SITE106,Harbor Expansion,Trichy,2025-03-18,2025-03-26,2025-03-26,8,30000,240000,60000,Paid,OP1107,Completed,0
RNT102184,EQX1223,CUST1100,SITE119,Highway Expansion,Chennai,2025-06-20,2025-07-20,2025-07-20,30,30000,900000,60000,Paid,OP1137,Completed,0
RNT102185,EQX1035,CUST1106,SITE110,Metro Rail Project,Trichy,2025-04-07,2025-04-17,2025-04-19,10,22000,264000,44000,Paid,OP1095,Overdue,2
RNT102186,EQX1152,CUST1107,SITE117,Mining Site,Madurai,2025-05-23,2025-06-18,2025-06-18,26,18000,468000,36000,Paid,OP1147,Completed,0
RNT102187,EQX1075,CUST1007,SITE105,Industrial Park,Salem,2025-05-21,2025-06-10,2025-06-10,20,18000,360000,36000,Pending,OP1048,Completed,0
RNT102188,EQX1234,CUST1059,SITE105,Airport Extension,Mysore,2025-01-27,2025-02-12,2025-02-12,16,22000,352000,44000,Paid,OP1179,Completed,0
RNT102189,EQX1163,CUST1119,SITE116,Solar Power Plant,Trichy,2025-01-07,2025-01-21,2025-01-21,14,25000,350000,50000,Paid,OP1057,Completed,0
RNT102190,EQX1092,CUST1057,SITE112,Solar Power Plant,Trichy,2025-05-11,2025-05-21,2025-05-21,10,24000,240000,48000,Paid,OP1189,Completed,0
RNT102191,EQX1018,CUST1118,SITE106,Solar Power Plant,Madurai,2025-02-24,2025-03-09,2025-03-09,13,22000,286000,44000,Partial,OP1181,Completed,0
RNT102192,EQX1106,CUST1050,SITE103,Residential Township,Chennai,2025-05-27,2025-06-05,2025-06-05,9,18000,162000,36000,Partial,OP1137,Completed,0
RNT102193,EQX1090,CUST1080,SITE117,Residential Township,Trichy,2025-04-30,2025-05-24,2025-05-24,24,30000,720000,60000,Paid,OP1129,Completed,0
RNT102194,EQX1114,CUST1085,SITE127,Residential Township,Mysore,2025-02-12,2025-03-12,2025-03-12,28,12000,336000,24000,Paid,OP1144,Completed,0
RNT102195,EQX1093,CUST1073,SITE117,Industrial Park,Salem,2025-04-19,2025-05-09,2025-05-09,20,25000,500000,50000,Paid,OP1123,Completed,0
RNT102196,EQX1183,CUST1071,SITE107,Residential Township,Coimbatore,2025-03-27,2025-04-26,2025-05-05,30,12000,468000,24000,Paid,OP1140,Overdue,9
RNT102197,EQX1206,CUST1071,SITE123,Smart City Zone,Trichy,2025-02-24,2025-03-22,2025-03-22,26,22000,572000,44000,Paid,OP1061,Completed,0
RNT102198,EQX1133,CUST1060,SITE115,Highway Expansion,Trichy,2025-05-18,2025-05-31,2025-06-10,13,30000,690000,60000,Paid,OP1157,Overdue,10
RNT102199,EQX1053,CUST1017,SITE125,Mining Site,Trichy,2025-02-01,2025-02-12,2025-02-19,11,18000,324000,36000,Paid,OP1100,Overdue,7
RNT102200,EQX1164,CUST1032,SITE119,Residential Township,Salem,2025-05-24,2025-06-12,2025-06-14,19,30000,630000,60000,Paid,OP1088,Overdue,2
RNT102201,EQX1232,CUST1024,SITE122,Airport Extension,Bangalore,2025-01-15,2025-01-19,2025-01-19,4,18000,72000,36000,Paid,OP1159,Completed,0
RNT102202,EQX1079,CUST1020,SITE112,Airport Extension,Salem,2025-03-15,2025-03-27,2025-03-27,12,12000,144000,24000,Paid,OP1062,Completed,0
RNT102203,EQX1258,CUST1066,SITE123,River Embankment,Coimbatore,2025-05-28,2025-06-23,2025-06-23,26,18000,468000,36000,Paid,OP1033,Completed,0
RNT102204,EQX1087,CUST1086,SITE130,Bridge Construction,Chennai,2025-01-18,2025-02-05,2025-02-05,18,25000,450000,50000,Paid,OP1144,Completed,0
RNT102205,EQX1071,CUST1096,SITE113,Bridge Construction,Trichy,2025-01-16,2025-01-18,2025-01-18,2,30000,60000,60000,Paid,OP1005,Completed,0
RNT102206,EQX1268,CUST1099,SITE102,Solar Power Plant,Hyderabad,2025-01-23,2025-02-12,2025-02-12,20,22000,440000,44000,Paid,OP1006,Completed,0
RNT102207,EQX1152,CUST1115,SITE127,Harbor Expansion,Madurai,2025-05-16,2025-05-30,2025-05-30,14,18000,252000,36000,Paid,OP1102,Completed,0
RNT102208,EQX1136,CUST1101,SITE102,Mining Site,Mysore,2025-04-22,2025-05-14,2025-05-14,22,24000,528000,48000,Paid,OP1166,Completed,0
RNT102209,EQX1218,CUST1104,SITE102,Bridge Construction,Salem,2025-06-30,2025-07-12,2025-07-12,12,12000,144000,24000,Partial,OP1033,Completed,0
RNT102210,EQX1276,CUST1066,SITE109,Bridge Construction,Bangalore,2025-03-28,2025-04-17,2025-04-17,20,25000,500000,50000,Pending,OP1079,Completed,0
RNT102211,EQX1150,CUST1056,SITE110,Highway Expansion,Bangalore,2025-02-05,2025-02-24,2025-02-24,19,18000,342000,36000,Paid,OP1063,Completed,0
RNT102212,EQX1184,CUST1069,SITE112,Mining Site,Bangalore,2025-02-20,2025-03-04,2025-03-06,12,24000,336000,48000,Pending,OP1146,Overdue,2
RNT102213,EQX1004,CUST1033,SITE113,Harbor Expansion,Coimbatore,2025-01-27,2025-02-02,2025-02-02,6,30000,180000,60000,Paid,OP1031,Completed,0
RNT102214,EQX1153,CUST1040,SITE130,Residential Township,Hyderabad,2025-01-10,2025-01-12,2025-01-12,2,24000,48000,48000,Paid,OP1040,Completed,0
RNT102215,EQX1289,CUST1117,SITE130,Airport Extension,Hyderabad,2025-01-20,2025-02-12,2025-02-12,23,24000,552000,48000,Pending,OP1076,Completed,0
RNT102216,EQX1198,CUST1095,SITE111,Residential Township,Bangalore,2025-06-14,2025-07-09,2025-07-09,25,24000,600000,48000,Paid,OP1032,Completed,0
RNT102217,EQX1287,CUST1099,SITE109,Smart City Zone,Salem,2025-06-13,2025-07-10,2025-07-10,27,12000,324000,24000,Partial,OP1072,Completed,0
RNT102218,EQX1257,CUST1002,SITE102,IT Park,Hyderabad,2025-01-05,2025-01-13,2025-01-13,8,24000,192000,48000,Paid,OP1060,Completed,0
RNT102219,EQX1103,CUST1118,SITE127,Metro Rail Project,Bangalore,2025-04-11,2025-04-17,2025-04-17,6,25000,150000,50000,Partial,OP1018,Completed,0
RNT102220,EQX1237,CUST1009,SITE103,Industrial Park,Madurai,2025-04-20,2025-05-05,2025-05-05,15,12000,180000,24000,Paid,OP1143,Completed,0
RNT102221,EQX1230,CUST1090,SITE114,Smart City Zone,Mysore,2025-03-13,2025-03-30,2025-03-30,17,18000,306000,36000,Paid,OP1140,Completed,0
RNT102222,EQX1140,CUST1057,SITE120,Highway Expansion,Chennai,2025-02-17,2025-03-15,2025-03-15,26,12000,312000,24000,Pending,OP1127,Completed,0
RNT102223,EQX1279,CUST1028,SITE130,Harbor Expansion,Trichy,2025-04-07,2025-04-22,2025-04-22,15,25000,375000,50000,Paid,OP1085,Completed,0
RNT102224,EQX1029,CUST1103,SITE103,Harbor Expansion,Coimbatore,2025-04-17,2025-04-22,2025-04-30,5,12000,156000,24000,Paid,OP1089,Overdue,8
RNT102225,EQX1279,CUST1078,SITE128,Harbor Expansion,Salem,2025-01-10,2025-01-23,2025-01-23,13,25000,325000,50000,Pending,OP1058,Completed,0
RNT102226,EQX1207,CUST1107,SITE108,Metro Rail Project,Salem,2025-01-22,2025-01-26,2025-01-26,4,30000,120000,60000,Paid,OP1060,Completed,0
RNT102227,EQX1188,CUST1075,SITE112,Residential Township,Hyderabad,2025-05-09,2025-05-14,2025-05-14,5,30000,150000,60000,Paid,OP1171,Completed,0
RNT102228,EQX1169,CUST1031,SITE108,Metro Rail Project,Bangalore,2025-04-08,2025-04-27,2025-04-27,19,12000,228000,24000,Paid,OP1037,Completed,0
RNT102229,EQX1106,CUST1004,SITE116,Airport Extension,Trichy,2025-04-02,2025-04-18,2025-04-18,16,18000,288000,36000,Paid,OP1187,Completed,0
RNT102230,EQX1069,CUST1116,SITE102,River Embankment,Chennai,2025-03-12,2025-04-03,2025-04-03,22,25000,550000,50000,Partial,OP1169,Completed,0
RNT102231,EQX1035,CUST1013,SITE101,Residential Township,Chennai,2025-05-08,2025-05-22,2025-05-24,14,22000,352000,44000,Partial,OP1049,Overdue,2
RNT102232,EQX1052,CUST1115,SITE121,Airport Extension,Hyderabad,2025-06-08,2025-06-18,2025-06-18,10,24000,240000,48000,Paid,OP1057,Completed,0
RNT102233,EQX1097,CUST1051,SITE126,IT Park,Bangalore,2025-05-18,2025-06-09,2025-06-09,22,22000,484000,44000,Paid,OP1182,Completed,0
RNT102234,EQX1237,CUST1066,SITE124,Mining Site,Coimbatore,2025-02-27,2025-03-17,2025-03-17,18,12000,216000,24000,Paid,OP1002,Completed,0
RNT102235,EQX1281,CUST1049,SITE121,Residential Township,Mysore,2025-01-20,2025-02-08,2025-02-08,19,12000,228000,24000,Pending,OP1094,Completed,0
RNT102236,EQX1253,CUST1086,SITE104,River Embankment,Trichy,2025-03-08,2025-03-16,2025-03-16,8,24000,192000,48000,Paid,OP1053,Completed,0
RNT102237,EQX1223,CUST1012,SITE102,Smart City Zone,Trichy,2025-01-17,2025-01-20,2025-01-20,3,30000,90000,60000,Paid,OP1001,Completed,0
RNT102238,EQX1140,CUST1029,SITE123,Industrial Park,Mysore,2025-06-24,2025-07-23,2025-07-29,29,12000,420000,24000,Paid,OP1109,Overdue,6
RNT102239,EQX1212,CUST1097,SITE102,Airport Extension,Trichy,2025-06-01,2025-06-06,2025-06-06,5,24000,120000,48000,Paid,OP1056,Completed,0
RNT102240,EQX1009,CUST1109,SITE106,Solar Power Plant,Hyderabad,2025-06-26,2025-07-14,2025-07-14,18,12000,216000,24000,Partial,OP1188,Completed,0
RNT102241,EQX1227,CUST1059,SITE123,Mining Site,Salem,2025-04-23,2025-05-23,2025-05-23,30,18000,540000,36000,Partial,OP1150,Completed,0
RNT102242,EQX1289,CUST1007,SITE123,Metro Rail Project,Coimbatore,2025-01-10,2025-01-21,2025-01-21,11,24000,264000,48000,Paid,OP1016,Completed,0
RNT102243,EQX1163,CUST1087,SITE108,Smart City Zone,Salem,2025-02-25,2025-03-07,2025-03-07,10,25000,250000,50000,Paid,OP1186,Completed,0
RNT102244,EQX1233,CUST1042,SITE117,Solar Power Plant,Mysore,2025-04-12,2025-04-19,2025-04-19,7,30000,210000,60000,Partial,OP1129,Completed,0
RNT102245,EQX1064,CUST1102,SITE105,Harbor Expansion,Bangalore,2025-02-18,2025-03-09,2025-03-09,19,18000,342000,36000,Paid,OP1178,Completed,0
RNT102246,EQX1118,CUST1108,SITE120,Bridge Construction,Salem,2025-02-04,2025-02-15,2025-02-15,11,12000,132000,24000,Paid,OP1077,Completed,0
RNT102247,EQX1274,CUST1112,SITE113,Highway Expansion,Bangalore,2025-05-01,2025-05-30,2025-05-30,29,30000,870000,60000,Pending,OP1180,Completed,0
RNT102248,EQX1157,CUST1034,SITE109,Mining Site,Hyderabad,2025-05-12,2025-06-04,2025-06-04,23,30000,690000,60000,Paid,OP1093,Completed,0
RNT102249,EQX1065,CUST1047,SITE103,Smart City Zone,Bangalore,2025-06-17,2025-06-19,2025-06-19,2,25000,50000,50000,Paid,OP1078,Completed,0
RNT102250,EQX1011,CUST1095,SITE113,Metro Rail Project,Trichy,2025-04-15,2025-05-11,2025-05-11,26,25000,650000,50000,Paid,OP1200,Completed,0
RNT102251,EQX1041,CUST1088,SITE108,Highway Expansion,Hyderabad,2025-04-22,2025-05-19,2025-05-19,27,24000,648000,48000,Paid,OP1186,Completed,0
RNT102252,EQX1085,CUST1105,SITE123,Industrial Park,Mysore,2025-03-24,2025-04-08,2025-04-08,15,24000,360000,48000,Pending,OP1170,Completed,0
RNT102253,EQX1177,CUST1033,SITE125,Harbor Expansion,Bangalore,2025-05-19,2025-06-12,2025-06-12,24,25000,600000,50000,Pending,OP1128,Completed,0
RNT102254,EQX1056,CUST1093,SITE129,Solar Power Plant,Bangalore,2025-02-13,2025-03-05,2025-03-05,20,22000,440000,44000,Pending,OP1012,Completed,0
RNT102255,EQX1258,CUST1107,SITE130,Residential Township,Coimbatore,2025-03-09,2025-04-07,2025-04-07,29,18000,522000,36000,Paid,OP1054,Completed,0
RNT102256,EQX1291,CUST1064,SITE112,Industrial Park,Trichy,2025-01-21,2025-02-07,2025-02-07,17,25000,425000,50000,Paid,OP1161,Completed,0
RNT102257,EQX1035,CUST1048,SITE113,Residential Township,Trichy,2025-06-11,2025-06-15,2025-06-15,4,22000,88000,44000,Paid,OP1159,Completed,0
RNT102258,EQX1161,CUST1059,SITE117,Solar Power Plant,Coimbatore,2025-05-07,2025-05-27,2025-05-27,20,30000,600000,60000,Paid,OP1073,Completed,0
RNT102259,EQX1024,CUST1037,SITE108,Airport Extension,Mysore,2025-01-27,2025-02-08,2025-02-08,12,25000,300000,50000,Partial,OP1037,Completed,0
RNT102260,EQX1196,CUST1012,SITE102,Solar Power Plant,Bangalore,2025-01-14,2025-01-22,2025-01-22,8,22000,176000,44000,Pending,OP1007,Completed,0
RNT102261,EQX1018,CUST1015,SITE117,Airport Extension,Coimbatore,2025-02-25,2025-03-20,2025-03-20,23,22000,506000,44000,Paid,OP1078,Completed,0
RNT102262,EQX1281,CUST1029,SITE108,Highway Expansion,Mysore,2025-03-30,2025-04-20,2025-04-26,21,12000,324000,24000,Partial,OP1010,Overdue,6
RNT102263,EQX1271,CUST1048,SITE110,Harbor Expansion,Coimbatore,2025-06-09,2025-07-05,2025-07-05,26,12000,312000,24000,Pending,OP1189,Completed,0
RNT102264,EQX1027,CUST1008,SITE111,Bridge Construction,Salem,2025-01-04,2025-01-20,2025-01-20,16,25000,400000,50000,Paid,OP1186,Completed,0
RNT102265,EQX1057,CUST1084,SITE129,Airport Extension,Hyderabad,2025-01-30,2025-02-24,2025-02-24,25,22000,550000,44000,Paid,OP1129,Completed,0
RNT102266,EQX1158,CUST1113,SITE107,IT Park,Chennai,2025-06-08,2025-06-30,2025-06-30,22,24000,528000,48000,Paid,OP1073,Completed,0
RNT102267,EQX1035,CUST1108,SITE105,Industrial Park,Hyderabad,2025-04-01,2025-04-23,2025-04-23,22,22000,484000,44000,Pending,OP1136,Completed,0
RNT102268,EQX1103,CUST1038,SITE102,Harbor Expansion,Trichy,2025-06-02,2025-06-05,2025-06-05,3,25000,75000,50000,Paid,OP1187,Completed,0
RNT102269,EQX1195,CUST1049,SITE122,Harbor Expansion,Mysore,2025-01-14,2025-01-17,2025-01-17,3,18000,54000,36000,Paid,OP1112,Completed,0
RNT102270,EQX1200,CUST1013,SITE118,Smart City Zone,Madurai,2025-05-21,2025-05-27,2025-05-27,6,18000,108000,36000,Partial,OP1059,Completed,0
RNT102271,EQX1179,CUST1113,SITE129,River Embankment,Coimbatore,2025-03-29,2025-04-24,2025-04-24,26,25000,650000,50000,Paid,OP1080,Completed,0
RNT102272,EQX1287,CUST1037,SITE130,River Embankment,Salem,2025-06-04,2025-06-09,2025-06-09,5,12000,60000,24000,Paid,OP1198,Completed,0
RNT102273,EQX1280,CUST1077,SITE125,Smart City Zone,Trichy,2025-02-13,2025-03-06,2025-03-06,21,18000,378000,36000,Pending,OP1004,Completed,0
RNT102274,EQX1036,CUST1048,SITE114,Harbor Expansion,Hyderabad,2025-04-14,2025-05-14,2025-05-14,30,24000,720000,48000,Paid,OP1148,Completed,0
RNT102275,EQX1238,CUST1009,SITE125,Airport Extension,Mysore,2025-03-23,2025-04-12,2025-04-22,20,12000,360000,24000,Paid,OP1090,Overdue,10
RNT102276,EQX1296,CUST1085,SITE114,Metro Rail Project,Chennai,2025-03-05,2025-04-01,2025-04-01,27,30000,810000,60000,Paid,OP1158,Completed,0
RNT102277,EQX1027,CUST1035,SITE118,River Embankment,Trichy,2025-03-02,2025-04-01,2025-04-03,30,25000,800000,50000,Paid,OP1110,Overdue,2
RNT102278,EQX1066,CUST1097,SITE103,Solar Power Plant,Salem,2025-04-16,2025-04-18,2025-04-26,2,30000,300000,60000,Partial,OP1182,Overdue,8
RNT102279,EQX1242,CUST1031,SITE105,IT Park,Bangalore,2025-01-02,2025-01-07,2025-01-10,5,25000,200000,50000,Paid,OP1193,Overdue,3
RNT102280,EQX1067,CUST1027,SITE106,Bridge Construction,Hyderabad,2025-03-24,2025-03-26,2025-03-26,2,24000,48000,48000,Pending,OP1036,Completed,0
RNT102281,EQX1131,CUST1017,SITE120,Industrial Park,Chennai,2025-04-02,2025-04-30,2025-05-07,28,22000,770000,44000,Paid,OP1149,Overdue,7
RNT102282,EQX1121,CUST1023,SITE129,River Embankment,Chennai,2025-01-12,2025-01-28,2025-01-28,16,22000,352000,44000,Paid,OP1194,Completed,0
RNT102283,EQX1159,CUST1080,SITE125,Airport Extension,Salem,2025-01-28,2025-02-15,2025-02-15,18,24000,432000,48000,Paid,OP1118,Completed,0
RNT102284,EQX1270,CUST1045,SITE126,Residential Township,Bangalore,2025-04-23,2025-05-06,2025-05-06,13,18000,234000,36000,Paid,OP1042,Completed,0
RNT102285,EQX1182,CUST1013,SITE109,Highway Expansion,Coimbatore,2025-03-21,2025-04-12,2025-04-12,22,22000,484000,44000,Paid,OP1045,Completed,0
RNT102286,EQX1077,CUST1036,SITE128,Airport Extension,Bangalore,2025-01-12,2025-01-19,2025-01-19,7,18000,126000,36000,Pending,OP1146,Completed,0
RNT102287,EQX1244,CUST1096,SITE123,Mining Site,Bangalore,2025-04-22,2025-05-16,2025-05-16,24,30000,720000,60000,Paid,OP1124,Completed,0
RNT102288,EQX1003,CUST1055,SITE105,Airport Extension,Chennai,2025-01-24,2025-02-09,2025-02-09,16,25000,400000,50000,Paid,OP1167,Completed,0
RNT102289,EQX1261,CUST1008,SITE104,Harbor Expansion,Chennai,2025-02-11,2025-03-06,2025-03-06,23,24000,552000,48000,Paid,OP1071,Completed,0
RNT102290,EQX1297,CUST1035,SITE107,Mining Site,Bangalore,2025-04-29,2025-05-13,2025-05-13,14,12000,168000,24000,Paid,OP1134,Completed,0
RNT102291,EQX1209,CUST1028,SITE123,Industrial Park,Hyderabad,2025-05-11,2025-05-21,2025-05-21,10,18000,180000,36000,Paid,OP1123,Completed,0
RNT102292,EQX1298,CUST1005,SITE116,Airport Extension,Chennai,2025-02-10,2025-03-12,2025-03-12,30,22000,660000,44000,Paid,OP1019,Completed,0
RNT102293,EQX1271,CUST1011,SITE110,IT Park,Chennai,2025-01-20,2025-02-10,2025-02-18,21,12000,348000,24000,Paid,OP1075,Overdue,8
RNT102294,EQX1277,CUST1096,SITE105,Solar Power Plant,Coimbatore,2025-01-20,2025-01-26,2025-01-26,6,12000,72000,24000,Paid,OP1188,Completed,0
RNT102295,EQX1231,CUST1102,SITE107,Airport Extension,Mysore,2025-03-18,2025-03-24,2025-03-24,6,22000,132000,44000,Pending,OP1141,Completed,0
RNT102296,EQX1081,CUST1051,SITE103,Metro Rail Project,Mysore,2025-05-15,2025-05-18,2025-05-24,3,22000,198000,44000,Paid,OP1079,Overdue,6
RNT102297,EQX1122,CUST1037,SITE119,Harbor Expansion,Bangalore,2025-01-17,2025-02-12,2025-02-12,26,18000,468000,36000,Paid,OP1156,Completed,0
RNT102298,EQX1246,CUST1119,SITE119,Mining Site,Madurai,2025-01-02,2025-01-15,2025-01-15,13,22000,286000,44000,Paid,OP1074,Completed,0
RNT102299,EQX1018,CUST1098,SITE120,Mining Site,Coimbatore,2025-04-20,2025-05-19,2025-05-19,29,22000,638000,44000,Paid,OP1100,Completed,0
RNT102300,EQX1283,CUST1010,SITE107,Airport Extension,Salem,2025-02-01,2025-02-22,2025-03-04,21,24000,744000,48000,Pending,OP1155,Overdue,10
RNT102301,EQX1099,CUST1115,SITE114,Highway Expansion,Coimbatore,2025-05-22,2025-06-10,2025-06-10,19,22000,418000,44000,Paid,OP1026,Completed,0
RNT102302,EQX1037,CUST1011,SITE128,Harbor Expansion,Madurai,2025-06-28,2025-07-14,2025-07-19,16,25000,525000,50000,Pending,OP1117,Overdue,5
RNT102303,EQX1146,CUST1096,SITE115,River Embankment,Trichy,2025-05-02,2025-05-15,2025-05-15,13,18000,234000,36000,Paid,OP1030,Completed,0
RNT102304,EQX1297,CUST1010,SITE102,Industrial Park,Hyderabad,2025-01-20,2025-02-16,2025-02-16,27,12000,324000,24000,Paid,OP1112,Completed,0
RNT102305,EQX1091,CUST1049,SITE118,Bridge Construction,Bangalore,2025-05-24,2025-05-26,2025-05-26,2,25000,50000,50000,Paid,OP1012,Completed,0
RNT102306,EQX1155,CUST1026,SITE102,IT Park,Salem,2025-02-26,2025-03-05,2025-03-05,7,18000,126000,36000,Paid,OP1176,Completed,0
RNT102307,EQX1011,CUST1065,SITE125,Metro Rail Project,Bangalore,2025-04-28,2025-05-14,2025-05-14,16,25000,400000,50000,Paid,OP1037,Completed,0
RNT102308,EQX1296,CUST1110,SITE105,Mining Site,Madurai,2025-05-25,2025-06-19,2025-06-19,25,30000,750000,60000,Paid,OP1049,Completed,0
RNT102309,EQX1189,CUST1068,SITE122,River Embankment,Hyderabad,2025-02-07,2025-02-25,2025-02-25,18,12000,216000,24000,Paid,OP1128,Completed,0
RNT102310,EQX1185,CUST1101,SITE106,River Embankment,Hyderabad,2025-06-30,2025-07-24,2025-07-24,24,30000,720000,60000,Paid,OP1109,Completed,0
RNT102311,EQX1061,CUST1063,SITE126,Bridge Construction,Mysore,2025-04-11,2025-05-03,2025-05-03,22,24000,528000,48000,Partial,OP1035,Completed,0
RNT102312,EQX1266,CUST1117,SITE104,Solar Power Plant,Mysore,2025-02-09,2025-02-16,2025-02-16,7,30000,210000,60000,Pending,OP1094,Completed,0
RNT102313,EQX1179,CUST1030,SITE127,Harbor Expansion,Salem,2025-05-03,2025-05-20,2025-05-21,17,25000,450000,50000,Paid,OP1027,Overdue,1
RNT102314,EQX1005,CUST1051,SITE119,Harbor Expansion,Coimbatore,2025-04-02,2025-04-25,2025-04-25,23,12000,276000,24000,Paid,OP1102,Completed,0
RNT102315,EQX1225,CUST1097,SITE120,Mining Site,Salem,2025-06-04,2025-06-30,2025-07-10,26,22000,792000,44000,Paid,OP1163,Overdue,10
RNT102316,EQX1046,CUST1020,SITE111,Smart City Zone,Hyderabad,2025-01-13,2025-01-24,2025-01-24,11,22000,242000,44000,Paid,OP1113,Completed,0
RNT102317,EQX1032,CUST1098,SITE114,Solar Power Plant,Mysore,2025-01-04,2025-02-01,2025-02-01,28,24000,672000,48000,Paid,OP1096,Completed,0
RNT102318,EQX1240,CUST1072,SITE122,IT Park,Coimbatore,2025-02-10,2025-03-12,2025-03-12,30,22000,660000,44000,Paid,OP1057,Completed,0
RNT102319,EQX1098,CUST1093,SITE104,River Embankment,Bangalore,2025-01-06,2025-01-12,2025-01-12,6,30000,180000,60000,Paid,OP1160,Completed,0
RNT102320,EQX1067,CUST1072,SITE105,Solar Power Plant,Mysore,2025-05-22,2025-06-10,2025-06-10,19,24000,456000,48000,Pending,OP1087,Completed,0
RNT102321,EQX1211,CUST1026,SITE130,Mining Site,Mysore,2025-04-03,2025-04-08,2025-04-11,5,24000,192000,48000,Paid,OP1028,Overdue,3
RNT102322,EQX1046,CUST1044,SITE108,Harbor Expansion,Trichy,2025-03-18,2025-04-12,2025-04-12,25,22000,550000,44000,Pending,OP1099,Completed,0
RNT102323,EQX1286,CUST1038,SITE124,Smart City Zone,Hyderabad,2025-05-12,2025-05-21,2025-05-21,9,18000,162000,36000,Pending,OP1075,Completed,0
RNT102324,EQX1027,CUST1025,SITE109,Industrial Park,Chennai,2025-03-11,2025-03-30,2025-03-30,19,25000,475000,50000,Partial,OP1099,Completed,0
RNT102325,EQX1266,CUST1042,SITE121,Harbor Expansion,Mysore,2025-02-24,2025-02-28,2025-02-28,4,30000,120000,60000,Paid,OP1167,Completed,0
RNT102326,EQX1232,CUST1013,SITE103,Residential Township,Trichy,2025-03-31,2025-04-14,2025-04-14,14,18000,252000,36000,Pending,OP1076,Completed,0
RNT102327,EQX1088,CUST1092,SITE125,Solar Power Plant,Chennai,2025-05-01,2025-05-19,2025-05-19,18,18000,324000,36000,Paid,OP1161,Completed,0
RNT102328,EQX1091,CUST1057,SITE127,Bridge Construction,Salem,2025-04-19,2025-04-25,2025-05-01,6,25000,300000,50000,Partial,OP1021,Overdue,6
RNT102329,EQX1202,CUST1004,SITE115,Bridge Construction,Mysore,2025-03-19,2025-03-24,2025-03-24,5,30000,150000,60000,Paid,OP1054,Completed,0
RNT102330,EQX1289,CUST1065,SITE122,IT Park,Hyderabad,2025-06-13,2025-07-02,2025-07-02,19,24000,456000,48000,Partial,OP1003,Completed,0
RNT102331,EQX1177,CUST1105,SITE109,Bridge Construction,Salem,2025-04-16,2025-04-20,2025-04-20,4,25000,100000,50000,Partial,OP1104,Completed,0
RNT102332,EQX1153,CUST1005,SITE120,Industrial Park,Mysore,2025-04-28,2025-05-21,2025-05-21,23,24000,552000,48000,Paid,OP1124,Completed,0
RNT102333,EQX1030,CUST1092,SITE122,Residential Township,Chennai,2025-04-16,2025-05-01,2025-05-01,15,12000,180000,24000,Pending,OP1124,Completed,0
RNT102334,EQX1101,CUST1078,SITE117,Highway Expansion,Bangalore,2025-06-07,2025-07-03,2025-07-03,26,24000,624000,48000,Paid,OP1127,Completed,0
RNT102335,EQX1214,CUST1095,SITE124,IT Park,Bangalore,2025-06-11,2025-07-08,2025-07-08,27,24000,648000,48000,Paid,OP1083,Completed,0
RNT102336,EQX1210,CUST1097,SITE130,Industrial Park,Salem,2025-05-11,2025-05-18,2025-05-18,7,30000,210000,60000,Partial,OP1050,Completed,0
RNT102337,EQX1142,CUST1032,SITE112,Residential Township,Hyderabad,2025-02-06,2025-02-16,2025-02-16,10,24000,240000,48000,Paid,OP1200,Completed,0
RNT102338,EQX1295,CUST1093,SITE119,River Embankment,Coimbatore,2025-03-08,2025-03-12,2025-03-12,4,12000,48000,24000,Pending,OP1162,Completed,0
RNT102339,EQX1148,CUST1086,SITE127,Highway Expansion,Madurai,2025-05-04,2025-05-30,2025-05-30,26,22000,572000,44000,Paid,OP1162,Completed,0
RNT102340,EQX1047,CUST1002,SITE115,Harbor Expansion,Chennai,2025-06-08,2025-06-25,2025-06-25,17,24000,408000,48000,Pending,OP1138,Completed,0
RNT102341,EQX1092,CUST1061,SITE105,Mining Site,Salem,2025-03-26,2025-04-22,2025-04-22,27,24000,648000,48000,Pending,OP1084,Completed,0
RNT102342,EQX1135,CUST1027,SITE114,River Embankment,Salem,2025-06-11,2025-06-28,2025-06-28,17,24000,408000,48000,Paid,OP1028,Completed,0
RNT102343,EQX1219,CUST1027,SITE107,Airport Extension,Salem,2025-06-11,2025-06-17,2025-06-17,6,18000,108000,36000,Paid,OP1057,Completed,0
RNT102344,EQX1242,CUST1084,SITE122,Solar Power Plant,Hyderabad,2025-02-18,2025-03-02,2025-03-02,12,25000,300000,50000,Paid,OP1107,Completed,0
RNT102345,EQX1219,CUST1071,SITE114,Highway Expansion,Mysore,2025-05-15,2025-05-29,2025-05-29,14,18000,252000,36000,Paid,OP1084,Completed,0
RNT102346,EQX1066,CUST1095,SITE114,Highway Expansion,Hyderabad,2025-06-21,2025-07-14,2025-07-14,23,30000,690000,60000,Paid,OP1059,Completed,0
RNT102347,EQX1169,CUST1054,SITE112,Smart City Zone,Coimbatore,2025-02-24,2025-03-01,2025-03-08,5,12000,144000,24000,Paid,OP1082,Overdue,7
RNT102348,EQX1266,CUST1108,SITE129,River Embankment,Bangalore,2025-03-12,2025-03-19,2025-03-19,7,30000,210000,60000,Pending,OP1084,Completed,0
RNT102349,EQX1262,CUST1107,SITE121,Industrial Park,Chennai,2025-04-07,2025-04-20,2025-04-22,13,25000,375000,50000,Paid,OP1053,Overdue,2
RNT102350,EQX1082,CUST1027,SITE111,Smart City Zone,Madurai,2025-05-08,2025-05-27,2025-05-27,19,12000,228000,24000,Paid,OP1190,Completed,0
RNT102351,EQX1154,CUST1092,SITE120,Highway Expansion,Chennai,2025-04-18,2025-04-26,2025-04-26,8,12000,96000,24000,Paid,OP1177,Completed,0
RNT102352,EQX1049,CUST1119,SITE116,River Embankment,Madurai,2025-01-03,2025-01-06,2025-01-06,3,12000,36000,24000,Pending,OP1138,Completed,0
RNT102353,EQX1140,CUST1077,SITE129,Metro Rail Project,Coimbatore,2025-06-08,2025-06-19,2025-06-19,11,12000,132000,24000,Partial,OP1103,Completed,0
RNT102354,EQX1263,CUST1013,SITE119,Highway Expansion,Trichy,2025-02-25,2025-02-27,2025-02-27,2,18000,36000,36000,Partial,OP1030,Completed,0
RNT102355,EQX1262,CUST1037,SITE130,River Embankment,Coimbatore,2025-01-27,2025-02-06,2025-02-06,10,25000,250000,50000,Pending,OP1094,Completed,0
RNT102356,EQX1046,CUST1053,SITE114,Harbor Expansion,Chennai,2025-04-15,2025-04-18,2025-04-18,3,22000,66000,44000,Pending,OP1041,Completed,0
RNT102357,EQX1201,CUST1040,SITE128,Solar Power Plant,Bangalore,2025-01-09,2025-01-27,2025-01-27,18,18000,324000,36000,Paid,OP1010,Completed,0
RNT102358,EQX1103,CUST1015,SITE123,Bridge Construction,Mysore,2025-04-01,2025-04-09,2025-04-09,8,25000,200000,50000,Pending,OP1197,Completed,0
RNT102359,EQX1051,CUST1038,SITE123,Airport Extension,Hyderabad,2025-03-25,2025-04-01,2025-04-01,7,12000,84000,24000,Paid,OP1077,Completed,0
RNT102360,EQX1096,CUST1072,SITE110,Airport Extension,Madurai,2025-06-23,2025-07-21,2025-07-30,28,25000,925000,50000,Partial,OP1164,Overdue,9
RNT102361,EQX1138,CUST1088,SITE122,Mining Site,Chennai,2025-03-11,2025-03-21,2025-03-21,10,22000,220000,44000,Paid,OP1066,Completed,0
RNT102362,EQX1190,CUST1079,SITE114,Metro Rail Project,Bangalore,2025-02-12,2025-03-11,2025-03-11,27,25000,675000,50000,Pending,OP1149,Completed,0
RNT102363,EQX1281,CUST1059,SITE127,Airport Extension,Hyderabad,2025-02-27,2025-03-09,2025-03-09,10,12000,120000,24000,Pending,OP1066,Completed,0
RNT102364,EQX1198,CUST1062,SITE115,Residential Township,Trichy,2025-03-16,2025-03-23,2025-03-31,7,24000,360000,48000,Paid,OP1050,Overdue,8
RNT102365,EQX1161,CUST1009,SITE130,Airport Extension,Chennai,2025-01-08,2025-02-02,2025-02-02,25,30000,750000,60000,Paid,OP1009,Completed,0
RNT102366,EQX1039,CUST1044,SITE103,Mining Site,Madurai,2025-02-14,2025-03-05,2025-03-05,19,18000,342000,36000,Paid,OP1148,Completed,0
RNT102367,EQX1217,CUST1009,SITE107,River Embankment,Coimbatore,2025-06-13,2025-06-15,2025-06-15,2,18000,36000,36000,Paid,OP1109,Completed,0
RNT102368,EQX1233,CUST1095,SITE117,Solar Power Plant,Chennai,2025-01-16,2025-02-03,2025-02-03,18,30000,540000,60000,Paid,OP1001,Completed,0
RNT102369,EQX1015,CUST1083,SITE111,Highway Expansion,Hyderabad,2025-06-04,2025-06-22,2025-06-22,18,22000,396000,44000,Paid,OP1189,Completed,0
RNT102370,EQX1091,CUST1069,SITE119,Highway Expansion,Trichy,2025-01-24,2025-02-11,2025-02-11,18,25000,450000,50000,Paid,OP1197,Completed,0
RNT102371,EQX1057,CUST1072,SITE120,Residential Township,Chennai,2025-02-21,2025-03-12,2025-03-12,19,22000,418000,44000,Paid,OP1011,Completed,0
RNT102372,EQX1135,CUST1032,SITE111,Mining Site,Coimbatore,2025-03-08,2025-03-14,2025-03-14,6,24000,144000,48000,Paid,OP1126,Completed,0
RNT102373,EQX1267,CUST1108,SITE117,Highway Expansion,Mysore,2025-03-23,2025-03-28,2025-03-28,5,30000,150000,60000,Partial,OP1106,Completed,0
RNT102374,EQX1005,CUST1107,SITE118,Bridge Construction,Trichy,2025-03-06,2025-03-29,2025-03-29,23,12000,276000,24000,Paid,OP1015,Completed,0
RNT102375,EQX1105,CUST1094,SITE113,Residential Township,Madurai,2025-03-21,2025-04-08,2025-04-08,18,12000,216000,24000,Pending,OP1121,Completed,0
RNT102376,EQX1286,CUST1049,SITE110,Solar Power Plant,Mysore,2025-01-26,2025-02-02,2025-02-02,7,18000,126000,36000,Paid,OP1075,Completed,0
RNT102377,EQX1125,CUST1040,SITE126,Highway Expansion,Coimbatore,2025-03-14,2025-03-24,2025-03-28,10,25000,350000,50000,Paid,OP1059,Overdue,4
RNT102378,EQX1071,CUST1045,SITE130,IT Park,Hyderabad,2025-06-10,2025-07-06,2025-07-06,26,30000,780000,60000,Paid,OP1127,Completed,0
RNT102379,EQX1079,CUST1066,SITE119,Industrial Park,Madurai,2025-03-12,2025-03-26,2025-03-26,14,12000,168000,24000,Pending,OP1194,Completed,0
RNT102380,EQX1249,CUST1054,SITE129,Smart City Zone,Mysore,2025-03-08,2025-03-15,2025-03-21,7,18000,234000,36000,Paid,OP1063,Overdue,6
RNT102381,EQX1273,CUST1079,SITE104,Mining Site,Mysore,2025-01-12,2025-01-31,2025-01-31,19,18000,342000,36000,Paid,OP1137,Completed,0
RNT102382,EQX1220,CUST1035,SITE124,Harbor Expansion,Mysore,2025-06-19,2025-06-27,2025-06-27,8,30000,240000,60000,Paid,OP1038,Completed,0
RNT102383,EQX1213,CUST1060,SITE116,Highway Expansion,Coimbatore,2025-04-17,2025-05-12,2025-05-12,25,12000,300000,24000,Paid,OP1049,Completed,0
RNT102384,EQX1244,CUST1035,SITE113,Metro Rail Project,Coimbatore,2025-01-02,2025-01-30,2025-01-30,28,30000,840000,60000,Pending,OP1062,Completed,0
RNT102385,EQX1229,CUST1046,SITE115,Smart City Zone,Coimbatore,2025-03-01,2025-03-17,2025-03-17,16,22000,352000,44000,Paid,OP1053,Completed,0
RNT102386,EQX1111,CUST1002,SITE101,Airport Extension,Coimbatore,2025-05-19,2025-06-12,2025-06-12,24,22000,528000,44000,Paid,OP1103,Completed,0
RNT102387,EQX1151,CUST1083,SITE117,Solar Power Plant,Bangalore,2025-04-01,2025-04-26,2025-04-26,25,18000,450000,36000,Paid,OP1088,Completed,0
RNT102388,EQX1265,CUST1018,SITE113,Bridge Construction,Trichy,2025-03-27,2025-04-02,2025-04-02,6,22000,132000,44000,Pending,OP1124,Completed,0
RNT102389,EQX1051,CUST1110,SITE129,Airport Extension,Bangalore,2025-01-13,2025-02-02,2025-02-02,20,12000,240000,24000,Paid,OP1029,Completed,0
RNT102390,EQX1063,CUST1114,SITE113,Highway Expansion,Hyderabad,2025-05-22,2025-06-14,2025-06-19,23,25000,700000,50000,Paid,OP1110,Overdue,5
RNT102391,EQX1210,CUST1059,SITE102,Mining Site,Mysore,2025-02-08,2025-03-01,2025-03-01,21,30000,630000,60000,Paid,OP1025,Completed,0
RNT102392,EQX1290,CUST1046,SITE108,Bridge Construction,Bangalore,2025-06-05,2025-06-21,2025-06-30,16,22000,550000,44000,Paid,OP1071,Overdue,9
RNT102393,EQX1142,CUST1081,SITE120,River Embankment,Bangalore,2025-04-28,2025-05-08,2025-05-08,10,24000,240000,48000,Pending,OP1072,Completed,0
RNT102394,EQX1037,CUST1111,SITE103,Residential Township,Mysore,2025-06-29,2025-07-26,2025-07-26,27,25000,675000,50000,Pending,OP1108,Completed,0
RNT102395,EQX1064,CUST1008,SITE106,River Embankment,Mysore,2025-01-06,2025-02-03,2025-02-03,28,18000,504000,36000,Paid,OP1104,Completed,0
RNT102396,EQX1099,CUST1102,SITE106,Solar Power Plant,Bangalore,2025-05-03,2025-06-02,2025-06-02,30,22000,660000,44000,Paid,OP1098,Completed,0
RNT102397,EQX1208,CUST1059,SITE124,Industrial Park,Chennai,2025-06-18,2025-07-06,2025-07-06,18,18000,324000,36000,Paid,OP1010,Completed,0
RNT102398,EQX1273,CUST1103,SITE128,Smart City Zone,Salem,2025-06-02,2025-06-18,2025-06-18,16,18000,288000,36000,Paid,OP1184,Completed,0
RNT102399,EQX1193,CUST1032,SITE106,River Embankment,Coimbatore,2025-05-04,2025-05-12,2025-05-12,8,18000,144000,36000,Paid,OP1111,Completed,0
RNT102400,EQX1200,CUST1023,SITE103,Solar Power Plant,Salem,2025-02-07,2025-02-21,2025-02-21,14,18000,252000,36000,Pending,OP1191,Completed,0
RNT102401,EQX1073,CUST1067,SITE111,River Embankment,Mysore,2025-05-08,2025-05-18,2025-05-18,10,22000,220000,44000,Paid,OP1014,Completed,0
RNT102402,EQX1024,CUST1072,SITE112,Solar Power Plant,Salem,2025-05-05,2025-05-28,2025-05-28,23,25000,575000,50000,Partial,OP1059,Completed,0
RNT102403,EQX1145,CUST1093,SITE103,IT Park,Hyderabad,2025-01-13,2025-02-08,2025-02-14,26,24000,768000,48000,Paid,OP1093,Overdue,6
RNT102404,EQX1050,CUST1049,SITE116,IT Park,Coimbatore,2025-02-02,2025-02-28,2025-02-28,26,18000,468000,36000,Pending,OP1023,Completed,0
RNT102405,EQX1281,CUST1028,SITE127,Metro Rail Project,Chennai,2025-05-01,2025-05-07,2025-05-09,6,12000,96000,24000,Paid,OP1067,Overdue,2
RNT102406,EQX1159,CUST1035,SITE123,Highway Expansion,Trichy,2025-06-19,2025-07-15,2025-07-15,26,24000,624000,48000,Paid,OP1104,Completed,0
RNT102407,EQX1118,CUST1109,SITE123,Solar Power Plant,Bangalore,2025-05-09,2025-05-28,2025-06-06,19,12000,336000,24000,Pending,OP1198,Overdue,9
RNT102408,EQX1139,CUST1030,SITE105,Smart City Zone,Madurai,2025-01-22,2025-02-03,2025-02-03,12,30000,360000,60000,Paid,OP1052,Completed,0
RNT102409,EQX1067,CUST1061,SITE118,River Embankment,Coimbatore,2025-01-14,2025-02-07,2025-02-07,24,24000,576000,48000,Paid,OP1021,Completed,0
RNT102410,EQX1201,CUST1004,SITE103,Mining Site,Salem,2025-04-26,2025-05-20,2025-05-23,24,18000,486000,36000,Paid,OP1044,Overdue,3
RNT102411,EQX1093,CUST1032,SITE112,Industrial Park,Coimbatore,2025-06-22,2025-06-27,2025-06-27,5,25000,125000,50000,Paid,OP1185,Completed,0
RNT102412,EQX1030,CUST1030,SITE124,Residential Township,Mysore,2025-03-14,2025-04-07,2025-04-07,24,12000,288000,24000,Partial,OP1113,Completed,0
RNT102413,EQX1092,CUST1050,SITE113,Metro Rail Project,Salem,2025-02-03,2025-02-07,2025-02-07,4,24000,96000,48000,Paid,OP1087,Completed,0
RNT102414,EQX1196,CUST1098,SITE113,IT Park,Bangalore,2025-01-31,2025-03-01,2025-03-01,29,22000,638000,44000,Paid,OP1101,Completed,0
RNT102415,EQX1010,CUST1081,SITE109,Airport Extension,Hyderabad,2025-06-28,2025-07-20,2025-07-20,22,25000,550000,50000,Paid,OP1083,Completed,0
RNT102416,EQX1282,CUST1030,SITE117,IT Park,Salem,2025-05-24,2025-06-11,2025-06-11,18,18000,324000,36000,Paid,OP1167,Completed,0
RNT102417,EQX1123,CUST1092,SITE101,River Embankment,Mysore,2025-03-13,2025-04-04,2025-04-04,22,12000,264000,24000,Paid,OP1116,Completed,0
RNT102418,EQX1135,CUST1063,SITE109,Highway Expansion,Hyderabad,2025-01-19,2025-02-12,2025-02-13,24,24000,600000,48000,Paid,OP1039,Overdue,1
RNT102419,EQX1074,CUST1102,SITE103,Metro Rail Project,Salem,2025-03-12,2025-03-22,2025-03-22,10,12000,120000,24000,Pending,OP1123,Completed,0
RNT102420,EQX1079,CUST1065,SITE124,Airport Extension,Mysore,2025-02-25,2025-03-06,2025-03-10,9,12000,156000,24000,Paid,OP1004,Overdue,4
RNT102421,EQX1223,CUST1105,SITE119,Airport Extension,Hyderabad,2025-02-01,2025-02-21,2025-02-21,20,30000,600000,60000,Paid,OP1053,Completed,0
RNT102422,EQX1117,CUST1075,SITE124,IT Park,Hyderabad,2025-05-01,2025-05-08,2025-05-13,7,18000,216000,36000,Paid,OP1123,Overdue,5
RNT102423,EQX1209,CUST1042,SITE105,Highway Expansion,Hyderabad,2025-06-28,2025-07-18,2025-07-18,20,18000,360000,36000,Paid,OP1130,Completed,0
RNT102424,EQX1009,CUST1114,SITE126,Bridge Construction,Coimbatore,2025-06-26,2025-06-30,2025-07-05,4,12000,108000,24000,Paid,OP1074,Overdue,5
RNT102425,EQX1004,CUST1059,SITE120,Residential Township,Salem,2025-04-14,2025-04-21,2025-04-21,7,30000,210000,60000,Paid,OP1010,Completed,0
RNT102426,EQX1115,CUST1117,SITE116,Smart City Zone,Coimbatore,2025-02-28,2025-03-16,2025-03-16,16,18000,288000,36000,Paid,OP1048,Completed,0
RNT102427,EQX1028,CUST1095,SITE124,Solar Power Plant,Madurai,2025-01-09,2025-01-14,2025-01-14,5,12000,60000,24000,Paid,OP1112,Completed,0
RNT102428,EQX1054,CUST1087,SITE114,Airport Extension,Chennai,2025-03-28,2025-04-23,2025-04-23,26,12000,312000,24000,Paid,OP1097,Completed,0
RNT102429,EQX1073,CUST1075,SITE128,Industrial Park,Chennai,2025-06-25,2025-07-19,2025-07-19,24,22000,528000,44000,Pending,OP1020,Completed,0
RNT102430,EQX1118,CUST1055,SITE128,Airport Extension,Coimbatore,2025-06-21,2025-07-01,2025-07-01,10,12000,120000,24000,Paid,OP1038,Completed,0
RNT102431,EQX1219,CUST1087,SITE123,Industrial Park,Bangalore,2025-01-23,2025-02-21,2025-02-21,29,18000,522000,36000,Paid,OP1170,Completed,0
RNT102432,EQX1161,CUST1078,SITE125,IT Park,Chennai,2025-05-20,2025-06-09,2025-06-09,20,30000,600000,60000,Paid,OP1192,Completed,0
RNT102433,EQX1226,CUST1026,SITE102,Airport Extension,Madurai,2025-03-12,2025-04-03,2025-04-03,22,24000,528000,48000,Paid,OP1155,Completed,0
RNT102434,EQX1034,CUST1090,SITE126,Harbor Expansion,Bangalore,2025-02-25,2025-03-13,2025-03-13,16,25000,400000,50000,Paid,OP1179,Completed,0
RNT102435,EQX1031,CUST1107,SITE130,River Embankment,Salem,2025-04-17,2025-05-01,2025-05-01,14,18000,252000,36000,Pending,OP1033,Completed,0
RNT102436,EQX1173,CUST1033,SITE125,Smart City Zone,Madurai,2025-01-20,2025-01-22,2025-01-22,2,24000,48000,48000,Partial,OP1138,Completed,0
RNT102437,EQX1100,CUST1065,SITE120,Highway Expansion,Madurai,2025-03-21,2025-04-15,2025-04-25,25,12000,420000,24000,Paid,OP1090,Overdue,10
RNT102438,EQX1003,CUST1094,SITE106,Residential Township,Madurai,2025-05-11,2025-05-17,2025-05-17,6,25000,150000,50000,Paid,OP1111,Completed,0
RNT102439,EQX1215,CUST1012,SITE125,IT Park,Salem,2025-05-24,2025-06-09,2025-06-09,16,12000,192000,24000,Paid,OP1095,Completed,0
RNT102440,EQX1258,CUST1072,SITE114,River Embankment,Trichy,2025-06-07,2025-06-11,2025-06-11,4,18000,72000,36000,Partial,OP1153,Completed,0
RNT102441,EQX1203,CUST1065,SITE124,Smart City Zone,Hyderabad,2025-06-15,2025-06-23,2025-06-23,8,22000,176000,44000,Paid,OP1182,Completed,0
RNT102442,EQX1172,CUST1014,SITE128,Bridge Construction,Bangalore,2025-06-24,2025-07-19,2025-07-19,25,30000,750000,60000,Paid,OP1047,Completed,0
RNT102443,EQX1089,CUST1028,SITE117,Smart City Zone,Madurai,2025-01-26,2025-02-14,2025-02-14,19,18000,342000,36000,Paid,OP1053,Completed,0
RNT102444,EQX1115,CUST1092,SITE102,Highway Expansion,Salem,2025-04-14,2025-05-07,2025-05-09,23,18000,450000,36000,Paid,OP1116,Overdue,2
RNT102445,EQX1037,CUST1052,SITE126,Harbor Expansion,Coimbatore,2025-05-17,2025-05-25,2025-05-27,8,25000,250000,50000,Paid,OP1085,Overdue,2
RNT102446,EQX1230,CUST1077,SITE123,Solar Power Plant,Trichy,2025-05-28,2025-06-21,2025-06-21,24,18000,432000,36000,Paid,OP1117,Completed,0
RNT102447,EQX1148,CUST1092,SITE110,Smart City Zone,Chennai,2025-05-09,2025-05-19,2025-05-28,10,22000,418000,44000,Paid,OP1180,Overdue,9
RNT102448,EQX1264,CUST1017,SITE115,Bridge Construction,Mysore,2025-01-27,2025-02-12,2025-02-12,16,22000,352000,44000,Paid,OP1089,Completed,0
RNT102449,EQX1183,CUST1027,SITE115,Airport Extension,Coimbatore,2025-05-22,2025-05-29,2025-05-29,7,12000,84000,24000,Partial,OP1021,Completed,0
RNT102450,EQX1067,CUST1111,SITE114,IT Park,Salem,2025-01-03,2025-01-24,2025-01-24,21,24000,504000,48000,Paid,OP1186,Completed,0
RNT102451,EQX1077,CUST1058,SITE118,IT Park,Coimbatore,2025-02-05,2025-02-26,2025-03-08,21,18000,558000,36000,Paid,OP1010,Overdue,10
RNT102452,EQX1130,CUST1056,SITE123,Harbor Expansion,Hyderabad,2025-06-12,2025-06-21,2025-06-21,9,25000,225000,50000,Paid,OP1192,Completed,0
RNT102453,EQX1012,CUST1109,SITE116,River Embankment,Coimbatore,2025-02-13,2025-02-25,2025-02-25,12,30000,360000,60000,Paid,OP1025,Completed,0
RNT102454,EQX1235,CUST1110,SITE121,Residential Township,Mysore,2025-01-29,2025-02-21,2025-02-21,23,24000,552000,48000,Pending,OP1129,Completed,0
RNT102455,EQX1050,CUST1076,SITE117,Metro Rail Project,Chennai,2025-03-25,2025-04-06,2025-04-06,12,18000,216000,36000,Paid,OP1094,Completed,0
RNT102456,EQX1268,CUST1112,SITE107,Industrial Park,Bangalore,2025-03-27,2025-03-31,2025-03-31,4,22000,88000,44000,Paid,OP1171,Completed,0
RNT102457,EQX1213,CUST1064,SITE104,Harbor Expansion,Bangalore,2025-01-28,2025-02-03,2025-02-10,6,12000,156000,24000,Paid,OP1113,Overdue,7
RNT102458,EQX1004,CUST1107,SITE111,Highway Expansion,Mysore,2025-04-20,2025-05-11,2025-05-12,21,30000,660000,60000,Paid,OP1147,Overdue,1
RNT102459,EQX1107,CUST1001,SITE113,Harbor Expansion,Coimbatore,2025-06-21,2025-07-08,2025-07-08,17,30000,510000,60000,Partial,OP1016,Completed,0
RNT102460,EQX1155,CUST1079,SITE126,Bridge Construction,Bangalore,2025-04-18,2025-05-13,2025-05-13,25,18000,450000,36000,Paid,OP1027,Completed,0
RNT102461,EQX1126,CUST1039,SITE110,IT Park,Coimbatore,2025-05-10,2025-06-03,2025-06-03,24,18000,432000,36000,Paid,OP1187,Completed,0
RNT102462,EQX1171,CUST1042,SITE102,Highway Expansion,Salem,2025-01-03,2025-01-10,2025-01-18,7,22000,330000,44000,Paid,OP1046,Overdue,8
RNT102463,EQX1273,CUST1088,SITE105,Harbor Expansion,Hyderabad,2025-02-16,2025-03-06,2025-03-06,18,18000,324000,36000,Paid,OP1146,Completed,0
RNT102464,EQX1224,CUST1120,SITE114,Industrial Park,Trichy,2025-02-08,2025-02-21,2025-02-21,13,22000,286000,44000,Paid,OP1123,Completed,0
RNT102465,EQX1233,CUST1119,SITE118,Industrial Park,Coimbatore,2025-01-06,2025-01-08,2025-01-08,2,30000,60000,60000,Paid,OP1096,Completed,0
RNT102466,EQX1184,CUST1101,SITE107,Industrial Park,Chennai,2025-01-05,2025-01-31,2025-01-31,26,24000,624000,48000,Paid,OP1072,Completed,0
RNT102467,EQX1080,CUST1016,SITE113,Bridge Construction,Bangalore,2025-01-08,2025-02-03,2025-02-03,26,24000,624000,48000,Paid,OP1096,Completed,0
RNT102468,EQX1112,CUST1111,SITE119,Industrial Park,Salem,2025-04-19,2025-05-04,2025-05-04,15,30000,450000,60000,Paid,OP1098,Completed,0
RNT102469,EQX1221,CUST1115,SITE111,Bridge Construction,Salem,2025-03-13,2025-04-06,2025-04-06,24,25000,600000,50000,Paid,OP1078,Completed,0
RNT102470,EQX1014,CUST1092,SITE111,Residential Township,Hyderabad,2025-04-09,2025-04-24,2025-04-24,15,12000,180000,24000,Paid,OP1119,Completed,0
RNT102471,EQX1019,CUST1109,SITE110,Harbor Expansion,Bangalore,2025-04-23,2025-05-11,2025-05-11,18,25000,450000,50000,Paid,OP1039,Completed,0
RNT102472,EQX1133,CUST1118,SITE116,Smart City Zone,Salem,2025-01-12,2025-02-11,2025-02-11,30,30000,900000,60000,Paid,OP1134,Completed,0
RNT102473,EQX1133,CUST1038,SITE129,IT Park,Hyderabad,2025-01-15,2025-02-13,2025-02-14,29,30000,900000,60000,Paid,OP1035,Overdue,1
RNT102474,EQX1247,CUST1110,SITE108,River Embankment,Hyderabad,2025-06-07,2025-06-23,2025-06-23,16,12000,192000,24000,Partial,OP1186,Completed,0
RNT102475,EQX1278,CUST1038,SITE117,River Embankment,Hyderabad,2025-06-13,2025-06-17,2025-06-17,4,22000,88000,44000,Paid,OP1190,Completed,0
RNT102476,EQX1165,CUST1011,SITE111,Solar Power Plant,Salem,2025-04-07,2025-05-06,2025-05-06,29,25000,725000,50000,Paid,OP1030,Completed,0
RNT102477,EQX1062,CUST1039,SITE114,Harbor Expansion,Trichy,2025-06-10,2025-06-21,2025-06-21,11,12000,132000,24000,Pending,OP1133,Completed,0
RNT102478,EQX1060,CUST1035,SITE115,Solar Power Plant,Trichy,2025-04-11,2025-04-25,2025-04-25,14,25000,350000,50000,Pending,OP1083,Completed,0
RNT102479,EQX1100,CUST1068,SITE104,Residential Township,Coimbatore,2025-02-03,2025-02-22,2025-02-22,19,12000,228000,24000,Paid,OP1068,Completed,0
RNT102480,EQX1161,CUST1023,SITE113,River Embankment,Salem,2025-01-20,2025-02-08,2025-02-08,19,30000,570000,60000,Paid,OP1084,Completed,0
RNT102481,EQX1261,CUST1069,SITE123,Residential Township,Coimbatore,2025-06-20,2025-07-15,2025-07-15,25,24000,600000,48000,Paid,OP1021,Completed,0
RNT102482,EQX1152,CUST1046,SITE112,Residential Township,Mysore,2025-04-10,2025-05-02,2025-05-02,22,18000,396000,36000,Paid,OP1004,Completed,0
RNT102483,EQX1187,CUST1022,SITE102,Metro Rail Project,Hyderabad,2025-05-20,2025-05-27,2025-05-27,7,30000,210000,60000,Paid,OP1135,Completed,0
RNT102484,EQX1119,CUST1006,SITE106,Bridge Construction,Madurai,2025-01-29,2025-02-04,2025-02-04,6,22000,132000,44000,Paid,OP1044,Completed,0
RNT102485,EQX1286,CUST1053,SITE129,Harbor Expansion,Hyderabad,2025-01-28,2025-02-15,2025-02-15,18,18000,324000,36000,Paid,OP1146,Completed,0
RNT102486,EQX1118,CUST1087,SITE107,River Embankment,Mysore,2025-03-31,2025-04-28,2025-04-30,28,12000,360000,24000,Paid,OP1138,Overdue,2
RNT102487,EQX1167,CUST1018,SITE115,Harbor Expansion,Coimbatore,2025-04-13,2025-05-02,2025-05-02,19,24000,456000,48000,Paid,OP1138,Completed,0
RNT102488,EQX1125,CUST1057,SITE127,Industrial Park,Coimbatore,2025-02-11,2025-02-16,2025-02-26,5,25000,375000,50000,Paid,OP1009,Overdue,10
RNT102489,EQX1247,CUST1021,SITE119,Airport Extension,Chennai,2025-02-28,2025-03-24,2025-03-24,24,12000,288000,24000,Paid,OP1137,Completed,0
RNT102490,EQX1281,CUST1112,SITE105,Smart City Zone,Bangalore,2025-02-07,2025-03-09,2025-03-18,30,12000,468000,24000,Paid,OP1008,Overdue,9
RNT102491,EQX1186,CUST1017,SITE118,Residential Township,Coimbatore,2025-05-30,2025-06-21,2025-06-21,22,25000,550000,50000,Partial,OP1078,Completed,0
RNT102492,EQX1162,CUST1017,SITE104,Harbor Expansion,Coimbatore,2025-03-08,2025-03-22,2025-03-22,14,25000,350000,50000,Partial,OP1142,Completed,0
RNT102493,EQX1199,CUST1058,SITE121,Airport Extension,Hyderabad,2025-02-16,2025-03-12,2025-03-12,24,18000,432000,36000,Pending,OP1126,Completed,0
RNT102494,EQX1277,CUST1036,SITE126,Metro Rail Project,Chennai,2025-06-09,2025-06-18,2025-06-18,9,12000,108000,24000,Paid,OP1144,Completed,0
RNT102495,EQX1092,CUST1086,SITE113,IT Park,Madurai,2025-05-26,2025-06-17,2025-06-17,22,24000,528000,48000,Paid,OP1045,Completed,0
RNT102496,EQX1107,CUST1092,SITE127,Residential Township,Madurai,2025-06-16,2025-07-04,2025-07-04,18,30000,540000,60000,Paid,OP1103,Completed,0
RNT102497,EQX1081,CUST1117,SITE103,Smart City Zone,Coimbatore,2025-03-02,2025-03-06,2025-03-06,4,22000,88000,44000,Paid,OP1038,Completed,0
RNT102498,EQX1122,CUST1044,SITE116,Airport Extension,Salem,2025-03-04,2025-03-19,2025-03-19,15,18000,270000,36000,Pending,OP1138,Completed,0
RNT102499,EQX1266,CUST1037,SITE116,Solar Power Plant,Coimbatore,2025-05-23,2025-06-07,2025-06-07,15,30000,450000,60000,Paid,OP1118,Completed,0
RNT102500,EQX1255,CUST1022,SITE124,Industrial Park,Trichy,2025-05-09,2025-05-26,2025-05-26,17,12000,204000,24000,Paid,OP1090,Completed,0
RNT102501,EQX1045,CUST1048,SITE109,IT Park,Chennai,2025-06-14,2025-06-27,2025-06-27,13,25000,325000,50000,Paid,OP1014,Completed,0
RNT102502,EQX1110,CUST1112,SITE117,Solar Power Plant,Madurai,2025-03-16,2025-03-18,2025-03-18,2,12000,24000,24000,Partial,OP1119,Completed,0
RNT102503,EQX1037,CUST1102,SITE130,Metro Rail Project,Trichy,2025-04-23,2025-05-14,2025-05-14,21,25000,525000,50000,Paid,OP1179,Completed,0
RNT102504,EQX1050,CUST1077,SITE118,Bridge Construction,Mysore,2025-02-14,2025-03-13,2025-03-13,27,18000,486000,36000,Paid,OP1105,Completed,0
RNT102505,EQX1038,CUST1061,SITE129,River Embankment,Madurai,2025-01-29,2025-02-28,2025-02-28,30,18000,540000,36000,Paid,OP1037,Completed,0
RNT102506,EQX1170,CUST1072,SITE102,Residential Township,Mysore,2025-02-12,2025-02-18,2025-02-18,6,24000,144000,48000,Partial,OP1093,Completed,0
RNT102507,EQX1115,CUST1072,SITE116,Highway Expansion,Chennai,2025-06-01,2025-06-24,2025-06-24,23,18000,414000,36000,Paid,OP1032,Completed,0
RNT102508,EQX1115,CUST1002,SITE113,Metro Rail Project,Bangalore,2025-03-25,2025-04-11,2025-04-11,17,18000,306000,36000,Pending,OP1194,Completed,0
RNT102509,EQX1002,CUST1056,SITE130,Residential Township,Hyderabad,2025-01-29,2025-02-22,2025-02-22,24,18000,432000,36000,Paid,OP1108,Completed,0
RNT102510,EQX1244,CUST1002,SITE122,River Embankment,Hyderabad,2025-05-03,2025-05-09,2025-05-13,6,30000,300000,60000,Paid,OP1123,Overdue,4
RNT102511,EQX1281,CUST1071,SITE119,Metro Rail Project,Trichy,2025-01-17,2025-01-26,2025-01-26,9,12000,108000,24000,Pending,OP1048,Completed,0
RNT102512,EQX1003,CUST1020,SITE128,Metro Rail Project,Hyderabad,2025-03-13,2025-03-18,2025-03-18,5,25000,125000,50000,Paid,OP1025,Completed,0
RNT102513,EQX1014,CUST1091,SITE130,Solar Power Plant,Bangalore,2025-04-18,2025-04-22,2025-04-22,4,12000,48000,24000,Paid,OP1049,Completed,0
RNT102514,EQX1243,CUST1103,SITE129,Highway Expansion,Trichy,2025-02-28,2025-03-25,2025-03-25,25,30000,750000,60000,Paid,OP1061,Completed,0
RNT102515,EQX1148,CUST1018,SITE110,IT Park,Trichy,2025-06-14,2025-07-02,2025-07-02,18,22000,396000,44000,Paid,OP1154,Completed,0
RNT102516,EQX1181,CUST1116,SITE114,Mining Site,Chennai,2025-06-15,2025-07-13,2025-07-13,28,22000,616000,44000,Paid,OP1048,Completed,0
RNT102517,EQX1028,CUST1008,SITE115,Mining Site,Chennai,2025-02-06,2025-02-20,2025-02-20,14,12000,168000,24000,Paid,OP1037,Completed,0
RNT102518,EQX1027,CUST1048,SITE124,Bridge Construction,Bangalore,2025-01-09,2025-02-03,2025-02-03,25,25000,625000,50000,Paid,OP1173,Completed,0
RNT102519,EQX1212,CUST1006,SITE108,River Embankment,Madurai,2025-06-28,2025-07-16,2025-07-16,18,24000,432000,48000,Paid,OP1129,Completed,0
RNT102520,EQX1037,CUST1052,SITE130,Smart City Zone,Coimbatore,2025-06-10,2025-06-27,2025-07-02,17,25000,550000,50000,Paid,OP1150,Overdue,5
RNT102521,EQX1279,CUST1020,SITE112,IT Park,Hyderabad,2025-05-06,2025-05-13,2025-05-13,7,25000,175000,50000,Paid,OP1051,Completed,0
RNT102522,EQX1066,CUST1074,SITE102,Airport Extension,Mysore,2025-06-21,2025-07-21,2025-07-21,30,30000,900000,60000,Paid,OP1015,Completed,0
RNT102523,EQX1157,CUST1066,SITE108,Highway Expansion,Coimbatore,2025-05-12,2025-06-11,2025-06-12,30,30000,930000,60000,Paid,OP1171,Overdue,1
RNT102524,EQX1106,CUST1056,SITE112,IT Park,Trichy,2025-01-10,2025-01-12,2025-01-12,2,18000,36000,36000,Paid,OP1163,Completed,0
RNT102525,EQX1054,CUST1080,SITE119,Smart City Zone,Salem,2025-05-18,2025-06-04,2025-06-04,17,12000,204000,24000,Pending,OP1051,Completed,0
RNT102526,EQX1169,CUST1060,SITE111,Industrial Park,Chennai,2025-05-17,2025-06-16,2025-06-16,30,12000,360000,24000,Pending,OP1055,Completed,0
RNT102527,EQX1263,CUST1016,SITE108,Industrial Park,Coimbatore,2025-04-20,2025-05-17,2025-05-17,27,18000,486000,36000,Paid,OP1117,Completed,0
RNT102528,EQX1275,CUST1055,SITE126,Mining Site,Bangalore,2025-04-10,2025-05-05,2025-05-05,25,18000,450000,36000,Paid,OP1135,Completed,0
RNT102529,EQX1279,CUST1107,SITE103,Highway Expansion,Coimbatore,2025-06-04,2025-06-11,2025-06-11,7,25000,175000,50000,Paid,OP1112,Completed,0
RNT102530,EQX1024,CUST1099,SITE119,Residential Township,Coimbatore,2025-06-27,2025-07-27,2025-07-27,30,25000,750000,50000,Pending,OP1167,Completed,0
RNT102531,EQX1151,CUST1109,SITE104,Industrial Park,Bangalore,2025-04-18,2025-05-11,2025-05-11,23,18000,414000,36000,Paid,OP1152,Completed,0
RNT102532,EQX1199,CUST1110,SITE106,Mining Site,Bangalore,2025-06-03,2025-06-05,2025-06-08,2,18000,90000,36000,Paid,OP1073,Overdue,3
RNT102533,EQX1165,CUST1077,SITE125,Solar Power Plant,Trichy,2025-05-07,2025-05-14,2025-05-14,7,25000,175000,50000,Paid,OP1038,Completed,0
RNT102534,EQX1162,CUST1101,SITE110,Harbor Expansion,Bangalore,2025-04-24,2025-05-17,2025-05-17,23,25000,575000,50000,Paid,OP1177,Completed,0
RNT102535,EQX1163,CUST1113,SITE127,Bridge Construction,Trichy,2025-03-12,2025-03-20,2025-03-20,8,25000,200000,50000,Paid,OP1115,Completed,0
RNT102536,EQX1090,CUST1070,SITE123,Metro Rail Project,Salem,2025-02-07,2025-03-04,2025-03-04,25,30000,750000,60000,Paid,OP1200,Completed,0
RNT102537,EQX1086,CUST1009,SITE112,Highway Expansion,Salem,2025-01-12,2025-02-01,2025-02-02,20,18000,378000,36000,Paid,OP1177,Overdue,1
RNT102538,EQX1224,CUST1006,SITE103,Residential Township,Coimbatore,2025-04-07,2025-05-06,2025-05-06,29,22000,638000,44000,Partial,OP1041,Completed,0
RNT102539,EQX1180,CUST1096,SITE129,Harbor Expansion,Madurai,2025-02-09,2025-03-11,2025-03-11,30,18000,540000,36000,Partial,OP1177,Completed,0
RNT102540,EQX1089,CUST1048,SITE113,IT Park,Mysore,2025-05-30,2025-06-24,2025-06-24,25,18000,450000,36000,Paid,OP1159,Completed,0
RNT102541,EQX1136,CUST1114,SITE104,Airport Extension,Trichy,2025-05-05,2025-05-30,2025-05-30,25,24000,600000,48000,Partial,OP1120,Completed,0
RNT102542,EQX1074,CUST1096,SITE113,Residential Township,Trichy,2025-03-24,2025-03-26,2025-03-26,2,12000,24000,24000,Paid,OP1115,Completed,0
RNT102543,EQX1222,CUST1076,SITE104,Metro Rail Project,Madurai,2025-01-22,2025-01-29,2025-01-29,7,22000,154000,44000,Paid,OP1077,Completed,0
RNT102544,EQX1199,CUST1074,SITE119,Airport Extension,Chennai,2025-04-25,2025-05-24,2025-05-24,29,18000,522000,36000,Paid,OP1004,Completed,0
RNT102545,EQX1051,CUST1090,SITE128,Solar Power Plant,Mysore,2025-04-07,2025-04-25,2025-04-25,18,12000,216000,24000,Paid,OP1154,Completed,0
RNT102546,EQX1259,CUST1027,SITE102,River Embankment,Salem,2025-02-19,2025-03-05,2025-03-06,14,22000,330000,44000,Paid,OP1113,Overdue,1
RNT102547,EQX1115,CUST1008,SITE102,Mining Site,Hyderabad,2025-04-21,2025-05-14,2025-05-18,23,18000,486000,36000,Paid,OP1132,Overdue,4
RNT102548,EQX1287,CUST1002,SITE101,Residential Township,Salem,2025-06-25,2025-07-21,2025-07-21,26,12000,312000,24000,Paid,OP1165,Completed,0
RNT102549,EQX1186,CUST1018,SITE107,IT Park,Hyderabad,2025-04-02,2025-04-08,2025-04-08,6,25000,150000,50000,Pending,OP1101,Completed,0
RNT102550,EQX1004,CUST1062,SITE118,Bridge Construction,Hyderabad,2025-04-24,2025-05-01,2025-05-05,7,30000,330000,60000,Paid,OP1084,Overdue,4
RNT102551,EQX1251,CUST1040,SITE111,Bridge Construction,Mysore,2025-04-08,2025-04-20,2025-04-20,12,24000,288000,48000,Paid,OP1097,Completed,0
RNT102552,EQX1013,CUST1083,SITE130,IT Park,Hyderabad,2025-03-26,2025-04-18,2025-04-18,23,18000,414000,36000,Paid,OP1032,Completed,0
RNT102553,EQX1188,CUST1009,SITE128,Solar Power Plant,Madurai,2025-05-21,2025-06-20,2025-06-25,30,30000,1050000,60000,Paid,OP1139,Overdue,5
RNT102554,EQX1147,CUST1041,SITE120,Smart City Zone,Coimbatore,2025-04-08,2025-05-03,2025-05-03,25,22000,550000,44000,Partial,OP1197,Completed,0
RNT102555,EQX1128,CUST1028,SITE101,River Embankment,Chennai,2025-01-07,2025-01-23,2025-01-23,16,30000,480000,60000,Paid,OP1194,Completed,0
RNT102556,EQX1205,CUST1059,SITE113,Industrial Park,Trichy,2025-02-16,2025-03-17,2025-03-27,29,18000,702000,36000,Paid,OP1119,Overdue,10
RNT102557,EQX1058,CUST1041,SITE103,IT Park,Salem,2025-04-03,2025-04-22,2025-04-22,19,30000,570000,60000,Paid,OP1082,Completed,0
RNT102558,EQX1065,CUST1087,SITE129,Solar Power Plant,Mysore,2025-04-23,2025-05-21,2025-05-21,28,25000,700000,50000,Paid,OP1172,Completed,0
RNT102559,EQX1051,CUST1042,SITE116,Harbor Expansion,Chennai,2025-01-04,2025-01-26,2025-01-26,22,12000,264000,24000,Paid,OP1008,Completed,0
RNT102560,EQX1044,CUST1022,SITE130,River Embankment,Trichy,2025-06-02,2025-06-07,2025-06-07,5,24000,120000,48000,Paid,OP1013,Completed,0
RNT102561,EQX1252,CUST1117,SITE121,Industrial Park,Hyderabad,2025-06-07,2025-06-17,2025-06-17,10,18000,180000,36000,Pending,OP1125,Completed,0
RNT102562,EQX1089,CUST1029,SITE119,Industrial Park,Bangalore,2025-04-15,2025-05-13,2025-05-23,28,18000,684000,36000,Partial,OP1065,Overdue,10
RNT102563,EQX1013,CUST1025,SITE118,Industrial Park,Trichy,2025-03-13,2025-03-20,2025-03-20,7,18000,126000,36000,Paid,OP1010,Completed,0
RNT102564,EQX1203,CUST1016,SITE126,Industrial Park,Trichy,2025-05-17,2025-06-11,2025-06-11,25,22000,550000,44000,Partial,OP1093,Completed,0
RNT102565,EQX1294,CUST1071,SITE110,Airport Extension,Bangalore,2025-06-22,2025-07-22,2025-07-22,30,22000,660000,44000,Paid,OP1023,Completed,0
RNT102566,EQX1205,CUST1035,SITE126,Bridge Construction,Bangalore,2025-01-30,2025-02-12,2025-02-12,13,18000,234000,36000,Paid,OP1006,Completed,0
RNT102567,EQX1291,CUST1008,SITE126,Solar Power Plant,Coimbatore,2025-06-30,2025-07-23,2025-07-23,23,25000,575000,50000,Partial,OP1079,Completed,0
RNT102568,EQX1101,CUST1047,SITE123,Solar Power Plant,Bangalore,2025-06-25,2025-07-04,2025-07-04,9,24000,216000,48000,Paid,OP1038,Completed,0
RNT102569,EQX1222,CUST1038,SITE129,Harbor Expansion,Hyderabad,2025-02-27,2025-03-24,2025-03-26,25,22000,594000,44000,Paid,OP1025,Overdue,2
RNT102570,EQX1230,CUST1115,SITE111,Solar Power Plant,Bangalore,2025-06-19,2025-07-07,2025-07-07,18,18000,324000,36000,Paid,OP1126,Completed,0
RNT102571,EQX1277,CUST1119,SITE116,IT Park,Coimbatore,2025-04-29,2025-05-03,2025-05-03,4,12000,48000,24000,Paid,OP1074,Completed,0
RNT102572,EQX1149,CUST1074,SITE115,Residential Township,Madurai,2025-01-14,2025-01-26,2025-01-26,12,24000,288000,48000,Pending,OP1097,Completed,0
RNT102573,EQX1213,CUST1047,SITE103,Mining Site,Coimbatore,2025-05-03,2025-05-23,2025-05-23,20,12000,240000,24000,Paid,OP1153,Completed,0
RNT102574,EQX1212,CUST1109,SITE127,IT Park,Trichy,2025-02-20,2025-03-21,2025-03-26,29,24000,816000,48000,Paid,OP1039,Overdue,5
RNT102575,EQX1224,CUST1051,SITE102,IT Park,Hyderabad,2025-05-05,2025-05-18,2025-05-18,13,22000,286000,44000,Paid,OP1138,Completed,0
RNT102576,EQX1055,CUST1009,SITE117,Airport Extension,Salem,2025-04-18,2025-04-22,2025-04-22,4,25000,100000,50000,Paid,OP1163,Completed,0
RNT102577,EQX1146,CUST1088,SITE103,Airport Extension,Hyderabad,2025-02-05,2025-02-19,2025-02-21,14,18000,288000,36000,Pending,OP1185,Overdue,2
RNT102578,EQX1125,CUST1053,SITE103,IT Park,Trichy,2025-06-29,2025-07-14,2025-07-15,15,25000,400000,50000,Pending,OP1183,Overdue,1
RNT102579,EQX1120,CUST1061,SITE120,Residential Township,Hyderabad,2025-02-19,2025-03-06,2025-03-14,15,22000,506000,44000,Partial,OP1068,Overdue,8
RNT102580,EQX1239,CUST1068,SITE130,Metro Rail Project,Trichy,2025-02-03,2025-02-08,2025-02-08,5,22000,110000,44000,Paid,OP1198,Completed,0
RNT102581,EQX1029,CUST1083,SITE116,Mining Site,Coimbatore,2025-06-14,2025-07-13,2025-07-15,29,12000,372000,24000,Pending,OP1033,Overdue,2
RNT102582,EQX1023,CUST1114,SITE110,Metro Rail Project,Bangalore,2025-06-26,2025-07-26,2025-07-26,30,24000,720000,48000,Paid,OP1014,Completed,0
RNT102583,EQX1226,CUST1012,SITE105,Mining Site,Hyderabad,2025-02-20,2025-02-27,2025-03-09,7,24000,408000,48000,Paid,OP1049,Overdue,10
RNT102584,EQX1086,CUST1005,SITE110,Smart City Zone,Madurai,2025-04-28,2025-05-10,2025-05-10,12,18000,216000,36000,Paid,OP1129,Completed,0
RNT102585,EQX1133,CUST1046,SITE107,Solar Power Plant,Coimbatore,2025-04-22,2025-05-18,2025-05-19,26,30000,810000,60000,Paid,OP1200,Overdue,1
RNT102586,EQX1042,CUST1112,SITE122,Airport Extension,Trichy,2025-04-09,2025-05-04,2025-05-04,25,25000,625000,50000,Partial,OP1196,Completed,0
RNT102587,EQX1277,CUST1116,SITE115,Highway Expansion,Coimbatore,2025-04-05,2025-05-02,2025-05-04,27,12000,348000,24000,Partial,OP1090,Overdue,2
RNT102588,EQX1127,CUST1102,SITE118,Harbor Expansion,Trichy,2025-04-09,2025-04-18,2025-04-18,9,24000,216000,48000,Paid,OP1166,Completed,0
RNT102589,EQX1290,CUST1034,SITE109,Metro Rail Project,Bangalore,2025-06-08,2025-07-03,2025-07-03,25,22000,550000,44000,Partial,OP1152,Completed,0
RNT102590,EQX1169,CUST1054,SITE127,River Embankment,Trichy,2025-06-28,2025-07-17,2025-07-17,19,12000,228000,24000,Paid,OP1138,Completed,0
RNT102591,EQX1133,CUST1063,SITE126,Smart City Zone,Mysore,2025-01-16,2025-02-12,2025-02-20,27,30000,1050000,60000,Paid,OP1122,Overdue,8
RNT102592,EQX1104,CUST1056,SITE127,Mining Site,Coimbatore,2025-02-15,2025-03-12,2025-03-12,25,24000,600000,48000,Pending,OP1018,Completed,0
RNT102593,EQX1074,CUST1015,SITE118,Residential Township,Madurai,2025-04-18,2025-05-06,2025-05-06,18,12000,216000,24000,Paid,OP1038,Completed,0
RNT102594,EQX1234,CUST1103,SITE104,Smart City Zone,Mysore,2025-06-09,2025-07-06,2025-07-06,27,22000,594000,44000,Pending,OP1188,Completed,0
RNT102595,EQX1277,CUST1066,SITE128,Solar Power Plant,Salem,2025-03-26,2025-04-09,2025-04-09,14,12000,168000,24000,Pending,OP1199,Completed,0
RNT102596,EQX1105,CUST1104,SITE122,Smart City Zone,Madurai,2025-01-21,2025-01-28,2025-01-31,7,12000,120000,24000,Paid,OP1160,Overdue,3
RNT102597,EQX1213,CUST1108,SITE128,Harbor Expansion,Salem,2025-04-24,2025-05-10,2025-05-10,16,12000,192000,24000,Paid,OP1099,Completed,0
RNT102598,EQX1042,CUST1065,SITE118,Smart City Zone,Hyderabad,2025-02-05,2025-02-28,2025-02-28,23,25000,575000,50000,Paid,OP1003,Completed,0
RNT102599,EQX1206,CUST1064,SITE122,Industrial Park,Madurai,2025-04-24,2025-05-20,2025-05-27,26,22000,726000,44000,Paid,OP1061,Overdue,7
RNT102600,EQX1008,CUST1111,SITE120,River Embankment,Madurai,2025-06-06,2025-06-09,2025-06-09,3,30000,90000,60000,Pending,OP1160,Completed,0
RNT102601,EQX1109,CUST1118,SITE125,Highway Expansion,Salem,2025-01-04,2025-01-14,2025-01-15,10,24000,264000,48000,Paid,OP1105,Overdue,1
RNT102602,EQX1225,CUST1009,SITE127,Smart City Zone,Trichy,2025-04-24,2025-05-24,2025-05-24,30,22000,660000,44000,Paid,OP1168,Completed,0
RNT102603,EQX1254,CUST1095,SITE112,Metro Rail Project,Mysore,2025-03-17,2025-03-23,2025-04-02,6,18000,288000,36000,Paid,OP1084,Overdue,10
RNT102604,EQX1033,CUST1083,SITE114,Airport Extension,Salem,2025-06-17,2025-06-28,2025-06-28,11,24000,264000,48000,Paid,OP1010,Completed,0
RNT102605,EQX1030,CUST1028,SITE126,Industrial Park,Hyderabad,2025-03-29,2025-04-01,2025-04-01,3,12000,36000,24000,Paid,OP1072,Completed,0
RNT102606,EQX1174,CUST1032,SITE121,Solar Power Plant,Chennai,2025-03-22,2025-03-31,2025-03-31,9,25000,225000,50000,Paid,OP1036,Completed,0
RNT102607,EQX1126,CUST1077,SITE117,Industrial Park,Madurai,2025-06-13,2025-07-12,2025-07-12,29,18000,522000,36000,Paid,OP1120,Completed,0
RNT102608,EQX1143,CUST1096,SITE116,Industrial Park,Hyderabad,2025-05-29,2025-06-24,2025-06-24,26,12000,312000,24000,Paid,OP1192,Completed,0
RNT102609,EQX1182,CUST1025,SITE122,Residential Township,Salem,2025-05-08,2025-05-18,2025-05-27,10,22000,418000,44000,Partial,OP1015,Overdue,9
RNT102610,EQX1282,CUST1091,SITE114,Highway Expansion,Hyderabad,2025-03-16,2025-04-03,2025-04-03,18,18000,324000,36000,Pending,OP1171,Completed,0
RNT102611,EQX1052,CUST1066,SITE116,Residential Township,Bangalore,2025-03-04,2025-03-27,2025-03-27,23,24000,552000,48000,Paid,OP1173,Completed,0
RNT102612,EQX1234,CUST1008,SITE104,Solar Power Plant,Madurai,2025-01-16,2025-02-09,2025-02-16,24,22000,682000,44000,Paid,OP1195,Overdue,7
RNT102613,EQX1021,CUST1086,SITE110,Bridge Construction,Hyderabad,2025-01-31,2025-02-10,2025-02-10,10,18000,180000,36000,Paid,OP1043,Completed,0
RNT102614,EQX1297,CUST1021,SITE102,Solar Power Plant,Salem,2025-06-27,2025-07-24,2025-07-26,27,12000,348000,24000,Paid,OP1023,Overdue,2
RNT102615,EQX1282,CUST1033,SITE107,Highway Expansion,Madurai,2025-01-26,2025-01-31,2025-01-31,5,18000,90000,36000,Partial,OP1190,Completed,0
RNT102616,EQX1284,CUST1070,SITE122,Highway Expansion,Hyderabad,2025-06-10,2025-06-20,2025-06-20,10,18000,180000,36000,Paid,OP1070,Completed,0
RNT102617,EQX1056,CUST1017,SITE112,Residential Township,Madurai,2025-05-26,2025-06-23,2025-06-23,28,22000,616000,44000,Paid,OP1089,Completed,0
RNT102618,EQX1191,CUST1062,SITE115,Mining Site,Trichy,2025-03-12,2025-04-09,2025-04-09,28,24000,672000,48000,Paid,OP1186,Completed,0
RNT102619,EQX1142,CUST1027,SITE105,Bridge Construction,Salem,2025-03-21,2025-04-13,2025-04-13,23,24000,552000,48000,Pending,OP1148,Completed,0
RNT102620,EQX1069,CUST1062,SITE107,Solar Power Plant,Salem,2025-01-06,2025-01-20,2025-01-20,14,25000,350000,50000,Paid,OP1170,Completed,0
RNT102621,EQX1243,CUST1035,SITE118,Highway Expansion,Coimbatore,2025-01-06,2025-01-17,2025-01-17,11,30000,330000,60000,Paid,OP1018,Completed,0
RNT102622,EQX1254,CUST1041,SITE111,Smart City Zone,Madurai,2025-05-30,2025-06-08,2025-06-08,9,18000,162000,36000,Paid,OP1135,Completed,0
RNT102623,EQX1003,CUST1120,SITE108,Metro Rail Project,Coimbatore,2025-03-23,2025-03-25,2025-03-25,2,25000,50000,50000,Paid,OP1004,Completed,0
RNT102624,EQX1294,CUST1003,SITE129,Highway Expansion,Mysore,2025-06-01,2025-07-01,2025-07-01,30,22000,660000,44000,Pending,OP1141,Completed,0
RNT102625,EQX1187,CUST1006,SITE116,Harbor Expansion,Mysore,2025-05-19,2025-06-14,2025-06-14,26,30000,780000,60000,Paid,OP1096,Completed,0
RNT102626,EQX1247,CUST1056,SITE117,Airport Extension,Trichy,2025-03-06,2025-03-25,2025-04-03,19,12000,336000,24000,Paid,OP1145,Overdue,9
RNT102627,EQX1098,CUST1033,SITE130,River Embankment,Hyderabad,2025-02-08,2025-02-26,2025-02-26,18,30000,540000,60000,Partial,OP1163,Completed,0
RNT102628,EQX1157,CUST1042,SITE129,River Embankment,Mysore,2025-03-23,2025-04-16,2025-04-16,24,30000,720000,60000,Paid,OP1021,Completed,0
RNT102629,EQX1071,CUST1080,SITE117,Bridge Construction,Hyderabad,2025-05-29,2025-06-06,2025-06-06,8,30000,240000,60000,Paid,OP1200,Completed,0
RNT102630,EQX1209,CUST1093,SITE101,River Embankment,Bangalore,2025-05-30,2025-06-07,2025-06-07,8,18000,144000,36000,Paid,OP1024,Completed,0
RNT102631,EQX1001,CUST1009,SITE126,Residential Township,Madurai,2025-05-24,2025-06-08,2025-06-16,15,12000,276000,24000,Paid,OP1001,Overdue,8
RNT102632,EQX1219,CUST1094,SITE108,IT Park,Madurai,2025-02-20,2025-03-18,2025-03-18,26,18000,468000,36000,Paid,OP1035,Completed,0
RNT102633,EQX1022,CUST1003,SITE101,Solar Power Plant,Trichy,2025-03-01,2025-03-26,2025-03-26,25,24000,600000,48000,Paid,OP1109,Completed,0
RNT102634,EQX1080,CUST1078,SITE119,IT Park,Coimbatore,2025-06-15,2025-07-12,2025-07-16,27,24000,744000,48000,Paid,OP1118,Overdue,4
RNT102635,EQX1289,CUST1015,SITE119,Industrial Park,Mysore,2025-01-02,2025-01-15,2025-01-15,13,24000,312000,48000,Paid,OP1198,Completed,0
RNT102636,EQX1160,CUST1008,SITE102,Harbor Expansion,Mysore,2025-05-13,2025-05-23,2025-05-23,10,18000,180000,36000,Paid,OP1170,Completed,0
RNT102637,EQX1026,CUST1084,SITE115,IT Park,Chennai,2025-05-12,2025-06-10,2025-06-10,29,25000,725000,50000,Paid,OP1084,Completed,0
RNT102638,EQX1189,CUST1071,SITE103,River Embankment,Coimbatore,2025-04-30,2025-05-03,2025-05-03,3,12000,36000,24000,Paid,OP1065,Completed,0
RNT102639,EQX1032,CUST1115,SITE107,Metro Rail Project,Mysore,2025-01-30,2025-02-03,2025-02-03,4,24000,96000,48000,Paid,OP1150,Completed,0
RNT102640,EQX1199,CUST1041,SITE118,Harbor Expansion,Hyderabad,2025-04-23,2025-05-21,2025-05-30,28,18000,666000,36000,Paid,OP1011,Overdue,9
RNT102641,EQX1269,CUST1018,SITE107,Airport Extension,Bangalore,2025-06-19,2025-06-26,2025-06-26,7,12000,84000,24000,Paid,OP1101,Completed,0
RNT102642,EQX1061,CUST1091,SITE107,Harbor Expansion,Hyderabad,2025-04-02,2025-05-01,2025-05-01,29,24000,696000,48000,Paid,OP1091,Completed,0
RNT102643,EQX1292,CUST1032,SITE107,IT Park,Bangalore,2025-05-18,2025-05-31,2025-05-31,13,12000,156000,24000,Paid,OP1176,Completed,0
RNT102644,EQX1169,CUST1018,SITE129,Bridge Construction,Chennai,2025-02-21,2025-03-02,2025-03-02,9,12000,108000,24000,Paid,OP1119,Completed,0
RNT102645,EQX1163,CUST1078,SITE114,Harbor Expansion,Salem,2025-03-24,2025-03-26,2025-03-26,2,25000,50000,50000,Paid,OP1014,Completed,0
RNT102646,EQX1116,CUST1100,SITE116,Harbor Expansion,Mysore,2025-01-09,2025-02-01,2025-02-01,23,30000,690000,60000,Paid,OP1117,Completed,0
RNT102647,EQX1148,CUST1082,SITE115,Airport Extension,Hyderabad,2025-02-25,2025-03-25,2025-03-25,28,22000,616000,44000,Partial,OP1149,Completed,0
RNT102648,EQX1134,CUST1047,SITE129,Metro Rail Project,Trichy,2025-06-01,2025-07-01,2025-07-01,30,24000,720000,48000,Paid,OP1094,Completed,0
RNT102649,EQX1123,CUST1101,SITE116,River Embankment,Salem,2025-06-26,2025-07-16,2025-07-16,20,12000,240000,24000,Paid,OP1196,Completed,0
RNT102650,EQX1133,CUST1013,SITE129,Airport Extension,Coimbatore,2025-06-30,2025-07-26,2025-07-26,26,30000,780000,60000,Paid,OP1120,Completed,0
RNT102651,EQX1022,CUST1040,SITE115,Residential Township,Coimbatore,2025-05-08,2025-05-13,2025-05-16,5,24000,192000,48000,Partial,OP1005,Overdue,3
RNT102652,EQX1093,CUST1084,SITE109,Harbor Expansion,Trichy,2025-04-07,2025-04-24,2025-04-24,17,25000,425000,50000,Paid,OP1174,Completed,0
RNT102653,EQX1072,CUST1052,SITE126,Highway Expansion,Mysore,2025-02-09,2025-03-01,2025-03-01,20,18000,360000,36000,Partial,OP1111,Completed,0
RNT102654,EQX1113,CUST1069,SITE123,River Embankment,Coimbatore,2025-05-20,2025-06-02,2025-06-11,13,30000,660000,60000,Paid,OP1097,Overdue,9
RNT102655,EQX1112,CUST1032,SITE111,Harbor Expansion,Chennai,2025-03-05,2025-03-21,2025-03-27,16,30000,660000,60000,Pending,OP1071,Overdue,6
RNT102656,EQX1025,CUST1050,SITE105,Bridge Construction,Trichy,2025-02-06,2025-03-03,2025-03-07,25,30000,870000,60000,Paid,OP1114,Overdue,4
RNT102657,EQX1182,CUST1061,SITE116,Airport Extension,Mysore,2025-01-20,2025-02-17,2025-02-17,28,22000,616000,44000,Paid,OP1092,Completed,0
RNT102658,EQX1118,CUST1081,SITE114,Airport Extension,Trichy,2025-04-01,2025-04-04,2025-04-04,3,12000,36000,24000,Paid,OP1165,Completed,0
RNT102659,EQX1147,CUST1117,SITE102,Harbor Expansion,Hyderabad,2025-02-08,2025-02-15,2025-02-15,7,22000,154000,44000,Paid,OP1010,Completed,0
RNT102660,EQX1294,CUST1036,SITE112,Airport Extension,Bangalore,2025-04-21,2025-05-20,2025-05-20,29,22000,638000,44000,Paid,OP1080,Completed,0
RNT102661,EQX1236,CUST1115,SITE104,Solar Power Plant,Salem,2025-05-31,2025-06-04,2025-06-04,4,18000,72000,36000,Paid,OP1073,Completed,0
RNT102662,EQX1125,CUST1010,SITE119,IT Park,Mysore,2025-01-24,2025-02-02,2025-02-02,9,25000,225000,50000,Paid,OP1004,Completed,0
RNT102663,EQX1284,CUST1117,SITE105,Bridge Construction,Madurai,2025-06-18,2025-07-18,2025-07-18,30,18000,540000,36000,Pending,OP1066,Completed,0
RNT102664,EQX1143,CUST1037,SITE127,Industrial Park,Trichy,2025-06-05,2025-07-02,2025-07-02,27,12000,324000,24000,Paid,OP1199,Completed,0
RNT102665,EQX1024,CUST1019,SITE118,Harbor Expansion,Hyderabad,2025-03-13,2025-03-21,2025-03-21,8,25000,200000,50000,Paid,OP1108,Completed,0
RNT102666,EQX1102,CUST1026,SITE102,Bridge Construction,Chennai,2025-02-15,2025-02-22,2025-02-23,7,18000,144000,36000,Paid,OP1032,Overdue,1
RNT102667,EQX1181,CUST1006,SITE108,Industrial Park,Salem,2025-04-05,2025-04-14,2025-04-14,9,22000,198000,44000,Paid,OP1008,Completed,0
RNT102668,EQX1120,CUST1120,SITE127,River Embankment,Mysore,2025-06-21,2025-07-11,2025-07-11,20,22000,440000,44000,Paid,OP1122,Completed,0
RNT102669,EQX1259,CUST1028,SITE101,Metro Rail Project,Hyderabad,2025-01-20,2025-02-01,2025-02-01,12,22000,264000,44000,Paid,OP1050,Completed,0
RNT102670,EQX1160,CUST1054,SITE111,Industrial Park,Mysore,2025-01-17,2025-01-24,2025-01-24,7,18000,126000,36000,Paid,OP1194,Completed,0
RNT102671,EQX1156,CUST1111,SITE127,River Embankment,Salem,2025-04-10,2025-05-03,2025-05-03,23,30000,690000,60000,Pending,OP1121,Completed,0
RNT102672,EQX1158,CUST1054,SITE104,Smart City Zone,Coimbatore,2025-02-27,2025-03-14,2025-03-14,15,24000,360000,48000,Paid,OP1122,Completed,0
RNT102673,EQX1083,CUST1079,SITE126,IT Park,Mysore,2025-02-08,2025-02-21,2025-02-21,13,25000,325000,50000,Paid,OP1106,Completed,0
RNT102674,EQX1003,CUST1044,SITE122,Metro Rail Project,Salem,2025-06-02,2025-06-07,2025-06-14,5,25000,300000,50000,Paid,OP1104,Overdue,7
RNT102675,EQX1234,CUST1097,SITE129,River Embankment,Bangalore,2025-06-18,2025-07-16,2025-07-26,28,22000,836000,44000,Paid,OP1042,Overdue,10
RNT102676,EQX1230,CUST1090,SITE109,Harbor Expansion,Mysore,2025-04-13,2025-05-03,2025-05-03,20,18000,360000,36000,Paid,OP1196,Completed,0
RNT102677,EQX1198,CUST1046,SITE110,IT Park,Bangalore,2025-01-03,2025-01-20,2025-01-20,17,24000,408000,48000,Paid,OP1143,Completed,0
RNT102678,EQX1056,CUST1094,SITE117,Residential Township,Chennai,2025-02-27,2025-03-20,2025-03-20,21,22000,462000,44000,Paid,OP1157,Completed,0
RNT102679,EQX1007,CUST1022,SITE107,Solar Power Plant,Bangalore,2025-06-30,2025-07-03,2025-07-03,3,30000,90000,60000,Paid,OP1096,Completed,0
RNT102680,EQX1079,CUST1022,SITE129,IT Park,Madurai,2025-04-20,2025-04-24,2025-04-24,4,12000,48000,24000,Paid,OP1053,Completed,0
RNT102681,EQX1200,CUST1012,SITE125,Airport Extension,Trichy,2025-04-10,2025-04-30,2025-04-30,20,18000,360000,36000,Paid,OP1075,Completed,0
RNT102682,EQX1108,CUST1085,SITE113,Harbor Expansion,Coimbatore,2025-03-11,2025-03-27,2025-04-01,16,22000,462000,44000,Pending,OP1121,Overdue,5
RNT102683,EQX1234,CUST1038,SITE113,Metro Rail Project,Trichy,2025-04-02,2025-04-06,2025-04-10,4,22000,176000,44000,Paid,OP1041,Overdue,4
RNT102684,EQX1006,CUST1007,SITE108,Bridge Construction,Coimbatore,2025-02-09,2025-02-19,2025-02-19,10,24000,240000,48000,Paid,OP1036,Completed,0
RNT102685,EQX1129,CUST1009,SITE129,Residential Township,Bangalore,2025-01-26,2025-01-28,2025-01-28,2,24000,48000,48000,Pending,OP1026,Completed,0
RNT102686,EQX1164,CUST1013,SITE112,Smart City Zone,Trichy,2025-04-11,2025-04-29,2025-04-29,18,30000,540000,60000,Paid,OP1177,Completed,0
RNT102687,EQX1276,CUST1041,SITE108,Metro Rail Project,Madurai,2025-02-20,2025-03-17,2025-03-22,25,25000,750000,50000,Paid,OP1086,Overdue,5
RNT102688,EQX1220,CUST1103,SITE116,IT Park,Salem,2025-05-25,2025-06-04,2025-06-04,10,30000,300000,60000,Paid,OP1100,Completed,0
RNT102689,EQX1046,CUST1092,SITE102,Solar Power Plant,Coimbatore,2025-01-02,2025-01-05,2025-01-05,3,22000,66000,44000,Paid,OP1195,Completed,0
RNT102690,EQX1171,CUST1019,SITE109,Bridge Construction,Chennai,2025-05-19,2025-05-22,2025-05-22,3,22000,66000,44000,Paid,OP1071,Completed,0
RNT102691,EQX1221,CUST1045,SITE101,Highway Expansion,Bangalore,2025-04-09,2025-04-12,2025-04-12,3,25000,75000,50000,Paid,OP1018,Completed,0
RNT102692,EQX1056,CUST1055,SITE125,Residential Township,Chennai,2025-06-19,2025-07-17,2025-07-17,28,22000,616000,44000,Paid,OP1188,Completed,0
RNT102693,EQX1140,CUST1082,SITE117,Industrial Park,Bangalore,2025-01-23,2025-01-27,2025-01-27,4,12000,48000,24000,Paid,OP1182,Completed,0
RNT102694,EQX1154,CUST1069,SITE112,Smart City Zone,Mysore,2025-02-17,2025-03-05,2025-03-05,16,12000,192000,24000,Pending,OP1002,Completed,0
RNT102695,EQX1254,CUST1042,SITE117,Mining Site,Chennai,2025-03-29,2025-04-19,2025-04-19,21,18000,378000,36000,Paid,OP1163,Completed,0
RNT102696,EQX1087,CUST1010,SITE113,Solar Power Plant,Bangalore,2025-03-25,2025-04-24,2025-04-24,30,25000,750000,50000,Paid,OP1127,Completed,0
RNT102697,EQX1083,CUST1058,SITE101,Smart City Zone,Bangalore,2025-06-16,2025-07-12,2025-07-12,26,25000,650000,50000,Paid,OP1076,Completed,0
RNT102698,EQX1011,CUST1076,SITE126,IT Park,Coimbatore,2025-03-05,2025-03-14,2025-03-14,9,25000,225000,50000,Paid,OP1081,Completed,0
RNT102699,EQX1170,CUST1090,SITE110,River Embankment,Hyderabad,2025-04-12,2025-05-03,2025-05-12,21,24000,720000,48000,Pending,OP1085,Overdue,9
RNT102700,EQX1029,CUST1015,SITE111,Airport Extension,Madurai,2025-04-05,2025-04-29,2025-04-29,24,12000,288000,24000,Paid,OP1127,Completed,0
RNT102701,EQX1202,CUST1082,SITE106,Residential Township,Madurai,2025-01-05,2025-01-17,2025-01-17,12,30000,360000,60000,Paid,OP1071,Completed,0
RNT102702,EQX1122,CUST1063,SITE126,Industrial Park,Hyderabad,2025-02-13,2025-03-06,2025-03-14,21,18000,522000,36000,Paid,OP1070,Overdue,8
RNT102703,EQX1166,CUST1119,SITE117,IT Park,Hyderabad,2025-06-14,2025-06-17,2025-06-17,3,22000,66000,44000,Paid,OP1102,Completed,0
RNT102704,EQX1023,CUST1031,SITE115,Residential Township,Mysore,2025-01-06,2025-01-13,2025-01-13,7,24000,168000,48000,Pending,OP1149,Completed,0
RNT102705,EQX1162,CUST1060,SITE106,Industrial Park,Chennai,2025-02-05,2025-02-23,2025-02-23,18,25000,450000,50000,Paid,OP1113,Completed,0
RNT102706,EQX1132,CUST1064,SITE125,Metro Rail Project,Salem,2025-04-08,2025-04-12,2025-04-12,4,30000,120000,60000,Paid,OP1124,Completed,0
RNT102707,EQX1158,CUST1003,SITE119,Bridge Construction,Bangalore,2025-01-24,2025-02-23,2025-02-23,30,24000,720000,48000,Pending,OP1145,Completed,0
RNT102708,EQX1058,CUST1033,SITE120,Mining Site,Salem,2025-04-09,2025-04-29,2025-05-08,20,30000,870000,60000,Paid,OP1030,Overdue,9
RNT102709,EQX1041,CUST1108,SITE107,River Embankment,Trichy,2025-06-22,2025-07-14,2025-07-14,22,24000,528000,48000,Pending,OP1043,Completed,0
RNT102710,EQX1293,CUST1029,SITE116,Bridge Construction,Bangalore,2025-01-26,2025-02-08,2025-02-08,13,18000,234000,36000,Paid,OP1127,Completed,0
RNT102711,EQX1021,CUST1068,SITE105,Solar Power Plant,Hyderabad,2025-05-04,2025-05-16,2025-05-17,12,18000,234000,36000,Paid,OP1095,Overdue,1
RNT102712,EQX1122,CUST1031,SITE114,Highway Expansion,Trichy,2025-06-25,2025-07-09,2025-07-12,14,18000,306000,36000,Paid,OP1017,Overdue,3
RNT102713,EQX1012,CUST1090,SITE101,River Embankment,Madurai,2025-04-13,2025-05-07,2025-05-07,24,30000,720000,60000,Paid,OP1019,Completed,0
RNT102714,EQX1042,CUST1050,SITE104,IT Park,Coimbatore,2025-06-05,2025-06-11,2025-06-11,6,25000,150000,50000,Paid,OP1046,Completed,0
RNT102715,EQX1023,CUST1024,SITE106,Residential Township,Salem,2025-05-09,2025-05-21,2025-05-21,12,24000,288000,48000,Paid,OP1122,Completed,0
RNT102716,EQX1150,CUST1036,SITE116,Residential Township,Hyderabad,2025-06-12,2025-06-29,2025-07-07,17,18000,450000,36000,Paid,OP1085,Overdue,8
RNT102717,EQX1132,CUST1055,SITE118,Residential Township,Trichy,2025-04-22,2025-05-17,2025-05-17,25,30000,750000,60000,Paid,OP1168,Completed,0
RNT102718,EQX1142,CUST1108,SITE117,Highway Expansion,Hyderabad,2025-05-12,2025-06-08,2025-06-18,27,24000,888000,48000,Paid,OP1079,Overdue,10
RNT102719,EQX1087,CUST1027,SITE109,Highway Expansion,Hyderabad,2025-05-01,2025-05-29,2025-05-29,28,25000,700000,50000,Paid,OP1083,Completed,0
RNT102720,EQX1209,CUST1005,SITE117,Metro Rail Project,Coimbatore,2025-06-03,2025-06-19,2025-06-19,16,18000,288000,36000,Pending,OP1039,Completed,0
RNT102721,EQX1246,CUST1074,SITE129,Residential Township,Hyderabad,2025-06-19,2025-07-10,2025-07-10,21,22000,462000,44000,Paid,OP1037,Completed,0
RNT102722,EQX1043,CUST1024,SITE102,Bridge Construction,Bangalore,2025-06-04,2025-06-10,2025-06-10,6,22000,132000,44000,Paid,OP1124,Completed,0
RNT102723,EQX1048,CUST1011,SITE104,Smart City Zone,Hyderabad,2025-04-25,2025-05-05,2025-05-05,10,30000,300000,60000,Paid,OP1134,Completed,0
RNT102724,EQX1131,CUST1088,SITE102,River Embankment,Mysore,2025-02-16,2025-03-05,2025-03-06,17,22000,396000,44000,Paid,OP1178,Overdue,1
RNT102725,EQX1271,CUST1043,SITE107,IT Park,Mysore,2025-03-02,2025-03-16,2025-03-21,14,12000,228000,24000,Paid,OP1036,Overdue,5
RNT102726,EQX1076,CUST1117,SITE106,Solar Power Plant,Trichy,2025-01-04,2025-01-29,2025-01-29,25,25000,625000,50000,Paid,OP1158,Completed,0
RNT102727,EQX1227,CUST1012,SITE121,Mining Site,Bangalore,2025-06-04,2025-06-13,2025-06-13,9,18000,162000,36000,Paid,OP1004,Completed,0
RNT102728,EQX1055,CUST1027,SITE117,Smart City Zone,Chennai,2025-02-14,2025-03-07,2025-03-07,21,25000,525000,50000,Paid,OP1144,Completed,0
RNT102729,EQX1149,CUST1072,SITE104,River Embankment,Coimbatore,2025-02-23,2025-03-24,2025-04-01,29,24000,888000,48000,Paid,OP1001,Overdue,8
RNT102730,EQX1262,CUST1112,SITE109,IT Park,Coimbatore,2025-03-05,2025-03-25,2025-03-25,20,25000,500000,50000,Paid,OP1195,Completed,0
RNT102731,EQX1095,CUST1018,SITE125,Mining Site,Bangalore,2025-03-30,2025-04-10,2025-04-10,11,18000,198000,36000,Paid,OP1002,Completed,0
RNT102732,EQX1184,CUST1083,SITE122,Metro Rail Project,Mysore,2025-01-11,2025-01-29,2025-01-29,18,24000,432000,48000,Paid,OP1185,Completed,0
RNT102733,EQX1174,CUST1112,SITE124,Mining Site,Coimbatore,2025-01-15,2025-01-25,2025-01-25,10,25000,250000,50000,Paid,OP1152,Completed,0
RNT102734,EQX1291,CUST1074,SITE103,Bridge Construction,Bangalore,2025-03-10,2025-04-05,2025-04-05,26,25000,650000,50000,Paid,OP1095,Completed,0
RNT102735,EQX1102,CUST1079,SITE117,River Embankment,Bangalore,2025-01-22,2025-02-10,2025-02-10,19,18000,342000,36000,Pending,OP1109,Completed,0
RNT102736,EQX1202,CUST1003,SITE108,Harbor Expansion,Salem,2025-02-16,2025-03-16,2025-03-16,28,30000,840000,60000,Paid,OP1068,Completed,0
RNT102737,EQX1200,CUST1079,SITE105,Airport Extension,Chennai,2025-03-22,2025-04-02,2025-04-06,11,18000,270000,36000,Paid,OP1047,Overdue,4
RNT102738,EQX1125,CUST1100,SITE116,IT Park,Hyderabad,2025-06-01,2025-06-26,2025-06-26,25,25000,625000,50000,Paid,OP1181,Completed,0
RNT102739,EQX1236,CUST1043,SITE110,Harbor Expansion,Madurai,2025-01-10,2025-01-26,2025-01-26,16,18000,288000,36000,Paid,OP1006,Completed,0
RNT102740,EQX1246,CUST1112,SITE110,Industrial Park,Bangalore,2025-02-12,2025-02-14,2025-02-14,2,22000,44000,44000,Paid,OP1076,Completed,0
RNT102741,EQX1041,CUST1052,SITE116,Residential Township,Chennai,2025-03-01,2025-03-25,2025-03-25,24,24000,576000,48000,Paid,OP1180,Completed,0
RNT102742,EQX1263,CUST1106,SITE129,River Embankment,Mysore,2025-03-12,2025-03-14,2025-03-14,2,18000,36000,36000,Pending,OP1111,Completed,0
RNT102743,EQX1209,CUST1053,SITE108,Bridge Construction,Hyderabad,2025-04-23,2025-05-12,2025-05-12,19,18000,342000,36000,Paid,OP1128,Completed,0
RNT102744,EQX1142,CUST1065,SITE128,Harbor Expansion,Coimbatore,2025-06-03,2025-06-28,2025-06-28,25,24000,600000,48000,Paid,OP1177,Completed,0
RNT102745,EQX1063,CUST1073,SITE123,Solar Power Plant,Coimbatore,2025-04-21,2025-04-24,2025-04-24,3,25000,75000,50000,Pending,OP1072,Completed,0
RNT102746,EQX1007,CUST1047,SITE126,Smart City Zone,Hyderabad,2025-03-11,2025-03-17,2025-03-17,6,30000,180000,60000,Paid,OP1065,Completed,0
RNT102747,EQX1050,CUST1026,SITE101,Residential Township,Madurai,2025-06-16,2025-07-07,2025-07-07,21,18000,378000,36000,Paid,OP1149,Completed,0
RNT102748,EQX1086,CUST1004,SITE129,IT Park,Coimbatore,2025-04-24,2025-05-14,2025-05-14,20,18000,360000,36000,Paid,OP1100,Completed,0
RNT102749,EQX1143,CUST1100,SITE122,Industrial Park,Bangalore,2025-03-27,2025-04-06,2025-04-06,10,12000,120000,24000,Pending,OP1155,Completed,0
RNT102750,EQX1222,CUST1108,SITE114,Airport Extension,Mysore,2025-01-15,2025-01-26,2025-01-29,11,22000,308000,44000,Pending,OP1065,Overdue,3
RNT102751,EQX1082,CUST1070,SITE105,Highway Expansion,Bangalore,2025-06-17,2025-07-16,2025-07-16,29,12000,348000,24000,Paid,OP1185,Completed,0
RNT102752,EQX1168,CUST1105,SITE114,Airport Extension,Hyderabad,2025-02-23,2025-03-02,2025-03-05,7,25000,250000,50000,Pending,OP1108,Overdue,3
RNT102753,EQX1235,CUST1060,SITE107,Solar Power Plant,Chennai,2025-06-09,2025-06-18,2025-06-18,9,24000,216000,48000,Pending,OP1067,Completed,0
RNT102754,EQX1065,CUST1059,SITE111,Solar Power Plant,Coimbatore,2025-01-17,2025-01-25,2025-01-25,8,25000,200000,50000,Paid,OP1139,Completed,0
RNT102755,EQX1124,CUST1007,SITE104,Mining Site,Bangalore,2025-04-10,2025-05-08,2025-05-08,28,18000,504000,36000,Partial,OP1110,Completed,0
RNT102756,EQX1096,CUST1061,SITE108,Metro Rail Project,Coimbatore,2025-06-05,2025-06-12,2025-06-12,7,25000,175000,50000,Paid,OP1146,Completed,0
RNT102757,EQX1267,CUST1014,SITE104,Industrial Park,Madurai,2025-02-15,2025-03-15,2025-03-15,28,30000,840000,60000,Partial,OP1075,Completed,0
RNT102758,EQX1066,CUST1091,SITE107,Metro Rail Project,Mysore,2025-01-21,2025-02-20,2025-02-20,30,30000,900000,60000,Paid,OP1044,Completed,0
RNT102759,EQX1142,CUST1043,SITE117,Solar Power Plant,Salem,2025-06-21,2025-06-29,2025-07-08,8,24000,408000,48000,Paid,OP1017,Overdue,9
RNT102760,EQX1179,CUST1017,SITE120,Mining Site,Salem,2025-03-23,2025-03-29,2025-03-29,6,25000,150000,50000,Paid,OP1171,Completed,0
RNT102761,EQX1224,CUST1081,SITE108,Harbor Expansion,Trichy,2025-02-25,2025-03-14,2025-03-14,17,22000,374000,44000,Pending,OP1022,Completed,0
RNT102762,EQX1146,CUST1003,SITE111,Mining Site,Trichy,2025-04-09,2025-04-23,2025-04-26,14,18000,306000,36000,Paid,OP1027,Overdue,3
RNT102763,EQX1172,CUST1049,SITE120,Airport Extension,Trichy,2025-06-20,2025-07-12,2025-07-12,22,30000,660000,60000,Paid,OP1042,Completed,0
RNT102764,EQX1003,CUST1113,SITE107,Industrial Park,Bangalore,2025-06-20,2025-07-19,2025-07-19,29,25000,725000,50000,Pending,OP1139,Completed,0
RNT102765,EQX1046,CUST1083,SITE120,Solar Power Plant,Salem,2025-01-22,2025-01-27,2025-01-27,5,22000,110000,44000,Paid,OP1136,Completed,0
RNT102766,EQX1241,CUST1015,SITE113,Residential Township,Bangalore,2025-03-02,2025-03-05,2025-03-14,3,12000,144000,24000,Paid,OP1050,Overdue,9
RNT102767,EQX1065,CUST1074,SITE108,Metro Rail Project,Hyderabad,2025-05-16,2025-05-24,2025-05-24,8,25000,200000,50000,Paid,OP1127,Completed,0
RNT102768,EQX1052,CUST1053,SITE124,Solar Power Plant,Mysore,2025-01-29,2025-02-16,2025-02-16,18,24000,432000,48000,Paid,OP1116,Completed,0
RNT102769,EQX1014,CUST1048,SITE108,Harbor Expansion,Salem,2025-02-28,2025-03-06,2025-03-08,6,12000,96000,24000,Paid,OP1033,Overdue,2
RNT102770,EQX1127,CUST1044,SITE118,River Embankment,Salem,2025-05-25,2025-06-15,2025-06-19,21,24000,600000,48000,Paid,OP1045,Overdue,4
RNT102771,EQX1133,CUST1119,SITE123,Smart City Zone,Trichy,2025-01-10,2025-02-09,2025-02-09,30,30000,900000,60000,Paid,OP1011,Completed,0
RNT102772,EQX1141,CUST1031,SITE121,Highway Expansion,Trichy,2025-02-02,2025-03-01,2025-03-02,27,12000,336000,24000,Pending,OP1079,Overdue,1
RNT102773,EQX1294,CUST1072,SITE129,Highway Expansion,Trichy,2025-01-30,2025-02-14,2025-02-22,15,22000,506000,44000,Paid,OP1172,Overdue,8
RNT102774,EQX1135,CUST1093,SITE115,Highway Expansion,Chennai,2025-04-24,2025-04-28,2025-04-28,4,24000,96000,48000,Paid,OP1013,Completed,0
RNT102775,EQX1175,CUST1029,SITE126,Smart City Zone,Trichy,2025-04-26,2025-05-10,2025-05-10,14,25000,350000,50000,Partial,OP1039,Completed,0
RNT102776,EQX1168,CUST1026,SITE125,Solar Power Plant,Coimbatore,2025-06-01,2025-06-23,2025-06-23,22,25000,550000,50000,Paid,OP1084,Completed,0
RNT102777,EQX1076,CUST1005,SITE120,Residential Township,Mysore,2025-01-13,2025-02-05,2025-02-05,23,25000,575000,50000,Paid,OP1097,Completed,0
RNT102778,EQX1177,CUST1038,SITE102,IT Park,Coimbatore,2025-06-20,2025-07-15,2025-07-15,25,25000,625000,50000,Paid,OP1126,Completed,0
RNT102779,EQX1167,CUST1109,SITE107,Mining Site,Madurai,2025-03-22,2025-03-28,2025-04-07,6,24000,384000,48000,Paid,OP1097,Overdue,10
RNT102780,EQX1147,CUST1101,SITE120,IT Park,Trichy,2025-06-26,2025-07-16,2025-07-16,20,22000,440000,44000,Paid,OP1005,Completed,0
RNT102781,EQX1012,CUST1016,SITE122,Highway Expansion,Madurai,2025-05-13,2025-05-25,2025-05-25,12,30000,360000,60000,Paid,OP1138,Completed,0
RNT102782,EQX1294,CUST1037,SITE114,River Embankment,Bangalore,2025-06-18,2025-06-30,2025-06-30,12,22000,264000,44000,Paid,OP1110,Completed,0
RNT102783,EQX1097,CUST1007,SITE110,Bridge Construction,Bangalore,2025-05-31,2025-06-29,2025-06-29,29,22000,638000,44000,Paid,OP1098,Completed,0
RNT102784,EQX1167,CUST1004,SITE106,Smart City Zone,Madurai,2025-04-29,2025-05-21,2025-05-21,22,24000,528000,48000,Paid,OP1042,Completed,0
RNT102785,EQX1089,CUST1071,SITE119,Solar Power Plant,Chennai,2025-05-14,2025-05-31,2025-05-31,17,18000,306000,36000,Paid,OP1161,Completed,0
RNT102786,EQX1081,CUST1061,SITE123,Harbor Expansion,Trichy,2025-03-27,2025-04-02,2025-04-02,6,22000,132000,44000,Paid,OP1142,Completed,0
RNT102787,EQX1063,CUST1105,SITE119,IT Park,Coimbatore,2025-05-28,2025-06-18,2025-06-18,21,25000,525000,50000,Paid,OP1013,Completed,0
RNT102788,EQX1215,CUST1015,SITE113,Bridge Construction,Salem,2025-04-29,2025-05-07,2025-05-14,8,12000,180000,24000,Paid,OP1102,Overdue,7
RNT102789,EQX1247,CUST1090,SITE128,Airport Extension,Madurai,2025-04-14,2025-05-10,2025-05-20,26,12000,432000,24000,Paid,OP1161,Overdue,10
RNT102790,EQX1198,CUST1042,SITE115,Industrial Park,Madurai,2025-04-26,2025-05-14,2025-05-14,18,24000,432000,48000,Paid,OP1097,Completed,0
RNT102791,EQX1070,CUST1075,SITE103,IT Park,Madurai,2025-01-20,2025-02-04,2025-02-04,15,24000,360000,48000,Pending,OP1122,Completed,0
RNT102792,EQX1161,CUST1094,SITE117,River Embankment,Coimbatore,2025-03-10,2025-03-14,2025-03-14,4,30000,120000,60000,Paid,OP1002,Completed,0
RNT102793,EQX1212,CUST1072,SITE118,Residential Township,Hyderabad,2025-06-15,2025-06-22,2025-06-22,7,24000,168000,48000,Pending,OP1153,Completed,0
RNT102794,EQX1097,CUST1098,SITE113,Bridge Construction,Salem,2025-03-15,2025-04-02,2025-04-02,18,22000,396000,44000,Paid,OP1158,Completed,0
RNT102795,EQX1158,CUST1060,SITE114,Residential Township,Chennai,2025-03-24,2025-04-06,2025-04-06,13,24000,312000,48000,Paid,OP1066,Completed,0
RNT102796,EQX1113,CUST1025,SITE103,Smart City Zone,Madurai,2025-02-20,2025-02-26,2025-03-06,6,30000,420000,60000,Paid,OP1178,Overdue,8
RNT102797,EQX1136,CUST1006,SITE125,Airport Extension,Madurai,2025-03-08,2025-04-02,2025-04-02,25,24000,600000,48000,Partial,OP1096,Completed,0
RNT102798,EQX1165,CUST1032,SITE118,Solar Power Plant,Coimbatore,2025-06-19,2025-06-21,2025-06-21,2,25000,50000,50000,Paid,OP1116,Completed,0
RNT102799,EQX1141,CUST1013,SITE128,Residential Township,Mysore,2025-05-22,2025-06-05,2025-06-05,14,12000,168000,24000,Paid,OP1184,Completed,0
RNT102800,EQX1013,CUST1106,SITE116,Airport Extension,Hyderabad,2025-02-22,2025-03-16,2025-03-16,22,18000,396000,36000,Paid,OP1035,Completed,0
RNT102801,EQX1032,CUST1097,SITE114,Bridge Construction,Coimbatore,2025-05-01,2025-05-07,2025-05-07,6,24000,144000,48000,Paid,OP1034,Completed,0
RNT102802,EQX1244,CUST1099,SITE121,Solar Power Plant,Coimbatore,2025-01-12,2025-01-19,2025-01-19,7,30000,210000,60000,Paid,OP1047,Completed,0
RNT102803,EQX1204,CUST1050,SITE120,Solar Power Plant,Bangalore,2025-06-28,2025-06-30,2025-06-30,2,30000,60000,60000,Partial,OP1195,Completed,0
RNT102804,EQX1040,CUST1063,SITE130,River Embankment,Bangalore,2025-06-18,2025-06-27,2025-06-27,9,12000,108000,24000,Paid,OP1046,Completed,0
RNT102805,EQX1058,CUST1119,SITE121,IT Park,Trichy,2025-06-08,2025-06-16,2025-06-16,8,30000,240000,60000,Paid,OP1109,Completed,0
RNT102806,EQX1012,CUST1114,SITE121,Airport Extension,Salem,2025-02-17,2025-03-05,2025-03-05,16,30000,480000,60000,Paid,OP1099,Completed,0
RNT102807,EQX1058,CUST1046,SITE122,River Embankment,Madurai,2025-05-06,2025-05-16,2025-05-16,10,30000,300000,60000,Partial,OP1079,Completed,0
RNT102808,EQX1074,CUST1012,SITE117,Bridge Construction,Chennai,2025-04-13,2025-04-21,2025-04-21,8,12000,96000,24000,Paid,OP1184,Completed,0
RNT102809,EQX1064,CUST1029,SITE103,Solar Power Plant,Chennai,2025-01-12,2025-01-18,2025-01-18,6,18000,108000,36000,Paid,OP1150,Completed,0
RNT102810,EQX1079,CUST1074,SITE129,Highway Expansion,Trichy,2025-05-07,2025-05-22,2025-05-22,15,12000,180000,24000,Paid,OP1138,Completed,0
RNT102811,EQX1109,CUST1017,SITE109,Metro Rail Project,Coimbatore,2025-06-05,2025-06-30,2025-06-30,25,24000,600000,48000,Paid,OP1105,Completed,0
RNT102812,EQX1246,CUST1019,SITE107,Airport Extension,Mysore,2025-02-12,2025-02-21,2025-02-28,9,22000,352000,44000,Paid,OP1001,Overdue,7
RNT102813,EQX1172,CUST1065,SITE104,Highway Expansion,Madurai,2025-05-21,2025-06-07,2025-06-17,17,30000,810000,60000,Paid,OP1189,Overdue,10
RNT102814,EQX1045,CUST1097,SITE119,River Embankment,Chennai,2025-04-30,2025-05-15,2025-05-15,15,25000,375000,50000,Paid,OP1152,Completed,0
RNT102815,EQX1266,CUST1002,SITE115,Bridge Construction,Chennai,2025-03-30,2025-04-16,2025-04-21,17,30000,660000,60000,Paid,OP1088,Overdue,5
RNT102816,EQX1073,CUST1001,SITE104,Solar Power Plant,Coimbatore,2025-03-21,2025-04-05,2025-04-05,15,22000,330000,44000,Paid,OP1168,Completed,0
RNT102817,EQX1004,CUST1015,SITE108,Metro Rail Project,Trichy,2025-05-17,2025-05-29,2025-05-29,12,30000,360000,60000,Paid,OP1129,Completed,0
RNT102818,EQX1184,CUST1064,SITE114,Airport Extension,Salem,2025-01-05,2025-01-16,2025-01-16,11,24000,264000,48000,Paid,OP1130,Completed,0
RNT102819,EQX1091,CUST1112,SITE119,Bridge Construction,Salem,2025-05-12,2025-06-08,2025-06-08,27,25000,675000,50000,Paid,OP1002,Completed,0
RNT102820,EQX1040,CUST1099,SITE115,Solar Power Plant,Bangalore,2025-03-16,2025-04-08,2025-04-10,23,12000,300000,24000,Paid,OP1190,Overdue,2
RNT102821,EQX1271,CUST1076,SITE109,Mining Site,Salem,2025-02-04,2025-03-04,2025-03-04,28,12000,336000,24000,Paid,OP1172,Completed,0
RNT102822,EQX1013,CUST1040,SITE112,Bridge Construction,Bangalore,2025-06-25,2025-07-14,2025-07-14,19,18000,342000,36000,Paid,OP1154,Completed,0
RNT102823,EQX1150,CUST1044,SITE122,Metro Rail Project,Hyderabad,2025-03-30,2025-04-18,2025-04-18,19,18000,342000,36000,Partial,OP1101,Completed,0
RNT102824,EQX1006,CUST1049,SITE128,Industrial Park,Coimbatore,2025-05-21,2025-06-02,2025-06-02,12,24000,288000,48000,Paid,OP1189,Completed,0
RNT102825,EQX1112,CUST1062,SITE106,Industrial Park,Hyderabad,2025-03-05,2025-03-25,2025-03-25,20,30000,600000,60000,Paid,OP1051,Completed,0
RNT102826,EQX1233,CUST1072,SITE127,River Embankment,Trichy,2025-02-28,2025-03-05,2025-03-06,5,30000,180000,60000,Paid,OP1161,Overdue,1
RNT102827,EQX1263,CUST1104,SITE124,River Embankment,Bangalore,2025-01-27,2025-02-11,2025-02-19,15,18000,414000,36000,Paid,OP1110,Overdue,8
RNT102828,EQX1072,CUST1110,SITE110,River Embankment,Hyderabad,2025-05-14,2025-06-07,2025-06-07,24,18000,432000,36000,Paid,OP1133,Completed,0
RNT102829,EQX1184,CUST1050,SITE114,Industrial Park,Mysore,2025-06-19,2025-06-23,2025-06-23,4,24000,96000,48000,Paid,OP1113,Completed,0
RNT102830,EQX1176,CUST1104,SITE117,River Embankment,Chennai,2025-02-13,2025-02-15,2025-02-15,2,30000,60000,60000,Pending,OP1047,Completed,0
RNT102831,EQX1227,CUST1041,SITE121,Airport Extension,Salem,2025-04-15,2025-04-24,2025-04-24,9,18000,162000,36000,Pending,OP1076,Completed,0
RNT102832,EQX1256,CUST1014,SITE130,Smart City Zone,Mysore,2025-04-30,2025-05-19,2025-05-19,19,12000,228000,24000,Paid,OP1102,Completed,0
RNT102833,EQX1040,CUST1013,SITE126,Residential Township,Chennai,2025-04-25,2025-05-22,2025-05-22,27,12000,324000,24000,Paid,OP1111,Completed,0
RNT102834,EQX1008,CUST1102,SITE114,Mining Site,Bangalore,2025-02-20,2025-03-01,2025-03-07,9,30000,450000,60000,Paid,OP1007,Overdue,6
RNT102835,EQX1114,CUST1069,SITE110,Residential Township,Madurai,2025-01-01,2025-01-13,2025-01-13,12,12000,144000,24000,Partial,OP1094,Completed,0
RNT102836,EQX1199,CUST1050,SITE124,Mining Site,Hyderabad,2025-01-09,2025-02-06,2025-02-06,28,18000,504000,36000,Paid,OP1196,Completed,0
RNT102837,EQX1290,CUST1017,SITE117,Industrial Park,Salem,2025-04-22,2025-04-26,2025-04-26,4,22000,88000,44000,Pending,OP1125,Completed,0
RNT102838,EQX1093,CUST1110,SITE101,River Embankment,Salem,2025-01-31,2025-02-05,2025-02-05,5,25000,125000,50000,Paid,OP1140,Completed,0
RNT102839,EQX1167,CUST1042,SITE103,Harbor Expansion,Hyderabad,2025-04-02,2025-04-20,2025-04-25,18,24000,552000,48000,Paid,OP1127,Overdue,5
RNT102840,EQX1269,CUST1063,SITE120,Airport Extension,Bangalore,2025-06-16,2025-06-25,2025-06-25,9,12000,108000,24000,Paid,OP1009,Completed,0
RNT102841,EQX1004,CUST1006,SITE103,Airport Extension,Madurai,2025-06-13,2025-06-21,2025-06-21,8,30000,240000,60000,Paid,OP1128,Completed,0
RNT102842,EQX1136,CUST1023,SITE113,Harbor Expansion,Bangalore,2025-06-17,2025-07-03,2025-07-08,16,24000,504000,48000,Paid,OP1093,Overdue,5
RNT102843,EQX1235,CUST1120,SITE128,Residential Township,Mysore,2025-01-30,2025-02-12,2025-02-12,13,24000,312000,48000,Paid,OP1182,Completed,0
RNT102844,EQX1246,CUST1067,SITE102,Bridge Construction,Mysore,2025-01-07,2025-01-15,2025-01-15,8,22000,176000,44000,Paid,OP1125,Completed,0
RNT102845,EQX1155,CUST1010,SITE125,Residential Township,Coimbatore,2025-03-25,2025-04-02,2025-04-02,8,18000,144000,36000,Paid,OP1001,Completed,0
RNT102846,EQX1110,CUST1116,SITE110,IT Park,Coimbatore,2025-01-14,2025-02-08,2025-02-08,25,12000,300000,24000,Partial,OP1127,Completed,0
RNT102847,EQX1183,CUST1056,SITE119,Metro Rail Project,Trichy,2025-06-15,2025-06-23,2025-06-30,8,12000,180000,24000,Paid,OP1030,Overdue,7
RNT102848,EQX1118,CUST1042,SITE125,Harbor Expansion,Bangalore,2025-04-01,2025-04-27,2025-04-27,26,12000,312000,24000,Paid,OP1008,Completed,0
RNT102849,EQX1184,CUST1014,SITE108,River Embankment,Trichy,2025-05-31,2025-06-29,2025-06-29,29,24000,696000,48000,Pending,OP1170,Completed,0
RNT102850,EQX1144,CUST1034,SITE116,IT Park,Mysore,2025-04-28,2025-05-17,2025-05-17,19,18000,342000,36000,Partial,OP1119,Completed,0
RNT102851,EQX1267,CUST1113,SITE125,IT Park,Hyderabad,2025-06-24,2025-06-30,2025-06-30,6,30000,180000,60000,Paid,OP1188,Completed,0
RNT102852,EQX1115,CUST1050,SITE120,Residential Township,Salem,2025-03-14,2025-03-22,2025-03-22,8,18000,144000,36000,Partial,OP1093,Completed,0
RNT102853,EQX1263,CUST1093,SITE113,Smart City Zone,Bangalore,2025-02-08,2025-02-22,2025-02-22,14,18000,252000,36000,Partial,OP1048,Completed,0
RNT102854,EQX1202,CUST1072,SITE108,Smart City Zone,Mysore,2025-04-23,2025-05-12,2025-05-12,19,30000,570000,60000,Paid,OP1126,Completed,0
RNT102855,EQX1083,CUST1001,SITE105,Harbor Expansion,Salem,2025-02-12,2025-02-19,2025-02-19,7,25000,175000,50000,Paid,OP1077,Completed,0
RNT102856,EQX1197,CUST1117,SITE125,Industrial Park,Mysore,2025-02-08,2025-02-26,2025-03-05,18,25000,625000,50000,Paid,OP1040,Overdue,7
RNT102857,EQX1291,CUST1058,SITE130,Smart City Zone,Mysore,2025-02-28,2025-03-12,2025-03-12,12,25000,300000,50000,Partial,OP1143,Completed,0
RNT102858,EQX1027,CUST1007,SITE127,Metro Rail Project,Coimbatore,2025-03-13,2025-04-06,2025-04-06,24,25000,600000,50000,Paid,OP1018,Completed,0
RNT102859,EQX1293,CUST1012,SITE108,Highway Expansion,Coimbatore,2025-04-02,2025-05-01,2025-05-01,29,18000,522000,36000,Paid,OP1181,Completed,0
RNT102860,EQX1253,CUST1038,SITE103,Smart City Zone,Trichy,2025-06-17,2025-06-22,2025-06-22,5,24000,120000,48000,Paid,OP1047,Completed,0
RNT102861,EQX1280,CUST1107,SITE110,Residential Township,Mysore,2025-06-10,2025-07-01,2025-07-01,21,18000,378000,36000,Pending,OP1025,Completed,0
RNT102862,EQX1042,CUST1077,SITE120,Industrial Park,Madurai,2025-03-15,2025-03-28,2025-03-28,13,25000,325000,50000,Pending,OP1106,Completed,0
RNT102863,EQX1116,CUST1084,SITE110,Smart City Zone,Mysore,2025-05-27,2025-06-20,2025-06-20,24,30000,720000,60000,Paid,OP1168,Completed,0
RNT102864,EQX1206,CUST1110,SITE122,River Embankment,Mysore,2025-03-13,2025-04-04,2025-04-14,22,22000,704000,44000,Paid,OP1141,Overdue,10
RNT102865,EQX1271,CUST1050,SITE113,Highway Expansion,Mysore,2025-05-02,2025-05-07,2025-05-07,5,12000,60000,24000,Paid,OP1170,Completed,0
RNT102866,EQX1229,CUST1042,SITE111,Industrial Park,Trichy,2025-04-04,2025-04-18,2025-04-18,14,22000,308000,44000,Partial,OP1057,Completed,0
RNT102867,EQX1078,CUST1097,SITE106,Residential Township,Madurai,2025-02-11,2025-03-09,2025-03-09,26,12000,312000,24000,Paid,OP1194,Completed,0
RNT102868,EQX1192,CUST1108,SITE122,Solar Power Plant,Chennai,2025-06-03,2025-06-15,2025-06-15,12,12000,144000,24000,Pending,OP1196,Completed,0
RNT102869,EQX1191,CUST1093,SITE126,Airport Extension,Salem,2025-04-30,2025-05-06,2025-05-06,6,24000,144000,48000,Pending,OP1034,Completed,0
RNT102870,EQX1214,CUST1086,SITE129,Residential Township,Salem,2025-03-13,2025-04-09,2025-04-09,27,24000,648000,48000,Paid,OP1174,Completed,0
RNT102871,EQX1167,CUST1061,SITE115,Bridge Construction,Salem,2025-01-07,2025-01-31,2025-01-31,24,24000,576000,48000,Paid,OP1135,Completed,0
RNT102872,EQX1244,CUST1114,SITE116,Mining Site,Hyderabad,2025-05-11,2025-05-24,2025-05-31,13,30000,600000,60000,Paid,OP1021,Overdue,7
RNT102873,EQX1188,CUST1029,SITE106,Harbor Expansion,Chennai,2025-05-02,2025-05-23,2025-05-23,21,30000,630000,60000,Paid,OP1149,Completed,0
RNT102874,EQX1064,CUST1014,SITE127,Industrial Park,Trichy,2025-05-08,2025-05-15,2025-05-15,7,18000,126000,36000,Paid,OP1188,Completed,0
RNT102875,EQX1257,CUST1042,SITE129,Highway Expansion,Mysore,2025-06-15,2025-07-09,2025-07-09,24,24000,576000,48000,Pending,OP1194,Completed,0
RNT102876,EQX1008,CUST1055,SITE102,Smart City Zone,Coimbatore,2025-06-06,2025-06-23,2025-06-23,17,30000,510000,60000,Paid,OP1081,Completed,0
RNT102877,EQX1276,CUST1038,SITE114,River Embankment,Bangalore,2025-05-28,2025-06-10,2025-06-10,13,25000,325000,50000,Paid,OP1003,Completed,0
RNT102878,EQX1037,CUST1099,SITE105,Industrial Park,Hyderabad,2025-02-04,2025-02-16,2025-02-16,12,25000,300000,50000,Paid,OP1172,Completed,0
RNT102879,EQX1161,CUST1009,SITE127,Highway Expansion,Bangalore,2025-02-12,2025-03-05,2025-03-05,21,30000,630000,60000,Paid,OP1099,Completed,0
RNT102880,EQX1041,CUST1010,SITE103,Bridge Construction,Trichy,2025-05-03,2025-05-05,2025-05-06,2,24000,72000,48000,Paid,OP1187,Overdue,1
RNT102881,EQX1032,CUST1063,SITE130,Industrial Park,Chennai,2025-05-29,2025-06-28,2025-06-28,30,24000,720000,48000,Paid,OP1057,Completed,0
RNT102882,EQX1299,CUST1099,SITE128,Metro Rail Project,Bangalore,2025-03-27,2025-04-26,2025-05-05,30,24000,936000,48000,Paid,OP1086,Overdue,9
RNT102883,EQX1161,CUST1065,SITE124,Airport Extension,Mysore,2025-04-05,2025-04-27,2025-04-27,22,30000,660000,60000,Paid,OP1145,Completed,0
RNT102884,EQX1244,CUST1032,SITE102,Industrial Park,Chennai,2025-04-30,2025-05-02,2025-05-02,2,30000,60000,60000,Paid,OP1111,Completed,0
RNT102885,EQX1220,CUST1023,SITE116,Harbor Expansion,Mysore,2025-01-14,2025-01-24,2025-01-24,10,30000,300000,60000,Partial,OP1082,Completed,0
RNT102886,EQX1159,CUST1100,SITE120,Highway Expansion,Chennai,2025-01-08,2025-01-21,2025-01-21,13,24000,312000,48000,Partial,OP1109,Completed,0
RNT102887,EQX1255,CUST1070,SITE128,Mining Site,Madurai,2025-03-20,2025-04-02,2025-04-02,13,12000,156000,24000,Paid,OP1041,Completed,0
RNT102888,EQX1083,CUST1026,SITE112,Industrial Park,Hyderabad,2025-06-06,2025-06-18,2025-06-20,12,25000,350000,50000,Paid,OP1104,Overdue,2
RNT102889,EQX1234,CUST1057,SITE123,Highway Expansion,Salem,2025-04-13,2025-05-13,2025-05-15,30,22000,704000,44000,Paid,OP1124,Overdue,2
RNT102890,EQX1216,CUST1086,SITE122,Smart City Zone,Madurai,2025-04-20,2025-05-15,2025-05-15,25,24000,600000,48000,Paid,OP1148,Completed,0
RNT102891,EQX1180,CUST1032,SITE130,Solar Power Plant,Bangalore,2025-02-05,2025-02-28,2025-03-10,23,18000,594000,36000,Paid,OP1180,Overdue,10
RNT102892,EQX1193,CUST1060,SITE101,Metro Rail Project,Trichy,2025-05-10,2025-05-15,2025-05-15,5,18000,90000,36000,Pending,OP1043,Completed,0
RNT102893,EQX1070,CUST1055,SITE112,Residential Township,Madurai,2025-04-19,2025-05-11,2025-05-11,22,24000,528000,48000,Paid,OP1101,Completed,0
RNT102894,EQX1141,CUST1079,SITE113,Bridge Construction,Coimbatore,2025-02-27,2025-03-21,2025-03-21,22,12000,264000,24000,Paid,OP1083,Completed,0
RNT102895,EQX1085,CUST1030,SITE126,Smart City Zone,Salem,2025-01-21,2025-02-16,2025-02-18,26,24000,672000,48000,Paid,OP1080,Overdue,2
RNT102896,EQX1252,CUST1034,SITE109,IT Park,Trichy,2025-04-13,2025-04-19,2025-04-19,6,18000,108000,36000,Paid,OP1039,Completed,0
RNT102897,EQX1201,CUST1049,SITE114,Highway Expansion,Trichy,2025-03-20,2025-04-07,2025-04-07,18,18000,324000,36000,Pending,OP1008,Completed,0
RNT102898,EQX1288,CUST1056,SITE118,Industrial Park,Hyderabad,2025-05-14,2025-06-04,2025-06-04,21,24000,504000,48000,Paid,OP1015,Completed,0
RNT102899,EQX1043,CUST1089,SITE111,Harbor Expansion,Chennai,2025-03-15,2025-04-03,2025-04-03,19,22000,418000,44000,Paid,OP1080,Completed,0
RNT102900,EQX1283,CUST1099,SITE107,Metro Rail Project,Chennai,2025-02-08,2025-02-22,2025-02-22,14,24000,336000,48000,Paid,OP1169,Completed,0
RNT102901,EQX1012,CUST1025,SITE103,IT Park,Chennai,2025-02-14,2025-03-10,2025-03-10,24,30000,720000,60000,Paid,OP1093,Completed,0
RNT102902,EQX1066,CUST1052,SITE109,Metro Rail Project,Madurai,2025-01-31,2025-03-01,2025-03-01,29,30000,870000,60000,Paid,OP1154,Completed,0
RNT102903,EQX1259,CUST1110,SITE123,Mining Site,Madurai,2025-01-01,2025-01-13,2025-01-13,12,22000,264000,44000,Pending,OP1123,Completed,0
RNT102904,EQX1083,CUST1118,SITE118,Bridge Construction,Salem,2025-02-05,2025-02-18,2025-02-27,13,25000,550000,50000,Paid,OP1110,Overdue,9
RNT102905,EQX1299,CUST1007,SITE121,IT Park,Hyderabad,2025-03-25,2025-04-17,2025-04-17,23,24000,552000,48000,Pending,OP1189,Completed,0
RNT102906,EQX1297,CUST1101,SITE107,Bridge Construction,Coimbatore,2025-05-10,2025-06-08,2025-06-08,29,12000,348000,24000,Paid,OP1027,Completed,0
RNT102907,EQX1234,CUST1099,SITE111,Airport Extension,Mysore,2025-04-11,2025-04-25,2025-04-25,14,22000,308000,44000,Paid,OP1179,Completed,0
RNT102908,EQX1069,CUST1008,SITE115,Metro Rail Project,Salem,2025-01-27,2025-02-02,2025-02-02,6,25000,150000,50000,Pending,OP1096,Completed,0
RNT102909,EQX1042,CUST1001,SITE127,Solar Power Plant,Coimbatore,2025-06-01,2025-06-12,2025-06-12,11,25000,275000,50000,Paid,OP1179,Completed,0
RNT102910,EQX1285,CUST1080,SITE119,Highway Expansion,Bangalore,2025-04-21,2025-04-27,2025-04-27,6,30000,180000,60000,Pending,OP1011,Completed,0
RNT102911,EQX1004,CUST1020,SITE112,Smart City Zone,Salem,2025-01-15,2025-01-23,2025-01-23,8,30000,240000,60000,Paid,OP1144,Completed,0
RNT102912,EQX1076,CUST1060,SITE118,Residential Township,Bangalore,2025-05-06,2025-05-25,2025-05-28,19,25000,550000,50000,Paid,OP1024,Overdue,3
RNT102913,EQX1108,CUST1030,SITE106,Bridge Construction,Coimbatore,2025-01-12,2025-02-05,2025-02-05,24,22000,528000,44000,Paid,OP1195,Completed,0
RNT102914,EQX1204,CUST1091,SITE120,River Embankment,Coimbatore,2025-01-16,2025-02-01,2025-02-01,16,30000,480000,60000,Paid,OP1189,Completed,0
RNT102915,EQX1122,CUST1066,SITE119,Airport Extension,Trichy,2025-05-13,2025-05-17,2025-05-17,4,18000,72000,36000,Paid,OP1129,Completed,0
RNT102916,EQX1147,CUST1011,SITE108,IT Park,Trichy,2025-03-11,2025-03-19,2025-03-19,8,22000,176000,44000,Paid,OP1181,Completed,0
RNT102917,EQX1145,CUST1030,SITE102,Residential Township,Mysore,2025-02-04,2025-02-25,2025-02-28,21,24000,576000,48000,Pending,OP1180,Overdue,3
RNT102918,EQX1034,CUST1033,SITE103,IT Park,Mysore,2025-06-10,2025-06-23,2025-06-23,13,25000,325000,50000,Paid,OP1122,Completed,0
RNT102919,EQX1190,CUST1040,SITE127,Harbor Expansion,Chennai,2025-05-08,2025-05-29,2025-05-29,21,25000,525000,50000,Paid,OP1150,Completed,0
RNT102920,EQX1009,CUST1104,SITE125,IT Park,Mysore,2025-06-27,2025-07-21,2025-07-21,24,12000,288000,24000,Paid,OP1024,Completed,0
RNT102921,EQX1296,CUST1067,SITE112,Bridge Construction,Bangalore,2025-05-15,2025-05-28,2025-05-28,13,30000,390000,60000,Paid,OP1061,Completed,0
RNT102922,EQX1239,CUST1063,SITE117,Residential Township,Salem,2025-03-01,2025-03-19,2025-03-19,18,22000,396000,44000,Paid,OP1145,Completed,0
RNT102923,EQX1047,CUST1036,SITE112,Solar Power Plant,Madurai,2025-04-22,2025-04-28,2025-04-28,6,24000,144000,48000,Paid,OP1100,Completed,0
RNT102924,EQX1148,CUST1027,SITE101,Airport Extension,Trichy,2025-06-25,2025-07-09,2025-07-14,14,22000,418000,44000,Paid,OP1107,Overdue,5
RNT102925,EQX1031,CUST1019,SITE117,Bridge Construction,Chennai,2025-02-28,2025-03-03,2025-03-03,3,18000,54000,36000,Paid,OP1064,Completed,0
RNT102926,EQX1038,CUST1024,SITE116,River Embankment,Madurai,2025-06-19,2025-06-24,2025-06-24,5,18000,90000,36000,Paid,OP1110,Completed,0
RNT102927,EQX1201,CUST1076,SITE127,IT Park,Madurai,2025-04-21,2025-05-17,2025-05-17,26,18000,468000,36000,Paid,OP1090,Completed,0
RNT102928,EQX1124,CUST1079,SITE112,Mining Site,Coimbatore,2025-03-05,2025-03-30,2025-03-30,25,18000,450000,36000,Pending,OP1133,Completed,0
RNT102929,EQX1132,CUST1053,SITE102,Airport Extension,Mysore,2025-05-16,2025-05-22,2025-05-25,6,30000,270000,60000,Partial,OP1077,Overdue,3
RNT102930,EQX1266,CUST1054,SITE121,Mining Site,Trichy,2025-01-06,2025-01-27,2025-01-27,21,30000,630000,60000,Paid,OP1020,Completed,0
RNT102931,EQX1152,CUST1117,SITE119,Highway Expansion,Mysore,2025-04-20,2025-05-04,2025-05-13,14,18000,414000,36000,Paid,OP1177,Overdue,9
RNT102932,EQX1108,CUST1088,SITE121,Residential Township,Mysore,2025-04-17,2025-05-15,2025-05-15,28,22000,616000,44000,Paid,OP1162,Completed,0
RNT102933,EQX1113,CUST1077,SITE123,IT Park,Salem,2025-04-23,2025-05-18,2025-05-18,25,30000,750000,60000,Partial,OP1137,Completed,0
RNT102934,EQX1020,CUST1003,SITE122,Smart City Zone,Coimbatore,2025-04-13,2025-04-21,2025-04-27,8,30000,420000,60000,Paid,OP1110,Overdue,6
RNT102935,EQX1068,CUST1036,SITE117,Industrial Park,Coimbatore,2025-03-29,2025-04-28,2025-05-05,30,18000,666000,36000,Paid,OP1067,Overdue,7
RNT102936,EQX1190,CUST1012,SITE130,IT Park,Coimbatore,2025-04-24,2025-05-16,2025-05-26,22,25000,800000,50000,Paid,OP1164,Overdue,10
RNT102937,EQX1139,CUST1013,SITE130,River Embankment,Coimbatore,2025-02-16,2025-02-20,2025-02-20,4,30000,120000,60000,Paid,OP1046,Completed,0
RNT102938,EQX1011,CUST1081,SITE103,Residential Township,Coimbatore,2025-02-01,2025-02-23,2025-02-23,22,25000,550000,50000,Paid,OP1059,Completed,0
RNT102939,EQX1115,CUST1079,SITE125,Harbor Expansion,Bangalore,2025-03-31,2025-04-30,2025-04-30,30,18000,540000,36000,Paid,OP1173,Completed,0
RNT102940,EQX1163,CUST1087,SITE127,Mining Site,Madurai,2025-02-27,2025-03-04,2025-03-04,5,25000,125000,50000,Paid,OP1042,Completed,0
RNT102941,EQX1034,CUST1038,SITE130,Mining Site,Hyderabad,2025-05-16,2025-06-04,2025-06-06,19,25000,525000,50000,Paid,OP1055,Overdue,2
RNT102942,EQX1192,CUST1008,SITE106,Solar Power Plant,Hyderabad,2025-03-07,2025-03-18,2025-03-18,11,12000,132000,24000,Paid,OP1197,Completed,0
RNT102943,EQX1089,CUST1015,SITE118,Metro Rail Project,Salem,2025-02-23,2025-03-04,2025-03-04,9,18000,162000,36000,Paid,OP1115,Completed,0
RNT102944,EQX1162,CUST1087,SITE116,IT Park,Salem,2025-02-06,2025-02-16,2025-02-22,10,25000,400000,50000,Paid,OP1194,Overdue,6
RNT102945,EQX1058,CUST1024,SITE125,Harbor Expansion,Trichy,2025-03-05,2025-03-28,2025-03-28,23,30000,690000,60000,Paid,OP1029,Completed,0
RNT102946,EQX1196,CUST1096,SITE106,River Embankment,Salem,2025-03-25,2025-04-22,2025-04-22,28,22000,616000,44000,Paid,OP1054,Completed,0
RNT102947,EQX1069,CUST1086,SITE112,IT Park,Mysore,2025-03-30,2025-04-02,2025-04-02,3,25000,75000,50000,Paid,OP1163,Completed,0
RNT102948,EQX1065,CUST1101,SITE112,IT Park,Bangalore,2025-05-06,2025-05-20,2025-05-20,14,25000,350000,50000,Partial,OP1138,Completed,0
RNT102949,EQX1299,CUST1097,SITE124,Metro Rail Project,Trichy,2025-06-09,2025-06-12,2025-06-12,3,24000,72000,48000,Paid,OP1085,Completed,0
RNT102950,EQX1216,CUST1092,SITE119,Highway Expansion,Madurai,2025-04-20,2025-04-22,2025-05-01,2,24000,264000,48000,Paid,OP1133,Overdue,9
RNT102951,EQX1285,CUST1067,SITE111,IT Park,Coimbatore,2025-01-28,2025-02-02,2025-02-02,5,30000,150000,60000,Paid,OP1042,Completed,0
RNT102952,EQX1161,CUST1025,SITE126,Metro Rail Project,Salem,2025-05-07,2025-06-05,2025-06-11,29,30000,1050000,60000,Paid,OP1130,Overdue,6
RNT102953,EQX1246,CUST1117,SITE128,Highway Expansion,Coimbatore,2025-02-28,2025-03-20,2025-03-20,20,22000,440000,44000,Paid,OP1151,Completed,0
RNT102954,EQX1280,CUST1104,SITE114,IT Park,Bangalore,2025-02-13,2025-03-15,2025-03-19,30,18000,612000,36000,Paid,OP1112,Overdue,4
RNT102955,EQX1191,CUST1059,SITE118,IT Park,Bangalore,2025-05-11,2025-05-29,2025-06-05,18,24000,600000,48000,Paid,OP1192,Overdue,7
RNT102956,EQX1014,CUST1032,SITE128,River Embankment,Madurai,2025-05-03,2025-05-15,2025-05-15,12,12000,144000,24000,Paid,OP1010,Completed,0
RNT102957,EQX1214,CUST1019,SITE104,Airport Extension,Madurai,2025-03-13,2025-03-18,2025-03-18,5,24000,120000,48000,Paid,OP1076,Completed,0
RNT102958,EQX1260,CUST1075,SITE128,Highway Expansion,Trichy,2025-02-05,2025-02-22,2025-02-24,17,30000,570000,60000,Partial,OP1007,Overdue,2
RNT102959,EQX1079,CUST1093,SITE119,IT Park,Bangalore,2025-04-11,2025-04-29,2025-04-29,18,12000,216000,24000,Paid,OP1009,Completed,0
RNT102960,EQX1063,CUST1055,SITE107,Industrial Park,Bangalore,2025-05-07,2025-06-04,2025-06-04,28,25000,700000,50000,Paid,OP1013,Completed,0
RNT102961,EQX1204,CUST1024,SITE117,Airport Extension,Coimbatore,2025-05-27,2025-06-25,2025-06-30,29,30000,1020000,60000,Partial,OP1028,Overdue,5
RNT102962,EQX1047,CUST1005,SITE127,Bridge Construction,Mysore,2025-02-23,2025-03-11,2025-03-21,16,24000,624000,48000,Paid,OP1056,Overdue,10
RNT102963,EQX1229,CUST1023,SITE115,Industrial Park,Salem,2025-04-16,2025-05-06,2025-05-06,20,22000,440000,44000,Paid,OP1102,Completed,0
RNT102964,EQX1010,CUST1120,SITE114,Bridge Construction,Madurai,2025-03-03,2025-03-31,2025-03-31,28,25000,700000,50000,Partial,OP1134,Completed,0
RNT102965,EQX1058,CUST1073,SITE106,Bridge Construction,Chennai,2025-04-20,2025-05-14,2025-05-14,24,30000,720000,60000,Paid,OP1176,Completed,0
RNT102966,EQX1124,CUST1001,SITE116,Residential Township,Salem,2025-01-06,2025-01-25,2025-01-25,19,18000,342000,36000,Paid,OP1045,Completed,0
RNT102967,EQX1065,CUST1059,SITE103,IT Park,Bangalore,2025-02-28,2025-03-24,2025-03-24,24,25000,600000,50000,Paid,OP1053,Completed,0
RNT102968,EQX1153,CUST1005,SITE122,Airport Extension,Mysore,2025-05-21,2025-06-18,2025-06-20,28,24000,720000,48000,Paid,OP1166,Overdue,2
RNT102969,EQX1094,CUST1081,SITE128,IT Park,Hyderabad,2025-03-14,2025-04-13,2025-04-13,30,30000,900000,60000,Partial,OP1072,Completed,0
RNT102970,EQX1182,CUST1003,SITE105,River Embankment,Trichy,2025-02-10,2025-02-23,2025-02-23,13,22000,286000,44000,Paid,OP1198,Completed,0
RNT102971,EQX1157,CUST1058,SITE103,Harbor Expansion,Trichy,2025-02-22,2025-03-16,2025-03-16,22,30000,660000,60000,Paid,OP1136,Completed,0
RNT102972,EQX1195,CUST1042,SITE108,Residential Township,Coimbatore,2025-01-07,2025-01-10,2025-01-10,3,18000,54000,36000,Paid,OP1002,Completed,0
RNT102973,EQX1204,CUST1103,SITE118,Solar Power Plant,Bangalore,2025-03-11,2025-03-20,2025-03-21,9,30000,300000,60000,Paid,OP1080,Overdue,1
RNT102974,EQX1115,CUST1095,SITE120,Solar Power Plant,Madurai,2025-06-20,2025-07-03,2025-07-12,13,18000,396000,36000,Paid,OP1114,Overdue,9
RNT102975,EQX1249,CUST1028,SITE121,Smart City Zone,Coimbatore,2025-03-28,2025-04-03,2025-04-03,6,18000,108000,36000,Paid,OP1004,Completed,0
RNT102976,EQX1091,CUST1118,SITE120,IT Park,Mysore,2025-03-07,2025-03-18,2025-03-18,11,25000,275000,50000,Pending,OP1070,Completed,0
RNT102977,EQX1086,CUST1104,SITE105,Harbor Expansion,Mysore,2025-06-02,2025-06-09,2025-06-09,7,18000,126000,36000,Paid,OP1100,Completed,0
RNT102978,EQX1004,CUST1013,SITE115,River Embankment,Trichy,2025-01-30,2025-02-03,2025-02-03,4,30000,120000,60000,Partial,OP1136,Completed,0
RNT102979,EQX1224,CUST1001,SITE121,Smart City Zone,Madurai,2025-01-19,2025-02-16,2025-02-16,28,22000,616000,44000,Partial,OP1133,Completed,0
RNT102980,EQX1185,CUST1080,SITE122,River Embankment,Salem,2025-05-08,2025-05-12,2025-05-12,4,30000,120000,60000,Paid,OP1051,Completed,0
RNT102981,EQX1278,CUST1120,SITE115,IT Park,Madurai,2025-02-24,2025-03-22,2025-03-31,26,22000,770000,44000,Pending,OP1149,Overdue,9
RNT102982,EQX1217,CUST1012,SITE112,Smart City Zone,Salem,2025-01-22,2025-02-16,2025-02-16,25,18000,450000,36000,Paid,OP1015,Completed,0
RNT102983,EQX1075,CUST1114,SITE105,Mining Site,Bangalore,2025-04-19,2025-05-02,2025-05-07,13,18000,324000,36000,Partial,OP1147,Overdue,5
RNT102984,EQX1200,CUST1090,SITE122,Industrial Park,Chennai,2025-02-11,2025-02-28,2025-03-07,17,18000,432000,36000,Pending,OP1016,Overdue,7
RNT102985,EQX1084,CUST1060,SITE101,Industrial Park,Salem,2025-06-10,2025-06-15,2025-06-24,5,12000,168000,24000,Paid,OP1133,Overdue,9
RNT102986,EQX1144,CUST1119,SITE103,Mining Site,Mysore,2025-04-15,2025-04-25,2025-04-25,10,18000,180000,36000,Paid,OP1076,Completed,0
RNT102987,EQX1137,CUST1081,SITE113,Mining Site,Hyderabad,2025-03-14,2025-03-22,2025-03-22,8,18000,144000,36000,Paid,OP1097,Completed,0
RNT102988,EQX1229,CUST1064,SITE128,River Embankment,Coimbatore,2025-03-29,2025-04-08,2025-04-08,10,22000,220000,44000,Paid,OP1078,Completed,0
RNT102989,EQX1088,CUST1113,SITE110,Mining Site,Madurai,2025-02-08,2025-02-20,2025-02-20,12,18000,216000,36000,Paid,OP1024,Completed,0
RNT102990,EQX1244,CUST1005,SITE105,Bridge Construction,Salem,2025-03-08,2025-04-02,2025-04-02,25,30000,750000,60000,Paid,OP1117,Completed,0
RNT102991,EQX1109,CUST1119,SITE127,Smart City Zone,Salem,2025-06-06,2025-07-04,2025-07-13,28,24000,888000,48000,Paid,OP1051,Overdue,9
RNT102992,EQX1147,CUST1102,SITE104,Airport Extension,Salem,2025-05-16,2025-05-28,2025-05-28,12,22000,264000,44000,Paid,OP1096,Completed,0
RNT102993,EQX1056,CUST1009,SITE108,Highway Expansion,Mysore,2025-03-14,2025-04-12,2025-04-12,29,22000,638000,44000,Pending,OP1167,Completed,0
RNT102994,EQX1038,CUST1103,SITE113,Bridge Construction,Coimbatore,2025-03-21,2025-04-19,2025-04-19,29,18000,522000,36000,Paid,OP1143,Completed,0
RNT102995,EQX1057,CUST1013,SITE111,Mining Site,Mysore,2025-02-20,2025-03-15,2025-03-19,23,22000,594000,44000,Paid,OP1059,Overdue,4
RNT102996,EQX1184,CUST1078,SITE130,Smart City Zone,Hyderabad,2025-05-18,2025-05-29,2025-05-29,11,24000,264000,48000,Paid,OP1099,Completed,0
RNT102997,EQX1185,CUST1117,SITE124,Solar Power Plant,Trichy,2025-05-20,2025-06-19,2025-06-27,30,30000,1140000,60000,Pending,OP1166,Overdue,8
RNT102998,EQX1019,CUST1052,SITE105,Airport Extension,Coimbatore,2025-01-20,2025-02-15,2025-02-15,26,25000,650000,50000,Paid,OP1072,Completed,0
RNT102999,EQX1035,CUST1098,SITE105,Bridge Construction,Trichy,2025-03-25,2025-04-12,2025-04-15,18,22000,462000,44000,Pending,OP1165,Overdue,3
RNT103000,EQX1066,CUST1089,SITE127,River Embankment,Madurai,2025-02-13,2025-03-14,2025-03-14,29,30000,870000,60000,Paid,OP1145,Completed,0
RNT103001,EQX1088,CUST1045,SITE115,Residential Township,Trichy,2025-06-15,2025-06-22,2025-06-22,7,18000,126000,36000,Paid,OP1094,Completed,0
RNT103002,EQX1184,CUST1105,SITE102,Bridge Construction,Chennai,2025-04-24,2025-05-02,2025-05-02,8,24000,192000,48000,Paid,OP1135,Completed,0
RNT103003,EQX1207,CUST1067,SITE107,Harbor Expansion,Bangalore,2025-01-22,2025-02-13,2025-02-22,22,30000,930000,60000,Paid,OP1074,Overdue,9
RNT103004,EQX1213,CUST1004,SITE114,Residential Township,Salem,2025-02-23,2025-03-12,2025-03-12,17,12000,204000,24000,Partial,OP1143,Completed,0
RNT103005,EQX1213,CUST1078,SITE109,Residential Township,Hyderabad,2025-01-06,2025-01-15,2025-01-15,9,12000,108000,24000,Paid,OP1113,Completed,0
RNT103006,EQX1151,CUST1002,SITE102,Highway Expansion,Trichy,2025-01-19,2025-02-18,2025-02-18,30,18000,540000,36000,Paid,OP1112,Completed,0
RNT103007,EQX1147,CUST1044,SITE120,Industrial Park,Salem,2025-04-20,2025-05-17,2025-05-17,27,22000,594000,44000,Paid,OP1082,Completed,0
RNT103008,EQX1164,CUST1003,SITE126,Bridge Construction,Mysore,2025-02-12,2025-02-24,2025-02-24,12,30000,360000,60000,Paid,OP1152,Completed,0
RNT103009,EQX1015,CUST1118,SITE110,River Embankment,Chennai,2025-06-12,2025-06-23,2025-06-23,11,22000,242000,44000,Paid,OP1046,Completed,0
RNT103010,EQX1042,CUST1032,SITE118,Industrial Park,Mysore,2025-01-04,2025-01-18,2025-01-18,14,25000,350000,50000,Paid,OP1192,Completed,0
RNT103011,EQX1050,CUST1005,SITE104,IT Park,Bangalore,2025-06-08,2025-06-25,2025-07-01,17,18000,414000,36000,Pending,OP1038,Overdue,6
RNT103012,EQX1091,CUST1005,SITE125,Metro Rail Project,Trichy,2025-02-23,2025-02-27,2025-03-04,4,25000,225000,50000,Partial,OP1015,Overdue,5
RNT103013,EQX1264,CUST1103,SITE116,Highway Expansion,Bangalore,2025-05-06,2025-05-21,2025-05-21,15,22000,330000,44000,Paid,OP1024,Completed,0
RNT103014,EQX1265,CUST1066,SITE120,Smart City Zone,Coimbatore,2025-04-06,2025-04-21,2025-04-21,15,22000,330000,44000,Paid,OP1024,Completed,0
RNT103015,EQX1124,CUST1116,SITE129,Highway Expansion,Bangalore,2025-04-27,2025-05-02,2025-05-02,5,18000,90000,36000,Pending,OP1162,Completed,0
RNT103016,EQX1205,CUST1095,SITE125,Industrial Park,Trichy,2025-02-05,2025-02-28,2025-03-05,23,18000,504000,36000,Paid,OP1199,Overdue,5
RNT103017,EQX1223,CUST1041,SITE105,Solar Power Plant,Chennai,2025-04-28,2025-05-09,2025-05-09,11,30000,330000,60000,Partial,OP1034,Completed,0
RNT103018,EQX1111,CUST1004,SITE106,Industrial Park,Hyderabad,2025-02-17,2025-02-22,2025-02-22,5,22000,110000,44000,Paid,OP1012,Completed,0
RNT103019,EQX1044,CUST1066,SITE126,Metro Rail Project,Coimbatore,2025-03-15,2025-03-28,2025-03-28,13,24000,312000,48000,Paid,OP1074,Completed,0
RNT103020,EQX1201,CUST1008,SITE105,River Embankment,Trichy,2025-06-09,2025-06-30,2025-06-30,21,18000,378000,36000,Paid,OP1128,Completed,0
RNT103021,EQX1052,CUST1084,SITE114,Smart City Zone,Hyderabad,2025-05-27,2025-06-21,2025-06-24,25,24000,672000,48000,Paid,OP1148,Overdue,3
RNT103022,EQX1188,CUST1060,SITE107,Residential Township,Trichy,2025-01-24,2025-01-30,2025-01-30,6,30000,180000,60000,Paid,OP1195,Completed,0
RNT103023,EQX1180,CUST1095,SITE107,River Embankment,Hyderabad,2025-06-19,2025-06-25,2025-06-25,6,18000,108000,36000,Paid,OP1043,Completed,0
RNT103024,EQX1191,CUST1051,SITE104,Solar Power Plant,Chennai,2025-06-02,2025-06-10,2025-06-10,8,24000,192000,48000,Paid,OP1064,Completed,0
RNT103025,EQX1201,CUST1069,SITE119,Industrial Park,Madurai,2025-01-13,2025-02-09,2025-02-09,27,18000,486000,36000,Paid,OP1046,Completed,0
RNT103026,EQX1180,CUST1097,SITE127,Metro Rail Project,Mysore,2025-05-30,2025-06-23,2025-06-23,24,18000,432000,36000,Paid,OP1166,Completed,0
RNT103027,EQX1293,CUST1111,SITE121,Mining Site,Hyderabad,2025-02-22,2025-03-10,2025-03-10,16,18000,288000,36000,Paid,OP1142,Completed,0
RNT103028,EQX1197,CUST1077,SITE120,Harbor Expansion,Chennai,2025-02-08,2025-02-13,2025-02-13,5,25000,125000,50000,Paid,OP1108,Completed,0
RNT103029,EQX1155,CUST1077,SITE102,Smart City Zone,Salem,2025-02-16,2025-03-11,2025-03-11,23,18000,414000,36000,Partial,OP1098,Completed,0
RNT103030,EQX1072,CUST1044,SITE122,Residential Township,Mysore,2025-02-28,2025-03-19,2025-03-19,19,18000,342000,36000,Pending,OP1072,Completed,0
RNT103031,EQX1280,CUST1027,SITE103,Harbor Expansion,Mysore,2025-01-07,2025-01-22,2025-01-22,15,18000,270000,36000,Partial,OP1094,Completed,0
RNT103032,EQX1011,CUST1102,SITE111,Harbor Expansion,Chennai,2025-01-11,2025-02-01,2025-02-01,21,25000,525000,50000,Paid,OP1023,Completed,0
RNT103033,EQX1004,CUST1099,SITE103,Industrial Park,Trichy,2025-04-25,2025-05-12,2025-05-12,17,30000,510000,60000,Paid,OP1007,Completed,0
RNT103034,EQX1003,CUST1054,SITE118,Solar Power Plant,Madurai,2025-01-30,2025-02-06,2025-02-10,7,25000,275000,50000,Paid,OP1178,Overdue,4
RNT103035,EQX1061,CUST1114,SITE106,Harbor Expansion,Mysore,2025-02-11,2025-03-12,2025-03-12,29,24000,696000,48000,Paid,OP1066,Completed,0
RNT103036,EQX1275,CUST1120,SITE124,Solar Power Plant,Hyderabad,2025-06-28,2025-07-11,2025-07-11,13,18000,234000,36000,Paid,OP1139,Completed,0
RNT103037,EQX1167,CUST1020,SITE104,Airport Extension,Madurai,2025-01-25,2025-02-13,2025-02-13,19,24000,456000,48000,Paid,OP1077,Completed,0
RNT103038,EQX1027,CUST1110,SITE114,Highway Expansion,Chennai,2025-01-03,2025-01-22,2025-01-22,19,25000,475000,50000,Paid,OP1075,Completed,0
RNT103039,EQX1009,CUST1048,SITE121,Mining Site,Mysore,2025-06-13,2025-07-10,2025-07-10,27,12000,324000,24000,Pending,OP1012,Completed,0
RNT103040,EQX1178,CUST1044,SITE118,Residential Township,Trichy,2025-01-19,2025-02-08,2025-02-08,20,22000,440000,44000,Paid,OP1097,Completed,0
RNT103041,EQX1181,CUST1007,SITE126,IT Park,Chennai,2025-02-21,2025-03-13,2025-03-13,20,22000,440000,44000,Paid,OP1107,Completed,0
RNT103042,EQX1205,CUST1043,SITE128,Harbor Expansion,Chennai,2025-01-04,2025-01-17,2025-01-17,13,18000,234000,36000,Paid,OP1097,Completed,0
RNT103043,EQX1046,CUST1052,SITE118,Mining Site,Coimbatore,2025-02-11,2025-03-01,2025-03-01,18,22000,396000,44000,Paid,OP1065,Completed,0
RNT103044,EQX1016,CUST1010,SITE120,River Embankment,Coimbatore,2025-02-10,2025-02-28,2025-02-28,18,24000,432000,48000,Paid,OP1139,Completed,0
RNT103045,EQX1297,CUST1005,SITE118,Metro Rail Project,Chennai,2025-01-29,2025-02-11,2025-02-17,13,12000,228000,24000,Paid,OP1122,Overdue,6
RNT103046,EQX1018,CUST1045,SITE102,Industrial Park,Hyderabad,2025-03-13,2025-04-05,2025-04-05,23,22000,506000,44000,Partial,OP1021,Completed,0
RNT103047,EQX1222,CUST1107,SITE118,River Embankment,Bangalore,2025-05-06,2025-05-21,2025-05-21,15,22000,330000,44000,Partial,OP1128,Completed,0
RNT103048,EQX1206,CUST1043,SITE125,Metro Rail Project,Coimbatore,2025-06-24,2025-06-27,2025-06-27,3,22000,66000,44000,Pending,OP1165,Completed,0
RNT103049,EQX1210,CUST1097,SITE119,Airport Extension,Chennai,2025-06-23,2025-07-10,2025-07-10,17,30000,510000,60000,Paid,OP1007,Completed,0
RNT103050,EQX1196,CUST1051,SITE127,Airport Extension,Trichy,2025-04-06,2025-04-21,2025-04-24,15,22000,396000,44000,Partial,OP1155,Overdue,3
RNT103051,EQX1012,CUST1008,SITE117,Solar Power Plant,Salem,2025-06-01,2025-06-26,2025-06-26,25,30000,750000,60000,Paid,OP1063,Completed,0
RNT103052,EQX1134,CUST1007,SITE124,Airport Extension,Bangalore,2025-02-14,2025-02-25,2025-02-25,11,24000,264000,48000,Paid,OP1196,Completed,0
RNT103053,EQX1067,CUST1071,SITE124,Residential Township,Coimbatore,2025-05-29,2025-06-20,2025-06-20,22,24000,528000,48000,Paid,OP1056,Completed,0
RNT103054,EQX1239,CUST1011,SITE119,Mining Site,Madurai,2025-02-27,2025-03-15,2025-03-15,16,22000,352000,44000,Partial,OP1198,Completed,0
RNT103055,EQX1037,CUST1080,SITE123,IT Park,Madurai,2025-04-05,2025-05-02,2025-05-12,27,25000,925000,50000,Paid,OP1158,Overdue,10
RNT103056,EQX1245,CUST1045,SITE109,Solar Power Plant,Mysore,2025-04-24,2025-05-05,2025-05-05,11,25000,275000,50000,Paid,OP1075,Completed,0
RNT103057,EQX1240,CUST1022,SITE103,Residential Township,Bangalore,2025-02-19,2025-02-23,2025-02-23,4,22000,88000,44000,Paid,OP1105,Completed,0
RNT103058,EQX1176,CUST1026,SITE126,Industrial Park,Salem,2025-03-19,2025-03-21,2025-03-21,2,30000,60000,60000,Paid,OP1014,Completed,0
RNT103059,EQX1217,CUST1062,SITE123,Bridge Construction,Salem,2025-02-14,2025-02-24,2025-02-24,10,18000,180000,36000,Paid,OP1101,Completed,0
RNT103060,EQX1015,CUST1116,SITE104,Harbor Expansion,Coimbatore,2025-05-01,2025-05-03,2025-05-03,2,22000,44000,44000,Paid,OP1144,Completed,0
RNT103061,EQX1004,CUST1043,SITE105,Solar Power Plant,Coimbatore,2025-02-14,2025-02-25,2025-02-25,11,30000,330000,60000,Paid,OP1166,Completed,0
RNT103062,EQX1216,CUST1017,SITE110,Metro Rail Project,Chennai,2025-03-25,2025-04-04,2025-04-04,10,24000,240000,48000,Paid,OP1005,Completed,0
RNT103063,EQX1151,CUST1006,SITE128,Industrial Park,Bangalore,2025-03-14,2025-04-10,2025-04-10,27,18000,486000,36000,Paid,OP1127,Completed,0
RNT103064,EQX1152,CUST1118,SITE105,IT Park,Trichy,2025-05-26,2025-06-01,2025-06-01,6,18000,108000,36000,Paid,OP1039,Completed,0
RNT103065,EQX1103,CUST1118,SITE115,Industrial Park,Mysore,2025-03-13,2025-03-23,2025-03-23,10,25000,250000,50000,Paid,OP1194,Completed,0
RNT103066,EQX1243,CUST1078,SITE105,River Embankment,Salem,2025-05-18,2025-06-06,2025-06-06,19,30000,570000,60000,Paid,OP1021,Completed,0
RNT103067,EQX1215,CUST1120,SITE105,Highway Expansion,Bangalore,2025-03-13,2025-03-29,2025-03-29,16,12000,192000,24000,Paid,OP1018,Completed,0
RNT103068,EQX1272,CUST1004,SITE107,Industrial Park,Coimbatore,2025-06-22,2025-07-06,2025-07-06,14,30000,420000,60000,Partial,OP1042,Completed,0
RNT103069,EQX1055,CUST1116,SITE111,Mining Site,Mysore,2025-01-28,2025-01-31,2025-01-31,3,25000,75000,50000,Paid,OP1044,Completed,0
RNT103070,EQX1117,CUST1103,SITE110,Bridge Construction,Madurai,2025-02-24,2025-03-03,2025-03-03,7,18000,126000,36000,Paid,OP1158,Completed,0
RNT103071,EQX1055,CUST1049,SITE103,IT Park,Mysore,2025-03-08,2025-03-15,2025-03-15,7,25000,175000,50000,Paid,OP1133,Completed,0
RNT103072,EQX1171,CUST1100,SITE104,Smart City Zone,Madurai,2025-01-02,2025-01-09,2025-01-10,7,22000,176000,44000,Paid,OP1124,Overdue,1
RNT103073,EQX1240,CUST1078,SITE113,Solar Power Plant,Hyderabad,2025-05-10,2025-06-01,2025-06-01,22,22000,484000,44000,Paid,OP1055,Completed,0
RNT103074,EQX1165,CUST1056,SITE106,Industrial Park,Chennai,2025-03-02,2025-03-28,2025-03-28,26,25000,650000,50000,Paid,OP1053,Completed,0
RNT103075,EQX1070,CUST1096,SITE128,IT Park,Hyderabad,2025-01-13,2025-02-04,2025-02-04,22,24000,528000,48000,Paid,OP1027,Completed,0
RNT103076,EQX1166,CUST1032,SITE124,Airport Extension,Salem,2025-06-06,2025-06-16,2025-06-16,10,22000,220000,44000,Pending,OP1082,Completed,0
RNT103077,EQX1158,CUST1032,SITE104,Solar Power Plant,Hyderabad,2025-01-16,2025-01-22,2025-01-22,6,24000,144000,48000,Paid,OP1150,Completed,0
RNT103078,EQX1044,CUST1086,SITE108,Industrial Park,Salem,2025-03-02,2025-03-29,2025-03-29,27,24000,648000,48000,Pending,OP1166,Completed,0
RNT103079,EQX1145,CUST1071,SITE117,Industrial Park,Coimbatore,2025-04-17,2025-04-27,2025-04-27,10,24000,240000,48000,Partial,OP1043,Completed,0
RNT103080,EQX1086,CUST1022,SITE106,Metro Rail Project,Salem,2025-05-20,2025-05-28,2025-06-07,8,18000,324000,36000,Paid,OP1013,Overdue,10
RNT103081,EQX1081,CUST1069,SITE127,Solar Power Plant,Bangalore,2025-04-15,2025-04-22,2025-04-22,7,22000,154000,44000,Paid,OP1060,Completed,0
RNT103082,EQX1198,CUST1001,SITE117,Residential Township,Madurai,2025-04-20,2025-04-24,2025-04-24,4,24000,96000,48000,Paid,OP1007,Completed,0
RNT103083,EQX1132,CUST1042,SITE129,Mining Site,Mysore,2025-05-17,2025-05-23,2025-05-24,6,30000,210000,60000,Paid,OP1162,Overdue,1
RNT103084,EQX1138,CUST1074,SITE114,Airport Extension,Hyderabad,2025-06-18,2025-06-27,2025-06-27,9,22000,198000,44000,Paid,OP1033,Completed,0
RNT103085,EQX1112,CUST1043,SITE105,Metro Rail Project,Coimbatore,2025-06-10,2025-07-03,2025-07-05,23,30000,750000,60000,Paid,OP1029,Overdue,2
RNT103086,EQX1270,CUST1084,SITE109,Airport Extension,Salem,2025-02-24,2025-03-10,2025-03-10,14,18000,252000,36000,Paid,OP1053,Completed,0
RNT103087,EQX1053,CUST1108,SITE112,Residential Township,Coimbatore,2025-06-22,2025-07-14,2025-07-14,22,18000,396000,36000,Partial,OP1141,Completed,0
RNT103088,EQX1136,CUST1053,SITE120,Airport Extension,Chennai,2025-06-12,2025-07-02,2025-07-09,20,24000,648000,48000,Paid,OP1022,Overdue,7
RNT103089,EQX1082,CUST1022,SITE121,Residential Township,Madurai,2025-03-27,2025-04-19,2025-04-19,23,12000,276000,24000,Pending,OP1159,Completed,0
RNT103090,EQX1098,CUST1025,SITE122,Solar Power Plant,Trichy,2025-06-01,2025-06-19,2025-06-22,18,30000,630000,60000,Paid,OP1058,Overdue,3
RNT103091,EQX1300,CUST1012,SITE102,IT Park,Madurai,2025-02-07,2025-02-22,2025-02-22,15,24000,360000,48000,Paid,OP1107,Completed,0
RNT103092,EQX1101,CUST1052,SITE109,Solar Power Plant,Madurai,2025-03-13,2025-04-01,2025-04-03,19,24000,504000,48000,Paid,OP1091,Overdue,2
RNT103093,EQX1031,CUST1069,SITE130,Solar Power Plant,Madurai,2025-01-10,2025-02-06,2025-02-06,27,18000,486000,36000,Paid,OP1022,Completed,0
RNT103094,EQX1098,CUST1113,SITE128,Metro Rail Project,Bangalore,2025-01-18,2025-01-21,2025-01-21,3,30000,90000,60000,Paid,OP1022,Completed,0
RNT103095,EQX1177,CUST1120,SITE116,Metro Rail Project,Bangalore,2025-06-01,2025-06-21,2025-06-22,20,25000,525000,50000,Paid,OP1045,Overdue,1
RNT103096,EQX1286,CUST1010,SITE116,Harbor Expansion,Coimbatore,2025-03-16,2025-04-03,2025-04-03,18,18000,324000,36000,Paid,OP1164,Completed,0
RNT103097,EQX1088,CUST1036,SITE115,Mining Site,Mysore,2025-02-01,2025-03-02,2025-03-02,29,18000,522000,36000,Paid,OP1006,Completed,0
RNT103098,EQX1247,CUST1057,SITE109,Highway Expansion,Salem,2025-01-09,2025-01-24,2025-01-24,15,12000,180000,24000,Paid,OP1079,Completed,0
RNT103099,EQX1263,CUST1022,SITE113,Solar Power Plant,Chennai,2025-04-01,2025-04-26,2025-04-26,25,18000,450000,36000,Paid,OP1013,Completed,0
RNT103100,EQX1209,CUST1010,SITE107,Residential Township,Coimbatore,2025-01-04,2025-01-20,2025-01-20,16,18000,288000,36000,Pending,OP1029,Completed,0
RNT103101,EQX1201,CUST1050,SITE110,Solar Power Plant,Madurai,2025-06-12,2025-06-21,2025-06-21,9,18000,162000,36000,Paid,OP1116,Completed,0
RNT103102,EQX1176,CUST1109,SITE129,Solar Power Plant,Mysore,2025-05-10,2025-06-04,2025-06-05,25,30000,780000,60000,Paid,OP1010,Overdue,1
RNT103103,EQX1046,CUST1069,SITE107,Mining Site,Salem,2025-06-06,2025-06-11,2025-06-11,5,22000,110000,44000,Partial,OP1082,Completed,0
RNT103104,EQX1078,CUST1032,SITE101,Mining Site,Mysore,2025-06-01,2025-06-08,2025-06-08,7,12000,84000,24000,Paid,OP1096,Completed,0
RNT103105,EQX1089,CUST1090,SITE114,Harbor Expansion,Bangalore,2025-05-12,2025-05-31,2025-06-08,19,18000,486000,36000,Paid,OP1069,Overdue,8
RNT103106,EQX1094,CUST1112,SITE105,River Embankment,Trichy,2025-05-12,2025-05-23,2025-05-23,11,30000,330000,60000,Paid,OP1147,Completed,0
RNT103107,EQX1136,CUST1082,SITE107,Residential Township,Madurai,2025-01-14,2025-02-06,2025-02-06,23,24000,552000,48000,Paid,OP1003,Completed,0
RNT103108,EQX1213,CUST1007,SITE109,Mining Site,Hyderabad,2025-01-20,2025-02-10,2025-02-10,21,12000,252000,24000,Paid,OP1132,Completed,0
RNT103109,EQX1061,CUST1034,SITE114,River Embankment,Coimbatore,2025-01-17,2025-02-14,2025-02-18,28,24000,768000,48000,Paid,OP1001,Overdue,4
RNT103110,EQX1054,CUST1082,SITE109,Airport Extension,Trichy,2025-06-06,2025-06-11,2025-06-11,5,12000,60000,24000,Partial,OP1072,Completed,0
RNT103111,EQX1111,CUST1071,SITE102,Bridge Construction,Mysore,2025-03-25,2025-03-28,2025-03-28,3,22000,66000,44000,Partial,OP1113,Completed,0
RNT103112,EQX1292,CUST1067,SITE129,Smart City Zone,Hyderabad,2025-02-24,2025-03-09,2025-03-11,13,12000,180000,24000,Pending,OP1166,Overdue,2
RNT103113,EQX1045,CUST1025,SITE102,Airport Extension,Salem,2025-01-27,2025-02-17,2025-02-17,21,25000,525000,50000,Paid,OP1049,Completed,0
RNT103114,EQX1190,CUST1042,SITE118,Highway Expansion,Hyderabad,2025-04-05,2025-04-17,2025-04-17,12,25000,300000,50000,Paid,OP1051,Completed,0
RNT103115,EQX1261,CUST1003,SITE130,Smart City Zone,Coimbatore,2025-06-12,2025-06-14,2025-06-14,2,24000,48000,48000,Pending,OP1119,Completed,0
RNT103116,EQX1014,CUST1019,SITE123,Mining Site,Coimbatore,2025-06-22,2025-06-26,2025-06-26,4,12000,48000,24000,Paid,OP1118,Completed,0
RNT103117,EQX1021,CUST1108,SITE125,Industrial Park,Bangalore,2025-04-21,2025-04-27,2025-05-06,6,18000,270000,36000,Paid,OP1066,Overdue,9
RNT103118,EQX1045,CUST1079,SITE104,Smart City Zone,Coimbatore,2025-01-24,2025-02-03,2025-02-03,10,25000,250000,50000,Paid,OP1044,Completed,0
RNT103119,EQX1182,CUST1107,SITE115,Smart City Zone,Mysore,2025-03-03,2025-03-29,2025-03-29,26,22000,572000,44000,Paid,OP1106,Completed,0
RNT103120,EQX1014,CUST1067,SITE109,Metro Rail Project,Bangalore,2025-02-28,2025-03-05,2025-03-05,5,12000,60000,24000,Partial,OP1129,Completed,0
RNT103121,EQX1135,CUST1005,SITE123,Mining Site,Mysore,2025-03-28,2025-04-24,2025-04-24,27,24000,648000,48000,Paid,OP1053,Completed,0
RNT103122,EQX1060,CUST1035,SITE117,Highway Expansion,Bangalore,2025-06-05,2025-06-19,2025-06-19,14,25000,350000,50000,Paid,OP1200,Completed,0
RNT103123,EQX1183,CUST1105,SITE129,Highway Expansion,Trichy,2025-01-20,2025-01-31,2025-01-31,11,12000,132000,24000,Pending,OP1156,Completed,0
RNT103124,EQX1100,CUST1039,SITE130,Solar Power Plant,Chennai,2025-02-01,2025-02-21,2025-02-21,20,12000,240000,24000,Paid,OP1047,Completed,0
RNT103125,EQX1242,CUST1059,SITE118,Residential Township,Coimbatore,2025-04-26,2025-05-16,2025-05-16,20,25000,500000,50000,Paid,OP1133,Completed,0
RNT103126,EQX1054,CUST1038,SITE129,Metro Rail Project,Hyderabad,2025-03-27,2025-04-01,2025-04-01,5,12000,60000,24000,Pending,OP1052,Completed,0
RNT103127,EQX1219,CUST1111,SITE109,Residential Township,Salem,2025-06-19,2025-06-26,2025-06-26,7,18000,126000,36000,Paid,OP1156,Completed,0
RNT103128,EQX1085,CUST1082,SITE124,Industrial Park,Chennai,2025-03-17,2025-03-28,2025-04-02,11,24000,384000,48000,Paid,OP1147,Overdue,5
RNT103129,EQX1060,CUST1108,SITE105,Solar Power Plant,Madurai,2025-01-01,2025-01-15,2025-01-15,14,25000,350000,50000,Pending,OP1124,Completed,0
RNT103130,EQX1242,CUST1019,SITE119,IT Park,Chennai,2025-01-31,2025-02-24,2025-02-24,24,25000,600000,50000,Pending,OP1011,Completed,0
RNT103131,EQX1224,CUST1113,SITE117,Residential Township,Bangalore,2025-03-08,2025-03-23,2025-03-23,15,22000,330000,44000,Paid,OP1173,Completed,0
RNT103132,EQX1295,CUST1080,SITE119,Metro Rail Project,Mysore,2025-03-16,2025-04-08,2025-04-08,23,12000,276000,24000,Paid,OP1025,Completed,0
RNT103133,EQX1140,CUST1080,SITE124,River Embankment,Coimbatore,2025-04-17,2025-05-07,2025-05-07,20,12000,240000,24000,Pending,OP1016,Completed,0
RNT103134,EQX1052,CUST1014,SITE108,Residential Township,Madurai,2025-04-16,2025-05-08,2025-05-08,22,24000,528000,48000,Paid,OP1019,Completed,0
RNT103135,EQX1128,CUST1060,SITE126,Residential Township,Trichy,2025-04-07,2025-04-15,2025-04-15,8,30000,240000,60000,Pending,OP1155,Completed,0
RNT103136,EQX1072,CUST1044,SITE101,Industrial Park,Mysore,2025-05-16,2025-05-22,2025-05-22,6,18000,108000,36000,Pending,OP1042,Completed,0
RNT103137,EQX1126,CUST1098,SITE103,Airport Extension,Salem,2025-01-16,2025-02-02,2025-02-02,17,18000,306000,36000,Paid,OP1013,Completed,0
RNT103138,EQX1082,CUST1012,SITE101,Smart City Zone,Hyderabad,2025-06-22,2025-07-16,2025-07-16,24,12000,288000,24000,Pending,OP1066,Completed,0
RNT103139,EQX1297,CUST1019,SITE104,River Embankment,Madurai,2025-05-20,2025-06-17,2025-06-17,28,12000,336000,24000,Paid,OP1197,Completed,0
RNT103140,EQX1192,CUST1099,SITE113,Highway Expansion,Salem,2025-03-07,2025-04-03,2025-04-04,27,12000,336000,24000,Paid,OP1005,Overdue,1
RNT103141,EQX1037,CUST1092,SITE108,IT Park,Salem,2025-03-24,2025-04-01,2025-04-01,8,25000,200000,50000,Paid,OP1059,Completed,0
RNT103142,EQX1264,CUST1003,SITE120,Residential Township,Hyderabad,2025-03-30,2025-04-02,2025-04-06,3,22000,154000,44000,Paid,OP1095,Overdue,4
RNT103143,EQX1124,CUST1025,SITE113,Harbor Expansion,Madurai,2025-01-26,2025-02-12,2025-02-12,17,18000,306000,36000,Paid,OP1189,Completed,0
RNT103144,EQX1183,CUST1088,SITE105,Bridge Construction,Hyderabad,2025-02-21,2025-02-26,2025-02-26,5,12000,60000,24000,Paid,OP1030,Completed,0
RNT103145,EQX1032,CUST1058,SITE111,Harbor Expansion,Coimbatore,2025-01-27,2025-01-29,2025-01-29,2,24000,48000,48000,Paid,OP1057,Completed,0
RNT103146,EQX1103,CUST1064,SITE115,River Embankment,Chennai,2025-03-18,2025-03-29,2025-03-29,11,25000,275000,50000,Paid,OP1025,Completed,0
RNT103147,EQX1193,CUST1029,SITE115,Smart City Zone,Hyderabad,2025-04-07,2025-04-21,2025-04-21,14,18000,252000,36000,Paid,OP1044,Completed,0
RNT103148,EQX1005,CUST1026,SITE112,Smart City Zone,Salem,2025-01-14,2025-02-05,2025-02-05,22,12000,264000,24000,Paid,OP1065,Completed,0
RNT103149,EQX1084,CUST1107,SITE112,Highway Expansion,Coimbatore,2025-04-29,2025-05-12,2025-05-12,13,12000,156000,24000,Paid,OP1129,Completed,0
RNT103150,EQX1234,CUST1066,SITE128,Bridge Construction,Chennai,2025-04-13,2025-05-01,2025-05-01,18,22000,396000,44000,Partial,OP1122,Completed,0
RNT103151,EQX1019,CUST1106,SITE109,Solar Power Plant,Chennai,2025-03-31,2025-04-12,2025-04-12,12,25000,300000,50000,Paid,OP1097,Completed,0
RNT103152,EQX1182,CUST1041,SITE130,Solar Power Plant,Mysore,2025-06-14,2025-07-06,2025-07-06,22,22000,484000,44000,Paid,OP1058,Completed,0
RNT103153,EQX1247,CUST1117,SITE126,River Embankment,Madurai,2025-06-15,2025-07-11,2025-07-11,26,12000,312000,24000,Paid,OP1037,Completed,0
RNT103154,EQX1173,CUST1091,SITE115,Harbor Expansion,Coimbatore,2025-03-10,2025-03-14,2025-03-14,4,24000,96000,48000,Paid,OP1103,Completed,0
RNT103155,EQX1043,CUST1084,SITE113,Highway Expansion,Trichy,2025-05-04,2025-05-10,2025-05-10,6,22000,132000,44000,Paid,OP1070,Completed,0
RNT103156,EQX1289,CUST1002,SITE118,IT Park,Chennai,2025-03-26,2025-03-28,2025-03-28,2,24000,48000,48000,Paid,OP1079,Completed,0
RNT103157,EQX1282,CUST1010,SITE127,Solar Power Plant,Hyderabad,2025-03-20,2025-04-12,2025-04-12,23,18000,414000,36000,Paid,OP1131,Completed,0
RNT103158,EQX1023,CUST1007,SITE105,Residential Township,Madurai,2025-02-22,2025-03-21,2025-03-21,27,24000,648000,48000,Paid,OP1186,Completed,0
RNT103159,EQX1192,CUST1087,SITE122,Residential Township,Bangalore,2025-02-16,2025-02-23,2025-02-23,7,12000,84000,24000,Paid,OP1168,Completed,0
RNT103160,EQX1120,CUST1005,SITE118,River Embankment,Mysore,2025-06-25,2025-07-14,2025-07-14,19,22000,418000,44000,Paid,OP1140,Completed,0
RNT103161,EQX1011,CUST1113,SITE122,Mining Site,Bangalore,2025-05-07,2025-05-14,2025-05-14,7,25000,175000,50000,Paid,OP1030,Completed,0
RNT103162,EQX1235,CUST1078,SITE105,Smart City Zone,Hyderabad,2025-04-28,2025-05-03,2025-05-03,5,24000,120000,48000,Paid,OP1088,Completed,0
RNT103163,EQX1136,CUST1090,SITE112,Smart City Zone,Hyderabad,2025-06-08,2025-06-16,2025-06-16,8,24000,192000,48000,Pending,OP1057,Completed,0
RNT103164,EQX1186,CUST1002,SITE120,Industrial Park,Salem,2025-05-12,2025-06-01,2025-06-01,20,25000,500000,50000,Paid,OP1004,Completed,0
RNT103165,EQX1299,CUST1080,SITE102,Residential Township,Salem,2025-04-14,2025-04-21,2025-04-21,7,24000,168000,48000,Paid,OP1103,Completed,0
RNT103166,EQX1030,CUST1067,SITE120,Residential Township,Chennai,2025-01-01,2025-01-08,2025-01-08,7,12000,84000,24000,Paid,OP1068,Completed,0
RNT103167,EQX1176,CUST1052,SITE125,Smart City Zone,Madurai,2025-01-11,2025-02-08,2025-02-08,28,30000,840000,60000,Pending,OP1133,Completed,0
RNT103168,EQX1159,CUST1005,SITE119,Airport Extension,Mysore,2025-05-21,2025-06-09,2025-06-11,19,24000,504000,48000,Partial,OP1094,Overdue,2
RNT103169,EQX1189,CUST1027,SITE111,Airport Extension,Trichy,2025-03-06,2025-03-22,2025-03-22,16,12000,192000,24000,Paid,OP1006,Completed,0
RNT103170,EQX1096,CUST1005,SITE119,Highway Expansion,Madurai,2025-05-28,2025-06-10,2025-06-13,13,25000,400000,50000,Paid,OP1103,Overdue,3
RNT103171,EQX1200,CUST1082,SITE130,Residential Township,Salem,2025-05-18,2025-05-26,2025-05-26,8,18000,144000,36000,Paid,OP1082,Completed,0
RNT103172,EQX1038,CUST1045,SITE113,IT Park,Trichy,2025-02-08,2025-02-12,2025-02-12,4,18000,72000,36000,Paid,OP1011,Completed,0
RNT103173,EQX1202,CUST1050,SITE108,IT Park,Madurai,2025-02-16,2025-03-12,2025-03-12,24,30000,720000,60000,Paid,OP1181,Completed,0
RNT103174,EQX1034,CUST1053,SITE106,Harbor Expansion,Trichy,2025-05-08,2025-06-03,2025-06-03,26,25000,650000,50000,Partial,OP1151,Completed,0
RNT103175,EQX1044,CUST1088,SITE101,Residential Township,Mysore,2025-02-03,2025-02-25,2025-02-25,22,24000,528000,48000,Paid,OP1090,Completed,0
RNT103176,EQX1230,CUST1003,SITE103,Bridge Construction,Bangalore,2025-02-24,2025-03-09,2025-03-13,13,18000,306000,36000,Paid,OP1121,Overdue,4
RNT103177,EQX1216,CUST1026,SITE104,Residential Township,Mysore,2025-03-05,2025-03-09,2025-03-17,4,24000,288000,48000,Paid,OP1039,Overdue,8
RNT103178,EQX1141,CUST1107,SITE108,Highway Expansion,Trichy,2025-05-16,2025-06-15,2025-06-25,30,12000,480000,24000,Paid,OP1101,Overdue,10
RNT103179,EQX1263,CUST1099,SITE125,Mining Site,Chennai,2025-02-28,2025-03-06,2025-03-06,6,18000,108000,36000,Paid,OP1108,Completed,0
RNT103180,EQX1170,CUST1050,SITE122,Smart City Zone,Hyderabad,2025-01-06,2025-01-21,2025-01-21,15,24000,360000,48000,Paid,OP1027,Completed,0
RNT103181,EQX1063,CUST1002,SITE110,Residential Township,Chennai,2025-02-24,2025-03-22,2025-03-22,26,25000,650000,50000,Paid,OP1076,Completed,0
RNT103182,EQX1209,CUST1117,SITE108,Residential Township,Trichy,2025-03-14,2025-04-12,2025-04-12,29,18000,522000,36000,Paid,OP1145,Completed,0
RNT103183,EQX1231,CUST1035,SITE107,Residential Township,Madurai,2025-02-13,2025-02-18,2025-02-18,5,22000,110000,44000,Paid,OP1086,Completed,0
RNT103184,EQX1121,CUST1096,SITE111,Bridge Construction,Chennai,2025-04-18,2025-05-08,2025-05-08,20,22000,440000,44000,Paid,OP1083,Completed,0
RNT103185,EQX1167,CUST1074,SITE129,IT Park,Salem,2025-03-02,2025-03-30,2025-03-30,28,24000,672000,48000,Paid,OP1098,Completed,0
RNT103186,EQX1096,CUST1093,SITE106,IT Park,Bangalore,2025-06-23,2025-07-11,2025-07-11,18,25000,450000,50000,Paid,OP1116,Completed,0
RNT103187,EQX1207,CUST1037,SITE110,Metro Rail Project,Madurai,2025-04-22,2025-04-29,2025-05-04,7,30000,360000,60000,Paid,OP1169,Overdue,5
RNT103188,EQX1030,CUST1104,SITE128,Highway Expansion,Salem,2025-05-03,2025-05-06,2025-05-06,3,12000,36000,24000,Partial,OP1120,Completed,0
RNT103189,EQX1155,CUST1054,SITE104,Highway Expansion,Hyderabad,2025-04-04,2025-05-02,2025-05-10,28,18000,648000,36000,Paid,OP1149,Overdue,8
RNT103190,EQX1271,CUST1075,SITE112,Bridge Construction,Mysore,2025-05-02,2025-05-11,2025-05-11,9,12000,108000,24000,Partial,OP1011,Completed,0
RNT103191,EQX1204,CUST1047,SITE119,Harbor Expansion,Salem,2025-06-25,2025-06-30,2025-06-30,5,30000,150000,60000,Partial,OP1123,Completed,0
RNT103192,EQX1276,CUST1053,SITE120,Harbor Expansion,Hyderabad,2025-04-06,2025-04-10,2025-04-10,4,25000,100000,50000,Pending,OP1154,Completed,0
RNT103193,EQX1146,CUST1078,SITE109,Mining Site,Madurai,2025-01-24,2025-02-11,2025-02-11,18,18000,324000,36000,Pending,OP1046,Completed,0
RNT103194,EQX1246,CUST1047,SITE120,Metro Rail Project,Chennai,2025-05-11,2025-06-06,2025-06-06,26,22000,572000,44000,Pending,OP1047,Completed,0
RNT103195,EQX1259,CUST1066,SITE113,Mining Site,Mysore,2025-01-24,2025-02-21,2025-02-21,28,22000,616000,44000,Paid,OP1022,Completed,0
RNT103196,EQX1096,CUST1007,SITE120,Residential Township,Bangalore,2025-02-11,2025-02-25,2025-02-25,14,25000,350000,50000,Pending,OP1045,Completed,0
RNT103197,EQX1240,CUST1037,SITE104,Airport Extension,Coimbatore,2025-01-28,2025-02-22,2025-02-22,25,22000,550000,44000,Paid,OP1194,Completed,0
RNT103198,EQX1247,CUST1086,SITE126,Highway Expansion,Madurai,2025-06-06,2025-06-17,2025-06-24,11,12000,216000,24000,Paid,OP1033,Overdue,7
RNT103199,EQX1271,CUST1109,SITE112,Airport Extension,Madurai,2025-06-25,2025-07-24,2025-07-31,29,12000,432000,24000,Paid,OP1139,Overdue,7
RNT103200,EQX1297,CUST1025,SITE118,Harbor Expansion,Salem,2025-01-25,2025-02-15,2025-02-15,21,12000,252000,24000,Paid,OP1049,Completed,0
RNT103201,EQX1067,CUST1029,SITE111,IT Park,Salem,2025-03-08,2025-03-23,2025-03-23,15,24000,360000,48000,Paid,OP1048,Completed,0
RNT103202,EQX1122,CUST1007,SITE104,Metro Rail Project,Hyderabad,2025-03-23,2025-04-10,2025-04-10,18,18000,324000,36000,Paid,OP1050,Completed,0
RNT103203,EQX1270,CUST1062,SITE124,Metro Rail Project,Coimbatore,2025-01-24,2025-02-10,2025-02-10,17,18000,306000,36000,Pending,OP1189,Completed,0
RNT103204,EQX1097,CUST1087,SITE106,Harbor Expansion,Trichy,2025-01-02,2025-01-16,2025-01-16,14,22000,308000,44000,Pending,OP1033,Completed,0
RNT103205,EQX1190,CUST1112,SITE114,River Embankment,Salem,2025-04-21,2025-05-01,2025-05-01,10,25000,250000,50000,Paid,OP1129,Completed,0
RNT103206,EQX1170,CUST1064,SITE115,Bridge Construction,Coimbatore,2025-04-14,2025-05-14,2025-05-14,30,24000,720000,48000,Paid,OP1103,Completed,0
RNT103207,EQX1134,CUST1023,SITE127,Residential Township,Mysore,2025-04-15,2025-04-22,2025-04-22,7,24000,168000,48000,Paid,OP1179,Completed,0
RNT103208,EQX1057,CUST1049,SITE104,IT Park,Mysore,2025-04-19,2025-04-29,2025-05-02,10,22000,286000,44000,Paid,OP1082,Overdue,3
RNT103209,EQX1046,CUST1038,SITE123,Solar Power Plant,Trichy,2025-06-17,2025-06-21,2025-06-24,4,22000,154000,44000,Pending,OP1123,Overdue,3
RNT103210,EQX1113,CUST1039,SITE129,Solar Power Plant,Salem,2025-01-31,2025-02-12,2025-02-12,12,30000,360000,60000,Paid,OP1109,Completed,0
RNT103211,EQX1263,CUST1058,SITE116,River Embankment,Coimbatore,2025-03-30,2025-04-29,2025-04-29,30,18000,540000,36000,Paid,OP1085,Completed,0
RNT103212,EQX1148,CUST1037,SITE102,Airport Extension,Madurai,2025-02-28,2025-03-17,2025-03-17,17,22000,374000,44000,Paid,OP1144,Completed,0
RNT103213,EQX1271,CUST1023,SITE121,Bridge Construction,Mysore,2025-06-17,2025-06-20,2025-06-20,3,12000,36000,24000,Paid,OP1002,Completed,0
RNT103214,EQX1230,CUST1066,SITE102,Metro Rail Project,Hyderabad,2025-02-12,2025-03-06,2025-03-06,22,18000,396000,36000,Pending,OP1067,Completed,0
RNT103215,EQX1033,CUST1013,SITE111,Solar Power Plant,Salem,2025-06-06,2025-06-19,2025-06-19,13,24000,312000,48000,Paid,OP1166,Completed,0
RNT103216,EQX1153,CUST1078,SITE122,River Embankment,Bangalore,2025-06-20,2025-06-22,2025-06-22,2,24000,48000,48000,Paid,OP1117,Completed,0
RNT103217,EQX1053,CUST1033,SITE102,Bridge Construction,Coimbatore,2025-01-31,2025-02-09,2025-02-09,9,18000,162000,36000,Paid,OP1096,Completed,0
RNT103218,EQX1120,CUST1025,SITE129,Mining Site,Salem,2025-02-09,2025-03-02,2025-03-02,21,22000,462000,44000,Paid,OP1167,Completed,0
RNT103219,EQX1164,CUST1053,SITE129,Bridge Construction,Chennai,2025-01-16,2025-01-30,2025-02-06,14,30000,630000,60000,Paid,OP1093,Overdue,7
RNT103220,EQX1132,CUST1030,SITE109,Residential Township,Madurai,2025-02-01,2025-02-08,2025-02-17,7,30000,480000,60000,Paid,OP1008,Overdue,9
RNT103221,EQX1159,CUST1027,SITE127,Metro Rail Project,Trichy,2025-03-31,2025-04-15,2025-04-15,15,24000,360000,48000,Paid,OP1133,Completed,0
RNT103222,EQX1114,CUST1033,SITE111,Industrial Park,Madurai,2025-01-22,2025-02-09,2025-02-18,18,12000,324000,24000,Paid,OP1120,Overdue,9
RNT103223,EQX1268,CUST1031,SITE107,Industrial Park,Bangalore,2025-02-04,2025-02-16,2025-02-16,12,22000,264000,44000,Paid,OP1019,Completed,0
RNT103224,EQX1113,CUST1018,SITE123,Harbor Expansion,Coimbatore,2025-03-12,2025-03-26,2025-03-26,14,30000,420000,60000,Paid,OP1070,Completed,0
RNT103225,EQX1010,CUST1092,SITE119,Mining Site,Chennai,2025-04-04,2025-04-27,2025-04-27,23,25000,575000,50000,Paid,OP1083,Completed,0
RNT103226,EQX1046,CUST1023,SITE121,Solar Power Plant,Mysore,2025-06-18,2025-06-24,2025-06-24,6,22000,132000,44000,Pending,OP1146,Completed,0
RNT103227,EQX1031,CUST1056,SITE126,Bridge Construction,Bangalore,2025-01-29,2025-02-09,2025-02-09,11,18000,198000,36000,Paid,OP1015,Completed,0
RNT103228,EQX1082,CUST1015,SITE116,Harbor Expansion,Salem,2025-01-02,2025-01-16,2025-01-16,14,12000,168000,24000,Paid,OP1185,Completed,0
RNT103229,EQX1028,CUST1078,SITE121,Smart City Zone,Chennai,2025-06-10,2025-07-05,2025-07-05,25,12000,300000,24000,Paid,OP1174,Completed,0
RNT103230,EQX1255,CUST1057,SITE108,IT Park,Madurai,2025-04-19,2025-05-02,2025-05-12,13,12000,276000,24000,Pending,OP1177,Overdue,10
RNT103231,EQX1166,CUST1097,SITE102,IT Park,Madurai,2025-03-13,2025-03-29,2025-03-29,16,22000,352000,44000,Paid,OP1034,Completed,0
RNT103232,EQX1289,CUST1048,SITE128,Bridge Construction,Bangalore,2025-05-12,2025-05-26,2025-05-26,14,24000,336000,48000,Paid,OP1130,Completed,0
RNT103233,EQX1025,CUST1020,SITE120,Residential Township,Hyderabad,2025-02-07,2025-02-23,2025-02-23,16,30000,480000,60000,Pending,OP1134,Completed,0
RNT103234,EQX1266,CUST1082,SITE128,Industrial Park,Madurai,2025-06-19,2025-07-13,2025-07-14,24,30000,750000,60000,Paid,OP1143,Overdue,1
RNT103235,EQX1091,CUST1101,SITE112,Bridge Construction,Bangalore,2025-02-26,2025-03-27,2025-03-27,29,25000,725000,50000,Paid,OP1053,Completed,0
RNT103236,EQX1159,CUST1082,SITE101,Industrial Park,Mysore,2025-03-08,2025-04-05,2025-04-08,28,24000,744000,48000,Paid,OP1167,Overdue,3
RNT103237,EQX1123,CUST1078,SITE106,Solar Power Plant,Trichy,2025-03-01,2025-03-04,2025-03-04,3,12000,36000,24000,Paid,OP1001,Completed,0
RNT103238,EQX1268,CUST1007,SITE127,Airport Extension,Bangalore,2025-04-25,2025-05-10,2025-05-10,15,22000,330000,44000,Pending,OP1177,Completed,0
RNT103239,EQX1237,CUST1067,SITE122,Solar Power Plant,Coimbatore,2025-03-13,2025-04-09,2025-04-09,27,12000,324000,24000,Pending,OP1194,Completed,0
RNT103240,EQX1067,CUST1105,SITE114,Residential Township,Madurai,2025-04-28,2025-05-10,2025-05-10,12,24000,288000,48000,Partial,OP1082,Completed,0
RNT103241,EQX1175,CUST1005,SITE117,River Embankment,Hyderabad,2025-01-01,2025-01-30,2025-01-30,29,25000,725000,50000,Paid,OP1110,Completed,0
RNT103242,EQX1244,CUST1105,SITE114,Smart City Zone,Mysore,2025-02-19,2025-03-18,2025-03-18,27,30000,810000,60000,Pending,OP1015,Completed,0
RNT103243,EQX1257,CUST1100,SITE110,Residential Township,Hyderabad,2025-02-10,2025-03-01,2025-03-01,19,24000,456000,48000,Paid,OP1024,Completed,0
RNT103244,EQX1101,CUST1102,SITE125,Bridge Construction,Coimbatore,2025-04-30,2025-05-09,2025-05-09,9,24000,216000,48000,Paid,OP1018,Completed,0
RNT103245,EQX1295,CUST1073,SITE110,Bridge Construction,Madurai,2025-03-23,2025-04-03,2025-04-03,11,12000,132000,24000,Paid,OP1017,Completed,0
RNT103246,EQX1270,CUST1112,SITE113,Residential Township,Bangalore,2025-06-30,2025-07-29,2025-07-29,29,18000,522000,36000,Paid,OP1049,Completed,0
RNT103247,EQX1045,CUST1016,SITE118,Metro Rail Project,Salem,2025-05-19,2025-05-24,2025-05-24,5,25000,125000,50000,Partial,OP1085,Completed,0
RNT103248,EQX1280,CUST1072,SITE129,Bridge Construction,Madurai,2025-02-16,2025-03-09,2025-03-09,21,18000,378000,36000,Partial,OP1079,Completed,0
RNT103249,EQX1260,CUST1017,SITE128,River Embankment,Chennai,2025-06-20,2025-07-16,2025-07-16,26,30000,780000,60000,Paid,OP1198,Completed,0
RNT103250,EQX1175,CUST1081,SITE111,Smart City Zone,Coimbatore,2025-04-18,2025-05-10,2025-05-10,22,25000,550000,50000,Pending,OP1166,Completed,0
RNT103251,EQX1234,CUST1019,SITE119,Industrial Park,Salem,2025-04-02,2025-05-01,2025-05-08,29,22000,792000,44000,Partial,OP1037,Overdue,7
RNT103252,EQX1216,CUST1059,SITE114,Airport Extension,Madurai,2025-04-16,2025-05-07,2025-05-07,21,24000,504000,48000,Pending,OP1051,Completed,0
RNT103253,EQX1100,CUST1114,SITE102,Harbor Expansion,Coimbatore,2025-03-24,2025-03-29,2025-03-29,5,12000,60000,24000,Paid,OP1032,Completed,0
RNT103254,EQX1292,CUST1048,SITE107,Residential Township,Hyderabad,2025-02-19,2025-03-07,2025-03-07,16,12000,192000,24000,Pending,OP1119,Completed,0
RNT103255,EQX1125,CUST1068,SITE108,Metro Rail Project,Salem,2025-05-19,2025-05-25,2025-05-25,6,25000,150000,50000,Paid,OP1016,Completed,0
RNT103256,EQX1223,CUST1113,SITE115,Smart City Zone,Coimbatore,2025-04-15,2025-05-04,2025-05-06,19,30000,630000,60000,Paid,OP1102,Overdue,2
RNT103257,EQX1249,CUST1078,SITE126,Airport Extension,Trichy,2025-02-19,2025-03-13,2025-03-13,22,18000,396000,36000,Paid,OP1149,Completed,0
RNT103258,EQX1047,CUST1058,SITE118,Harbor Expansion,Coimbatore,2025-02-07,2025-02-15,2025-02-15,8,24000,192000,48000,Paid,OP1186,Completed,0
RNT103259,EQX1096,CUST1045,SITE105,Solar Power Plant,Bangalore,2025-01-11,2025-02-06,2025-02-06,26,25000,650000,50000,Paid,OP1073,Completed,0
RNT103260,EQX1092,CUST1113,SITE117,IT Park,Trichy,2025-05-18,2025-06-11,2025-06-11,24,24000,576000,48000,Paid,OP1188,Completed,0
RNT103261,EQX1282,CUST1062,SITE101,Bridge Construction,Salem,2025-04-09,2025-05-02,2025-05-02,23,18000,414000,36000,Pending,OP1196,Completed,0
RNT103262,EQX1036,CUST1068,SITE128,Solar Power Plant,Bangalore,2025-04-25,2025-05-22,2025-05-22,27,24000,648000,48000,Paid,OP1139,Completed,0
RNT103263,EQX1290,CUST1029,SITE109,Industrial Park,Salem,2025-05-15,2025-05-29,2025-05-30,14,22000,330000,44000,Partial,OP1113,Overdue,1
RNT103264,EQX1243,CUST1034,SITE107,Bridge Construction,Salem,2025-05-31,2025-06-13,2025-06-13,13,30000,390000,60000,Paid,OP1057,Completed,0
RNT103265,EQX1239,CUST1100,SITE114,Mining Site,Coimbatore,2025-05-02,2025-05-28,2025-05-28,26,22000,572000,44000,Paid,OP1148,Completed,0
RNT103266,EQX1241,CUST1064,SITE118,River Embankment,Salem,2025-02-10,2025-03-04,2025-03-04,22,12000,264000,24000,Paid,OP1129,Completed,0
RNT103267,EQX1135,CUST1112,SITE127,Bridge Construction,Bangalore,2025-02-18,2025-03-02,2025-03-02,12,24000,288000,48000,Paid,OP1123,Completed,0
RNT103268,EQX1248,CUST1087,SITE125,Solar Power Plant,Bangalore,2025-04-16,2025-04-24,2025-04-24,8,30000,240000,60000,Paid,OP1199,Completed,0
RNT103269,EQX1021,CUST1074,SITE104,River Embankment,Coimbatore,2025-01-12,2025-01-16,2025-01-16,4,18000,72000,36000,Partial,OP1042,Completed,0
RNT103270,EQX1156,CUST1118,SITE122,River Embankment,Coimbatore,2025-02-17,2025-03-12,2025-03-12,23,30000,690000,60000,Paid,OP1195,Completed,0
RNT103271,EQX1175,CUST1042,SITE126,Residential Township,Hyderabad,2025-04-16,2025-04-21,2025-04-21,5,25000,125000,50000,Pending,OP1060,Completed,0
RNT103272,EQX1260,CUST1087,SITE107,Industrial Park,Trichy,2025-06-24,2025-07-01,2025-07-01,7,30000,210000,60000,Paid,OP1119,Completed,0
RNT103273,EQX1018,CUST1044,SITE109,Bridge Construction,Coimbatore,2025-05-16,2025-06-03,2025-06-03,18,22000,396000,44000,Paid,OP1157,Completed,0
RNT103274,EQX1186,CUST1110,SITE120,Airport Extension,Salem,2025-06-07,2025-06-11,2025-06-13,4,25000,150000,50000,Paid,OP1013,Overdue,2
RNT103275,EQX1093,CUST1068,SITE130,Mining Site,Bangalore,2025-02-23,2025-03-10,2025-03-10,15,25000,375000,50000,Paid,OP1193,Completed,0
RNT103276,EQX1141,CUST1010,SITE105,Residential Township,Chennai,2025-04-10,2025-05-10,2025-05-20,30,12000,480000,24000,Pending,OP1017,Overdue,10
RNT103277,EQX1214,CUST1027,SITE117,Smart City Zone,Coimbatore,2025-06-07,2025-06-27,2025-06-27,20,24000,480000,48000,Partial,OP1097,Completed,0
RNT103278,EQX1184,CUST1024,SITE113,Residential Township,Chennai,2025-06-28,2025-07-03,2025-07-03,5,24000,120000,48000,Paid,OP1178,Completed,0
RNT103279,EQX1234,CUST1107,SITE106,Metro Rail Project,Mysore,2025-01-04,2025-01-12,2025-01-12,8,22000,176000,44000,Paid,OP1087,Completed,0
RNT103280,EQX1205,CUST1021,SITE103,Metro Rail Project,Salem,2025-04-26,2025-05-13,2025-05-13,17,18000,306000,36000,Paid,OP1030,Completed,0
RNT103281,EQX1299,CUST1077,SITE101,Bridge Construction,Bangalore,2025-04-22,2025-05-22,2025-05-22,30,24000,720000,48000,Paid,OP1086,Completed,0
RNT103282,EQX1145,CUST1112,SITE127,Airport Extension,Trichy,2025-04-11,2025-04-25,2025-04-25,14,24000,336000,48000,Partial,OP1141,Completed,0
RNT103283,EQX1077,CUST1087,SITE122,Harbor Expansion,Trichy,2025-06-14,2025-07-07,2025-07-07,23,18000,414000,36000,Paid,OP1010,Completed,0
RNT103284,EQX1025,CUST1012,SITE120,Residential Township,Trichy,2025-05-22,2025-06-01,2025-06-01,10,30000,300000,60000,Paid,OP1116,Completed,0
RNT103285,EQX1195,CUST1076,SITE130,Solar Power Plant,Trichy,2025-03-03,2025-03-23,2025-03-23,20,18000,360000,36000,Paid,OP1035,Completed,0
RNT103286,EQX1146,CUST1075,SITE125,Residential Township,Mysore,2025-01-19,2025-02-17,2025-02-24,29,18000,648000,36000,Paid,OP1134,Overdue,7
RNT103287,EQX1211,CUST1024,SITE115,Metro Rail Project,Salem,2025-01-13,2025-01-30,2025-01-30,17,24000,408000,48000,Paid,OP1188,Completed,0
RNT103288,EQX1183,CUST1079,SITE101,Industrial Park,Mysore,2025-05-23,2025-06-07,2025-06-14,15,12000,264000,24000,Paid,OP1192,Overdue,7
RNT103289,EQX1158,CUST1017,SITE126,River Embankment,Bangalore,2025-01-28,2025-02-04,2025-02-04,7,24000,168000,48000,Paid,OP1190,Completed,0
RNT103290,EQX1120,CUST1051,SITE129,Solar Power Plant,Trichy,2025-03-31,2025-04-10,2025-04-10,10,22000,220000,44000,Paid,OP1020,Completed,0
RNT103291,EQX1097,CUST1038,SITE128,Residential Township,Trichy,2025-04-17,2025-05-14,2025-05-14,27,22000,594000,44000,Pending,OP1037,Completed,0
RNT103292,EQX1252,CUST1100,SITE118,Metro Rail Project,Salem,2025-03-16,2025-04-03,2025-04-05,18,18000,360000,36000,Paid,OP1061,Overdue,2
RNT103293,EQX1260,CUST1069,SITE101,River Embankment,Bangalore,2025-03-25,2025-04-15,2025-04-15,21,30000,630000,60000,Paid,OP1080,Completed,0
RNT103294,EQX1195,CUST1070,SITE102,IT Park,Mysore,2025-03-29,2025-04-24,2025-04-29,26,18000,558000,36000,Paid,OP1055,Overdue,5
RNT103295,EQX1221,CUST1017,SITE118,Solar Power Plant,Salem,2025-06-12,2025-06-16,2025-06-16,4,25000,100000,50000,Paid,OP1100,Completed,0
RNT103296,EQX1185,CUST1038,SITE107,Highway Expansion,Hyderabad,2025-06-22,2025-07-02,2025-07-02,10,30000,300000,60000,Paid,OP1088,Completed,0
RNT103297,EQX1017,CUST1078,SITE125,Harbor Expansion,Bangalore,2025-01-14,2025-02-02,2025-02-05,19,12000,264000,24000,Paid,OP1130,Overdue,3
RNT103298,EQX1031,CUST1018,SITE118,Bridge Construction,Bangalore,2025-04-13,2025-04-25,2025-04-25,12,18000,216000,36000,Paid,OP1049,Completed,0
RNT103299,EQX1193,CUST1017,SITE106,Bridge Construction,Hyderabad,2025-05-11,2025-05-27,2025-06-03,16,18000,414000,36000,Paid,OP1102,Overdue,7
RNT103300,EQX1168,CUST1073,SITE113,Bridge Construction,Mysore,2025-03-21,2025-03-23,2025-03-23,2,25000,50000,50000,Partial,OP1152,Completed,0
RNT103301,EQX1215,CUST1089,SITE116,Industrial Park,Coimbatore,2025-03-05,2025-03-28,2025-03-28,23,12000,276000,24000,Paid,OP1178,Completed,0
RNT103302,EQX1167,CUST1109,SITE119,Metro Rail Project,Hyderabad,2025-04-17,2025-04-22,2025-04-22,5,24000,120000,48000,Paid,OP1193,Completed,0
RNT103303,EQX1192,CUST1045,SITE127,Industrial Park,Chennai,2025-06-16,2025-07-04,2025-07-04,18,12000,216000,24000,Paid,OP1055,Completed,0
RNT103304,EQX1049,CUST1113,SITE115,IT Park,Chennai,2025-02-18,2025-03-05,2025-03-05,15,12000,180000,24000,Pending,OP1183,Completed,0
RNT103305,EQX1139,CUST1095,SITE121,River Embankment,Madurai,2025-04-21,2025-05-12,2025-05-12,21,30000,630000,60000,Paid,OP1121,Completed,0
RNT103306,EQX1136,CUST1064,SITE123,Residential Township,Chennai,2025-04-07,2025-04-23,2025-04-23,16,24000,384000,48000,Pending,OP1011,Completed,0
RNT103307,EQX1296,CUST1036,SITE105,Residential Township,Coimbatore,2025-03-24,2025-04-08,2025-04-13,15,30000,600000,60000,Paid,OP1126,Overdue,5
RNT103308,EQX1106,CUST1100,SITE113,Smart City Zone,Salem,2025-06-03,2025-07-02,2025-07-02,29,18000,522000,36000,Paid,OP1137,Completed,0
RNT103309,EQX1183,CUST1003,SITE114,Solar Power Plant,Bangalore,2025-03-04,2025-04-03,2025-04-03,30,12000,360000,24000,Paid,OP1154,Completed,0
RNT103310,EQX1041,CUST1039,SITE118,Bridge Construction,Salem,2025-02-24,2025-03-05,2025-03-05,9,24000,216000,48000,Partial,OP1188,Completed,0
RNT103311,EQX1263,CUST1069,SITE127,IT Park,Coimbatore,2025-03-20,2025-04-05,2025-04-05,16,18000,288000,36000,Paid,OP1091,Completed,0
RNT103312,EQX1124,CUST1114,SITE127,Mining Site,Salem,2025-03-22,2025-04-02,2025-04-02,11,18000,198000,36000,Partial,OP1041,Completed,0
RNT103313,EQX1111,CUST1101,SITE119,Industrial Park,Mysore,2025-04-09,2025-04-28,2025-04-28,19,22000,418000,44000,Paid,OP1037,Completed,0
RNT103314,EQX1263,CUST1065,SITE128,Residential Township,Mysore,2025-06-13,2025-06-24,2025-06-24,11,18000,198000,36000,Pending,OP1106,Completed,0
RNT103315,EQX1285,CUST1059,SITE128,Harbor Expansion,Salem,2025-04-25,2025-05-11,2025-05-11,16,30000,480000,60000,Pending,OP1057,Completed,0
RNT103316,EQX1164,CUST1032,SITE119,Metro Rail Project,Coimbatore,2025-02-20,2025-03-17,2025-03-17,25,30000,750000,60000,Partial,OP1128,Completed,0
RNT103317,EQX1252,CUST1073,SITE119,Bridge Construction,Chennai,2025-06-22,2025-07-16,2025-07-16,24,18000,432000,36000,Paid,OP1198,Completed,0
RNT103318,EQX1036,CUST1090,SITE117,Solar Power Plant,Salem,2025-01-18,2025-01-29,2025-01-29,11,24000,264000,48000,Paid,OP1194,Completed,0
RNT103319,EQX1107,CUST1068,SITE110,IT Park,Coimbatore,2025-03-04,2025-03-12,2025-03-12,8,30000,240000,60000,Paid,OP1025,Completed,0
RNT103320,EQX1005,CUST1015,SITE102,Metro Rail Project,Bangalore,2025-04-09,2025-04-18,2025-04-22,9,12000,156000,24000,Paid,OP1012,Overdue,4
RNT103321,EQX1300,CUST1022,SITE122,Harbor Expansion,Madurai,2025-06-29,2025-07-01,2025-07-01,2,24000,48000,48000,Paid,OP1121,Completed,0
RNT103322,EQX1107,CUST1002,SITE120,Smart City Zone,Chennai,2025-05-14,2025-06-11,2025-06-12,28,30000,870000,60000,Paid,OP1121,Overdue,1
RNT103323,EQX1123,CUST1119,SITE127,Metro Rail Project,Salem,2025-04-16,2025-04-28,2025-04-28,12,12000,144000,24000,Paid,OP1004,Completed,0
RNT103324,EQX1069,CUST1066,SITE108,Residential Township,Bangalore,2025-03-05,2025-03-16,2025-03-16,11,25000,275000,50000,Paid,OP1066,Completed,0
RNT103325,EQX1184,CUST1017,SITE103,Residential Township,Hyderabad,2025-04-26,2025-05-10,2025-05-20,14,24000,576000,48000,Paid,OP1018,Overdue,10
RNT103326,EQX1037,CUST1020,SITE124,Airport Extension,Bangalore,2025-04-16,2025-04-23,2025-04-23,7,25000,175000,50000,Partial,OP1127,Completed,0
RNT103327,EQX1095,CUST1005,SITE124,IT Park,Hyderabad,2025-01-24,2025-02-19,2025-02-19,26,18000,468000,36000,Paid,OP1129,Completed,0
RNT103328,EQX1274,CUST1033,SITE112,IT Park,Chennai,2025-03-12,2025-04-08,2025-04-14,27,30000,990000,60000,Paid,OP1150,Overdue,6
RNT103329,EQX1131,CUST1042,SITE115,Residential Township,Chennai,2025-02-19,2025-03-20,2025-03-20,29,22000,638000,44000,Paid,OP1116,Completed,0
RNT103330,EQX1086,CUST1100,SITE118,Highway Expansion,Salem,2025-02-08,2025-02-17,2025-02-17,9,18000,162000,36000,Pending,OP1192,Completed,0
RNT103331,EQX1077,CUST1113,SITE117,Smart City Zone,Trichy,2025-02-01,2025-02-03,2025-02-03,2,18000,36000,36000,Paid,OP1144,Completed,0
RNT103332,EQX1100,CUST1006,SITE112,Mining Site,Coimbatore,2025-02-14,2025-02-19,2025-02-19,5,12000,60000,24000,Paid,OP1193,Completed,0
RNT103333,EQX1054,CUST1023,SITE114,IT Park,Trichy,2025-06-27,2025-07-25,2025-07-25,28,12000,336000,24000,Pending,OP1003,Completed,0
RNT103334,EQX1223,CUST1019,SITE121,River Embankment,Chennai,2025-03-01,2025-03-13,2025-03-16,12,30000,450000,60000,Paid,OP1071,Overdue,3
RNT103335,EQX1286,CUST1082,SITE105,Smart City Zone,Bangalore,2025-04-14,2025-04-27,2025-04-27,13,18000,234000,36000,Paid,OP1198,Completed,0
RNT103336,EQX1270,CUST1113,SITE104,Residential Township,Mysore,2025-01-03,2025-01-11,2025-01-11,8,18000,144000,36000,Pending,OP1069,Completed,0
RNT103337,EQX1202,CUST1050,SITE111,Bridge Construction,Trichy,2025-05-15,2025-06-09,2025-06-09,25,30000,750000,60000,Partial,OP1111,Completed,0
RNT103338,EQX1232,CUST1112,SITE121,Industrial Park,Trichy,2025-03-14,2025-04-08,2025-04-08,25,18000,450000,36000,Paid,OP1031,Completed,0
RNT103339,EQX1110,CUST1057,SITE111,IT Park,Hyderabad,2025-01-29,2025-02-11,2025-02-11,13,12000,156000,24000,Paid,OP1032,Completed,0
RNT103340,EQX1238,CUST1055,SITE114,Metro Rail Project,Trichy,2025-01-30,2025-02-26,2025-02-26,27,12000,324000,24000,Pending,OP1035,Completed,0
RNT103341,EQX1242,CUST1067,SITE125,Highway Expansion,Coimbatore,2025-02-08,2025-03-01,2025-03-01,21,25000,525000,50000,Paid,OP1022,Completed,0
RNT103342,EQX1172,CUST1020,SITE127,IT Park,Hyderabad,2025-05-07,2025-05-13,2025-05-19,6,30000,360000,60000,Paid,OP1023,Overdue,6
RNT103343,EQX1111,CUST1032,SITE109,Mining Site,Hyderabad,2025-03-31,2025-04-12,2025-04-12,12,22000,264000,44000,Paid,OP1189,Completed,0
RNT103344,EQX1055,CUST1041,SITE117,Solar Power Plant,Madurai,2025-06-19,2025-07-15,2025-07-17,26,25000,700000,50000,Pending,OP1087,Overdue,2
RNT103345,EQX1254,CUST1048,SITE110,Mining Site,Salem,2025-03-10,2025-03-23,2025-03-23,13,18000,234000,36000,Partial,OP1026,Completed,0
RNT103346,EQX1013,CUST1075,SITE109,Smart City Zone,Hyderabad,2025-05-20,2025-06-14,2025-06-14,25,18000,450000,36000,Paid,OP1097,Completed,0
RNT103347,EQX1094,CUST1071,SITE112,Bridge Construction,Hyderabad,2025-02-11,2025-02-20,2025-02-20,9,30000,270000,60000,Pending,OP1153,Completed,0
RNT103348,EQX1039,CUST1021,SITE120,River Embankment,Bangalore,2025-02-23,2025-02-25,2025-02-25,2,18000,36000,36000,Paid,OP1053,Completed,0
RNT103349,EQX1232,CUST1080,SITE108,Harbor Expansion,Bangalore,2025-05-15,2025-06-04,2025-06-04,20,18000,360000,36000,Partial,OP1111,Completed,0
RNT103350,EQX1002,CUST1078,SITE106,Industrial Park,Salem,2025-01-06,2025-01-11,2025-01-11,5,18000,90000,36000,Pending,OP1140,Completed,0
RNT103351,EQX1290,CUST1010,SITE118,Harbor Expansion,Mysore,2025-01-02,2025-01-31,2025-01-31,29,22000,638000,44000,Pending,OP1185,Completed,0
RNT103352,EQX1137,CUST1097,SITE108,IT Park,Mysore,2025-04-20,2025-05-12,2025-05-12,22,18000,396000,36000,Paid,OP1181,Completed,0
RNT103353,EQX1028,CUST1009,SITE114,Airport Extension,Salem,2025-05-02,2025-05-18,2025-05-18,16,12000,192000,24000,Paid,OP1073,Completed,0
RNT103354,EQX1005,CUST1066,SITE117,Smart City Zone,Chennai,2025-01-11,2025-01-19,2025-01-25,8,12000,168000,24000,Paid,OP1099,Overdue,6
RNT103355,EQX1251,CUST1038,SITE110,Airport Extension,Coimbatore,2025-02-28,2025-03-11,2025-03-13,11,24000,312000,48000,Paid,OP1064,Overdue,2
RNT103356,EQX1256,CUST1060,SITE110,Industrial Park,Madurai,2025-04-22,2025-05-22,2025-05-22,30,12000,360000,24000,Paid,OP1002,Completed,0
RNT103357,EQX1019,CUST1040,SITE119,Highway Expansion,Chennai,2025-05-01,2025-05-27,2025-05-28,26,25000,675000,50000,Pending,OP1076,Overdue,1
RNT103358,EQX1294,CUST1084,SITE121,Bridge Construction,Madurai,2025-01-16,2025-01-22,2025-01-22,6,22000,132000,44000,Paid,OP1169,Completed,0
RNT103359,EQX1104,CUST1068,SITE107,Residential Township,Salem,2025-04-16,2025-05-09,2025-05-09,23,24000,552000,48000,Paid,OP1009,Completed,0
RNT103360,EQX1195,CUST1099,SITE115,River Embankment,Salem,2025-04-11,2025-04-27,2025-04-27,16,18000,288000,36000,Paid,OP1179,Completed,0
RNT103361,EQX1019,CUST1076,SITE110,Highway Expansion,Bangalore,2025-01-11,2025-01-15,2025-01-15,4,25000,100000,50000,Paid,OP1155,Completed,0
RNT103362,EQX1128,CUST1001,SITE111,IT Park,Bangalore,2025-03-30,2025-04-18,2025-04-26,19,30000,810000,60000,Paid,OP1106,Overdue,8
RNT103363,EQX1039,CUST1020,SITE128,River Embankment,Mysore,2025-01-23,2025-02-13,2025-02-15,21,18000,414000,36000,Pending,OP1184,Overdue,2
RNT103364,EQX1120,CUST1056,SITE123,Highway Expansion,Chennai,2025-02-05,2025-02-19,2025-02-19,14,22000,308000,44000,Paid,OP1105,Completed,0
RNT103365,EQX1124,CUST1092,SITE129,Smart City Zone,Mysore,2025-04-25,2025-05-25,2025-05-25,30,18000,540000,36000,Paid,OP1068,Completed,0
RNT103366,EQX1131,CUST1016,SITE120,Metro Rail Project,Madurai,2025-01-03,2025-01-23,2025-01-23,20,22000,440000,44000,Paid,OP1181,Completed,0
RNT103367,EQX1247,CUST1001,SITE126,River Embankment,Salem,2025-03-09,2025-03-27,2025-03-27,18,12000,216000,24000,Paid,OP1068,Completed,0
RNT103368,EQX1205,CUST1114,SITE129,Harbor Expansion,Bangalore,2025-01-21,2025-02-04,2025-02-04,14,18000,252000,36000,Paid,OP1189,Completed,0
RNT103369,EQX1137,CUST1019,SITE118,Bridge Construction,Coimbatore,2025-05-05,2025-06-02,2025-06-02,28,18000,504000,36000,Paid,OP1040,Completed,0
RNT103370,EQX1217,CUST1059,SITE122,Metro Rail Project,Bangalore,2025-06-07,2025-06-30,2025-06-30,23,18000,414000,36000,Pending,OP1194,Completed,0
RNT103371,EQX1026,CUST1016,SITE107,Highway Expansion,Salem,2025-04-24,2025-05-23,2025-05-23,29,25000,725000,50000,Partial,OP1008,Completed,0
RNT103372,EQX1287,CUST1106,SITE119,Mining Site,Mysore,2025-04-13,2025-05-03,2025-05-09,20,12000,312000,24000,Paid,OP1099,Overdue,6
RNT103373,EQX1299,CUST1109,SITE111,Mining Site,Coimbatore,2025-03-30,2025-04-16,2025-04-21,17,24000,528000,48000,Paid,OP1171,Overdue,5
RNT103374,EQX1176,CUST1032,SITE128,Metro Rail Project,Hyderabad,2025-04-10,2025-04-25,2025-04-25,15,30000,450000,60000,Paid,OP1080,Completed,0
RNT103375,EQX1122,CUST1070,SITE129,Harbor Expansion,Bangalore,2025-01-24,2025-02-13,2025-02-13,20,18000,360000,36000,Partial,OP1088,Completed,0
RNT103376,EQX1087,CUST1009,SITE104,IT Park,Bangalore,2025-03-24,2025-04-08,2025-04-08,15,25000,375000,50000,Paid,OP1133,Completed,0
RNT103377,EQX1010,CUST1115,SITE123,Smart City Zone,Chennai,2025-01-05,2025-02-02,2025-02-06,28,25000,800000,50000,Paid,OP1100,Overdue,4
RNT103378,EQX1150,CUST1045,SITE126,Harbor Expansion,Coimbatore,2025-02-06,2025-02-25,2025-02-25,19,18000,342000,36000,Pending,OP1085,Completed,0
RNT103379,EQX1279,CUST1018,SITE130,Highway Expansion,Hyderabad,2025-01-26,2025-02-21,2025-02-21,26,25000,650000,50000,Paid,OP1145,Completed,0
RNT103380,EQX1148,CUST1055,SITE109,Bridge Construction,Salem,2025-01-11,2025-02-06,2025-02-15,26,22000,770000,44000,Paid,OP1055,Overdue,9
RNT103381,EQX1237,CUST1075,SITE119,Solar Power Plant,Madurai,2025-06-11,2025-07-06,2025-07-06,25,12000,300000,24000,Paid,OP1130,Completed,0
RNT103382,EQX1023,CUST1105,SITE101,Mining Site,Mysore,2025-06-04,2025-07-02,2025-07-02,28,24000,672000,48000,Paid,OP1043,Completed,0
RNT103383,EQX1073,CUST1055,SITE110,Industrial Park,Mysore,2025-06-08,2025-07-01,2025-07-01,23,22000,506000,44000,Pending,OP1181,Completed,0
RNT103384,EQX1249,CUST1045,SITE123,Bridge Construction,Chennai,2025-01-24,2025-02-16,2025-02-16,23,18000,414000,36000,Paid,OP1167,Completed,0
RNT103385,EQX1128,CUST1018,SITE109,Airport Extension,Trichy,2025-03-24,2025-04-09,2025-04-09,16,30000,480000,60000,Paid,OP1145,Completed,0
RNT103386,EQX1062,CUST1043,SITE114,Bridge Construction,Madurai,2025-01-09,2025-01-15,2025-01-15,6,12000,72000,24000,Paid,OP1155,Completed,0
RNT103387,EQX1138,CUST1028,SITE117,Smart City Zone,Hyderabad,2025-02-10,2025-03-09,2025-03-09,27,22000,594000,44000,Paid,OP1010,Completed,0
RNT103388,EQX1230,CUST1109,SITE115,IT Park,Coimbatore,2025-02-17,2025-03-19,2025-03-29,30,18000,720000,36000,Paid,OP1033,Overdue,10
RNT103389,EQX1275,CUST1050,SITE126,Solar Power Plant,Chennai,2025-05-23,2025-06-01,2025-06-01,9,18000,162000,36000,Paid,OP1181,Completed,0
RNT103390,EQX1045,CUST1019,SITE121,Residential Township,Chennai,2025-03-28,2025-04-01,2025-04-01,4,25000,100000,50000,Paid,OP1195,Completed,0
RNT103391,EQX1111,CUST1022,SITE104,Airport Extension,Salem,2025-06-14,2025-07-12,2025-07-12,28,22000,616000,44000,Pending,OP1015,Completed,0
RNT103392,EQX1056,CUST1055,SITE110,Highway Expansion,Trichy,2025-01-09,2025-01-16,2025-01-16,7,22000,154000,44000,Paid,OP1091,Completed,0
RNT103393,EQX1037,CUST1039,SITE127,Airport Extension,Chennai,2025-04-29,2025-05-12,2025-05-12,13,25000,325000,50000,Paid,OP1002,Completed,0
RNT103394,EQX1137,CUST1053,SITE105,Harbor Expansion,Madurai,2025-06-15,2025-07-07,2025-07-07,22,18000,396000,36000,Pending,OP1121,Completed,0
RNT103395,EQX1281,CUST1001,SITE109,Airport Extension,Bangalore,2025-05-17,2025-05-24,2025-05-24,7,12000,84000,24000,Paid,OP1042,Completed,0
RNT103396,EQX1195,CUST1118,SITE116,Bridge Construction,Trichy,2025-04-21,2025-05-08,2025-05-08,17,18000,306000,36000,Paid,OP1057,Completed,0
RNT103397,EQX1036,CUST1003,SITE113,IT Park,Salem,2025-03-07,2025-03-29,2025-03-29,22,24000,528000,48000,Partial,OP1056,Completed,0
RNT103398,EQX1112,CUST1073,SITE123,Solar Power Plant,Mysore,2025-04-07,2025-04-18,2025-04-18,11,30000,330000,60000,Paid,OP1109,Completed,0
RNT103399,EQX1115,CUST1109,SITE126,Bridge Construction,Trichy,2025-04-20,2025-05-09,2025-05-09,19,18000,342000,36000,Paid,OP1005,Completed,0
RNT103400,EQX1240,CUST1037,SITE117,Harbor Expansion,Salem,2025-05-27,2025-05-31,2025-05-31,4,22000,88000,44000,Paid,OP1018,Completed,0
RNT103401,EQX1143,CUST1040,SITE106,Industrial Park,Salem,2025-05-14,2025-05-20,2025-05-24,6,12000,120000,24000,Paid,OP1108,Overdue,4
RNT103402,EQX1268,CUST1099,SITE108,Bridge Construction,Trichy,2025-06-12,2025-06-17,2025-06-17,5,22000,110000,44000,Partial,OP1116,Completed,0
RNT103403,EQX1248,CUST1038,SITE127,Industrial Park,Hyderabad,2025-01-27,2025-02-10,2025-02-10,14,30000,420000,60000,Paid,OP1182,Completed,0
RNT103404,EQX1228,CUST1038,SITE105,Highway Expansion,Madurai,2025-04-27,2025-05-23,2025-05-23,26,24000,624000,48000,Pending,OP1176,Completed,0
RNT103405,EQX1031,CUST1054,SITE104,River Embankment,Hyderabad,2025-01-14,2025-02-06,2025-02-15,23,18000,576000,36000,Paid,OP1025,Overdue,9
RNT103406,EQX1284,CUST1017,SITE120,Highway Expansion,Salem,2025-03-13,2025-04-03,2025-04-08,21,18000,468000,36000,Pending,OP1199,Overdue,5
RNT103407,EQX1051,CUST1022,SITE122,Harbor Expansion,Salem,2025-04-28,2025-05-22,2025-05-22,24,12000,288000,24000,Paid,OP1152,Completed,0
RNT103408,EQX1062,CUST1077,SITE112,Smart City Zone,Trichy,2025-03-11,2025-04-05,2025-04-12,25,12000,384000,24000,Pending,OP1128,Overdue,7
RNT103409,EQX1021,CUST1051,SITE128,Airport Extension,Chennai,2025-05-04,2025-05-15,2025-05-15,11,18000,198000,36000,Paid,OP1177,Completed,0
RNT103410,EQX1243,CUST1049,SITE114,Industrial Park,Salem,2025-05-17,2025-05-30,2025-06-06,13,30000,600000,60000,Paid,OP1142,Overdue,7
RNT103411,EQX1225,CUST1031,SITE113,Residential Township,Mysore,2025-03-23,2025-04-05,2025-04-05,13,22000,286000,44000,Pending,OP1175,Completed,0
RNT103412,EQX1171,CUST1108,SITE123,Industrial Park,Madurai,2025-05-27,2025-06-20,2025-06-20,24,22000,528000,44000,Partial,OP1179,Completed,0
RNT103413,EQX1239,CUST1014,SITE119,IT Park,Hyderabad,2025-01-17,2025-02-02,2025-02-02,16,22000,352000,44000,Paid,OP1115,Completed,0
RNT103414,EQX1263,CUST1069,SITE117,Industrial Park,Coimbatore,2025-03-17,2025-03-26,2025-03-26,9,18000,162000,36000,Paid,OP1113,Completed,0
RNT103415,EQX1257,CUST1107,SITE124,Airport Extension,Hyderabad,2025-01-01,2025-01-19,2025-01-19,18,24000,432000,48000,Paid,OP1176,Completed,0
RNT103416,EQX1091,CUST1098,SITE105,Mining Site,Salem,2025-06-12,2025-06-29,2025-06-29,17,25000,425000,50000,Paid,OP1103,Completed,0
RNT103417,EQX1254,CUST1053,SITE106,Industrial Park,Madurai,2025-01-24,2025-02-05,2025-02-05,12,18000,216000,36000,Paid,OP1047,Completed,0
RNT103418,EQX1029,CUST1012,SITE105,Industrial Park,Trichy,2025-03-16,2025-04-05,2025-04-05,20,12000,240000,24000,Paid,OP1005,Completed,0
RNT103419,EQX1063,CUST1065,SITE127,Mining Site,Bangalore,2025-05-24,2025-06-08,2025-06-08,15,25000,375000,50000,Pending,OP1089,Completed,0
RNT103420,EQX1217,CUST1045,SITE111,Mining Site,Madurai,2025-01-07,2025-01-17,2025-01-24,10,18000,306000,36000,Paid,OP1036,Overdue,7
RNT103421,EQX1117,CUST1060,SITE122,Industrial Park,Hyderabad,2025-01-09,2025-01-27,2025-02-05,18,18000,486000,36000,Partial,OP1191,Overdue,9
RNT103422,EQX1164,CUST1105,SITE129,Metro Rail Project,Mysore,2025-06-27,2025-07-01,2025-07-01,4,30000,120000,60000,Pending,OP1164,Completed,0
RNT103423,EQX1079,CUST1047,SITE102,IT Park,Trichy,2025-03-22,2025-03-25,2025-03-25,3,12000,36000,24000,Pending,OP1021,Completed,0
RNT103424,EQX1065,CUST1015,SITE116,IT Park,Mysore,2025-03-30,2025-04-11,2025-04-11,12,25000,300000,50000,Partial,OP1142,Completed,0
RNT103425,EQX1055,CUST1074,SITE111,Industrial Park,Trichy,2025-04-02,2025-04-05,2025-04-05,3,25000,75000,50000,Paid,OP1026,Completed,0
RNT103426,EQX1134,CUST1041,SITE127,Metro Rail Project,Mysore,2025-05-08,2025-05-21,2025-05-21,13,24000,312000,48000,Paid,OP1176,Completed,0
RNT103427,EQX1016,CUST1036,SITE123,Industrial Park,Trichy,2025-02-19,2025-02-23,2025-02-23,4,24000,96000,48000,Pending,OP1158,Completed,0
RNT103428,EQX1300,CUST1010,SITE108,Harbor Expansion,Salem,2025-06-04,2025-06-15,2025-06-15,11,24000,264000,48000,Paid,OP1125,Completed,0
RNT103429,EQX1199,CUST1090,SITE129,Harbor Expansion,Trichy,2025-06-02,2025-06-07,2025-06-07,5,18000,90000,36000,Paid,OP1021,Completed,0
RNT103430,EQX1279,CUST1057,SITE101,Industrial Park,Bangalore,2025-01-26,2025-02-10,2025-02-10,15,25000,375000,50000,Paid,OP1024,Completed,0
RNT103431,EQX1130,CUST1028,SITE105,IT Park,Madurai,2025-04-11,2025-04-15,2025-04-15,4,25000,100000,50000,Paid,OP1028,Completed,0
RNT103432,EQX1188,CUST1080,SITE112,Smart City Zone,Salem,2025-06-18,2025-07-05,2025-07-05,17,30000,510000,60000,Paid,OP1064,Completed,0
RNT103433,EQX1072,CUST1094,SITE130,Harbor Expansion,Chennai,2025-02-12,2025-02-21,2025-02-21,9,18000,162000,36000,Paid,OP1147,Completed,0
RNT103434,EQX1104,CUST1001,SITE112,River Embankment,Hyderabad,2025-04-05,2025-04-27,2025-05-01,22,24000,624000,48000,Paid,OP1169,Overdue,4
RNT103435,EQX1287,CUST1010,SITE127,Bridge Construction,Trichy,2025-04-02,2025-04-16,2025-04-16,14,12000,168000,24000,Paid,OP1183,Completed,0
RNT103436,EQX1206,CUST1016,SITE113,Airport Extension,Hyderabad,2025-03-09,2025-03-24,2025-03-24,15,22000,330000,44000,Paid,OP1167,Completed,0
RNT103437,EQX1178,CUST1035,SITE126,Bridge Construction,Salem,2025-02-28,2025-03-23,2025-03-23,23,22000,506000,44000,Paid,OP1029,Completed,0
RNT103438,EQX1071,CUST1015,SITE117,Metro Rail Project,Chennai,2025-06-22,2025-06-28,2025-06-28,6,30000,180000,60000,Paid,OP1192,Completed,0
RNT103439,EQX1121,CUST1042,SITE116,IT Park,Salem,2025-04-08,2025-05-06,2025-05-06,28,22000,616000,44000,Pending,OP1006,Completed,0
RNT103440,EQX1265,CUST1113,SITE121,River Embankment,Madurai,2025-05-10,2025-05-27,2025-05-27,17,22000,374000,44000,Paid,OP1187,Completed,0
RNT103441,EQX1038,CUST1079,SITE121,IT Park,Coimbatore,2025-02-19,2025-03-05,2025-03-05,14,18000,252000,36000,Paid,OP1113,Completed,0
RNT103442,EQX1057,CUST1029,SITE103,Airport Extension,Hyderabad,2025-05-31,2025-06-05,2025-06-05,5,22000,110000,44000,Paid,OP1151,Completed,0
RNT103443,EQX1223,CUST1007,SITE123,Airport Extension,Salem,2025-02-18,2025-03-11,2025-03-11,21,30000,630000,60000,Paid,OP1152,Completed,0
RNT103444,EQX1035,CUST1007,SITE122,Metro Rail Project,Hyderabad,2025-06-23,2025-06-26,2025-06-26,3,22000,66000,44000,Paid,OP1118,Completed,0
RNT103445,EQX1020,CUST1004,SITE126,Harbor Expansion,Hyderabad,2025-01-17,2025-01-22,2025-01-24,5,30000,210000,60000,Paid,OP1044,Overdue,2
RNT103446,EQX1025,CUST1037,SITE103,Metro Rail Project,Salem,2025-05-29,2025-06-11,2025-06-11,13,30000,390000,60000,Paid,OP1018,Completed,0
RNT103447,EQX1091,CUST1011,SITE125,Mining Site,Trichy,2025-04-19,2025-04-29,2025-05-05,10,25000,400000,50000,Pending,OP1127,Overdue,6
RNT103448,EQX1187,CUST1078,SITE112,Airport Extension,Salem,2025-02-07,2025-02-24,2025-02-24,17,30000,510000,60000,Paid,OP1162,Completed,0
RNT103449,EQX1264,CUST1062,SITE127,Smart City Zone,Bangalore,2025-04-29,2025-05-11,2025-05-20,12,22000,462000,44000,Paid,OP1070,Overdue,9
RNT103450,EQX1202,CUST1040,SITE127,Metro Rail Project,Chennai,2025-04-18,2025-04-21,2025-04-21,3,30000,90000,60000,Paid,OP1034,Completed,0
RNT103451,EQX1167,CUST1022,SITE116,Industrial Park,Coimbatore,2025-01-15,2025-01-21,2025-01-21,6,24000,144000,48000,Paid,OP1182,Completed,0
RNT103452,EQX1223,CUST1052,SITE130,Residential Township,Bangalore,2025-06-21,2025-07-15,2025-07-15,24,30000,720000,60000,Paid,OP1040,Completed,0
RNT103453,EQX1152,CUST1110,SITE102,Smart City Zone,Madurai,2025-02-11,2025-02-28,2025-02-28,17,18000,306000,36000,Partial,OP1096,Completed,0
RNT103454,EQX1278,CUST1097,SITE125,Solar Power Plant,Hyderabad,2025-02-24,2025-03-05,2025-03-05,9,22000,198000,44000,Pending,OP1053,Completed,0
RNT103455,EQX1157,CUST1035,SITE108,Airport Extension,Madurai,2025-02-01,2025-02-24,2025-02-24,23,30000,690000,60000,Paid,OP1172,Completed,0
RNT103456,EQX1147,CUST1065,SITE101,Bridge Construction,Bangalore,2025-03-07,2025-03-30,2025-03-30,23,22000,506000,44000,Paid,OP1135,Completed,0
RNT103457,EQX1165,CUST1006,SITE116,Metro Rail Project,Coimbatore,2025-05-17,2025-06-09,2025-06-09,23,25000,575000,50000,Paid,OP1013,Completed,0
RNT103458,EQX1215,CUST1032,SITE113,Mining Site,Madurai,2025-01-23,2025-02-06,2025-02-06,14,12000,168000,24000,Paid,OP1175,Completed,0
RNT103459,EQX1015,CUST1099,SITE116,IT Park,Hyderabad,2025-05-25,2025-06-22,2025-06-22,28,22000,616000,44000,Paid,OP1189,Completed,0
RNT103460,EQX1230,CUST1022,SITE111,IT Park,Coimbatore,2025-03-30,2025-04-17,2025-04-17,18,18000,324000,36000,Partial,OP1056,Completed,0
RNT103461,EQX1264,CUST1118,SITE104,Bridge Construction,Salem,2025-01-20,2025-01-28,2025-01-28,8,22000,176000,44000,Pending,OP1010,Completed,0
RNT103462,EQX1246,CUST1078,SITE128,Airport Extension,Chennai,2025-05-25,2025-06-19,2025-06-19,25,22000,550000,44000,Paid,OP1086,Completed,0
RNT103463,EQX1085,CUST1068,SITE107,Bridge Construction,Salem,2025-03-26,2025-04-09,2025-04-09,14,24000,336000,48000,Partial,OP1056,Completed,0
RNT103464,EQX1242,CUST1071,SITE118,Harbor Expansion,Chennai,2025-01-17,2025-01-29,2025-01-29,12,25000,300000,50000,Paid,OP1147,Completed,0
RNT103465,EQX1234,CUST1092,SITE103,River Embankment,Hyderabad,2025-01-29,2025-01-31,2025-01-31,2,22000,44000,44000,Paid,OP1104,Completed,0
RNT103466,EQX1183,CUST1081,SITE120,Harbor Expansion,Trichy,2025-04-20,2025-05-01,2025-05-02,11,12000,144000,24000,Pending,OP1025,Overdue,1
RNT103467,EQX1133,CUST1059,SITE101,Industrial Park,Trichy,2025-03-22,2025-03-31,2025-03-31,9,30000,270000,60000,Paid,OP1051,Completed,0
RNT103468,EQX1236,CUST1111,SITE123,IT Park,Salem,2025-06-21,2025-07-13,2025-07-13,22,18000,396000,36000,Paid,OP1084,Completed,0
RNT103469,EQX1114,CUST1115,SITE107,Highway Expansion,Chennai,2025-05-11,2025-05-22,2025-05-27,11,12000,192000,24000,Paid,OP1156,Overdue,5
RNT103470,EQX1072,CUST1120,SITE102,River Embankment,Chennai,2025-03-28,2025-04-07,2025-04-07,10,18000,180000,36000,Paid,OP1057,Completed,0
RNT103471,EQX1100,CUST1017,SITE112,Solar Power Plant,Hyderabad,2025-01-28,2025-02-21,2025-02-21,24,12000,288000,24000,Paid,OP1085,Completed,0
RNT103472,EQX1062,CUST1007,SITE124,Harbor Expansion,Salem,2025-05-30,2025-06-06,2025-06-06,7,12000,84000,24000,Paid,OP1073,Completed,0
RNT103473,EQX1217,CUST1084,SITE129,Harbor Expansion,Bangalore,2025-04-29,2025-05-24,2025-05-25,25,18000,468000,36000,Partial,OP1100,Overdue,1
RNT103474,EQX1048,CUST1081,SITE122,Residential Township,Madurai,2025-01-21,2025-02-15,2025-02-21,25,30000,930000,60000,Paid,OP1003,Overdue,6
RNT103475,EQX1102,CUST1044,SITE107,Mining Site,Bangalore,2025-05-30,2025-06-29,2025-06-29,30,18000,540000,36000,Paid,OP1060,Completed,0
RNT103476,EQX1104,CUST1047,SITE121,Highway Expansion,Bangalore,2025-04-10,2025-04-26,2025-04-29,16,24000,456000,48000,Paid,OP1091,Overdue,3
RNT103477,EQX1228,CUST1102,SITE110,Airport Extension,Chennai,2025-06-04,2025-06-24,2025-06-24,20,24000,480000,48000,Paid,OP1049,Completed,0
RNT103478,EQX1061,CUST1007,SITE107,Airport Extension,Madurai,2025-01-18,2025-02-07,2025-02-15,20,24000,672000,48000,Paid,OP1098,Overdue,8
RNT103479,EQX1156,CUST1042,SITE120,Smart City Zone,Hyderabad,2025-05-09,2025-05-15,2025-05-25,6,30000,480000,60000,Paid,OP1003,Overdue,10
RNT103480,EQX1012,CUST1015,SITE122,Mining Site,Chennai,2025-04-10,2025-05-07,2025-05-13,27,30000,990000,60000,Paid,OP1014,Overdue,6
RNT103481,EQX1161,CUST1120,SITE130,Highway Expansion,Trichy,2025-05-01,2025-05-31,2025-05-31,30,30000,900000,60000,Paid,OP1185,Completed,0
RNT103482,EQX1180,CUST1079,SITE112,Metro Rail Project,Mysore,2025-06-07,2025-06-30,2025-06-30,23,18000,414000,36000,Paid,OP1012,Completed,0
RNT103483,EQX1233,CUST1021,SITE102,Industrial Park,Chennai,2025-06-28,2025-07-10,2025-07-10,12,30000,360000,60000,Paid,OP1154,Completed,0
RNT103484,EQX1241,CUST1083,SITE101,Mining Site,Mysore,2025-05-17,2025-06-04,2025-06-11,18,12000,300000,24000,Partial,OP1174,Overdue,7
RNT103485,EQX1288,CUST1072,SITE102,Industrial Park,Mysore,2025-06-03,2025-06-18,2025-06-18,15,24000,360000,48000,Paid,OP1039,Completed,0
RNT103486,EQX1005,CUST1077,SITE126,Residential Township,Trichy,2025-01-22,2025-02-16,2025-02-16,25,12000,300000,24000,Paid,OP1154,Completed,0
RNT103487,EQX1273,CUST1037,SITE106,Airport Extension,Mysore,2025-02-02,2025-02-07,2025-02-07,5,18000,90000,36000,Paid,OP1077,Completed,0
RNT103488,EQX1106,CUST1057,SITE123,Residential Township,Hyderabad,2025-05-12,2025-06-08,2025-06-13,27,18000,576000,36000,Paid,OP1127,Overdue,5
RNT103489,EQX1182,CUST1074,SITE117,IT Park,Hyderabad,2025-04-18,2025-04-20,2025-04-28,2,22000,220000,44000,Pending,OP1156,Overdue,8
RNT103490,EQX1215,CUST1106,SITE106,Bridge Construction,Chennai,2025-06-18,2025-06-30,2025-07-06,12,12000,216000,24000,Paid,OP1075,Overdue,6
RNT103491,EQX1240,CUST1065,SITE127,Mining Site,Hyderabad,2025-03-13,2025-03-23,2025-04-01,10,22000,418000,44000,Partial,OP1156,Overdue,9
RNT103492,EQX1279,CUST1014,SITE113,Harbor Expansion,Chennai,2025-01-06,2025-01-31,2025-01-31,25,25000,625000,50000,Paid,OP1146,Completed,0
RNT103493,EQX1147,CUST1093,SITE106,Metro Rail Project,Madurai,2025-06-06,2025-06-23,2025-06-23,17,22000,374000,44000,Paid,OP1078,Completed,0
RNT103494,EQX1244,CUST1082,SITE104,Smart City Zone,Salem,2025-03-19,2025-04-08,2025-04-17,20,30000,870000,60000,Pending,OP1033,Overdue,9
RNT103495,EQX1208,CUST1047,SITE128,Industrial Park,Mysore,2025-05-06,2025-05-24,2025-05-24,18,18000,324000,36000,Paid,OP1044,Completed,0
RNT103496,EQX1231,CUST1018,SITE127,Mining Site,Mysore,2025-01-12,2025-01-17,2025-01-17,5,22000,110000,44000,Partial,OP1031,Completed,0
RNT103497,EQX1145,CUST1063,SITE126,Metro Rail Project,Coimbatore,2025-01-23,2025-02-18,2025-02-19,26,24000,648000,48000,Paid,OP1047,Overdue,1
RNT103498,EQX1068,CUST1065,SITE127,Highway Expansion,Madurai,2025-04-19,2025-05-13,2025-05-13,24,18000,432000,36000,Pending,OP1093,Completed,0
RNT103499,EQX1143,CUST1102,SITE123,River Embankment,Bangalore,2025-05-14,2025-06-01,2025-06-01,18,12000,216000,24000,Paid,OP1159,Completed,0
RNT103500,EQX1248,CUST1029,SITE116,Smart City Zone,Salem,2025-04-09,2025-05-02,2025-05-02,23,30000,690000,60000,Paid,OP1143,Completed,0
RNT103501,EQX1101,CUST1085,SITE111,Mining Site,Salem,2025-02-15,2025-03-09,2025-03-09,22,24000,528000,48000,Pending,OP1080,Completed,0
RNT103502,EQX1261,CUST1057,SITE120,Industrial Park,Bangalore,2025-06-14,2025-06-21,2025-06-21,7,24000,168000,48000,Paid,OP1069,Completed,0
RNT103503,EQX1108,CUST1090,SITE102,Airport Extension,Hyderabad,2025-06-14,2025-07-07,2025-07-07,23,22000,506000,44000,Paid,OP1123,Completed,0
RNT103504,EQX1254,CUST1102,SITE124,Residential Township,Coimbatore,2025-03-14,2025-03-19,2025-03-19,5,18000,90000,36000,Paid,OP1114,Completed,0
RNT103505,EQX1266,CUST1076,SITE129,Residential Township,Coimbatore,2025-03-28,2025-04-22,2025-04-22,25,30000,750000,60000,Partial,OP1130,Completed,0
RNT103506,EQX1013,CUST1093,SITE116,Solar Power Plant,Hyderabad,2025-02-09,2025-02-12,2025-02-21,3,18000,216000,36000,Paid,OP1116,Overdue,9
RNT103507,EQX1066,CUST1112,SITE120,Residential Township,Madurai,2025-05-23,2025-06-21,2025-06-21,29,30000,870000,60000,Paid,OP1132,Completed,0
RNT103508,EQX1152,CUST1106,SITE120,Mining Site,Mysore,2025-03-12,2025-03-18,2025-03-18,6,18000,108000,36000,Paid,OP1144,Completed,0
RNT103509,EQX1197,CUST1013,SITE119,Solar Power Plant,Madurai,2025-05-19,2025-05-29,2025-05-29,10,25000,250000,50000,Paid,OP1092,Completed,0
RNT103510,EQX1051,CUST1093,SITE121,Mining Site,Chennai,2025-02-13,2025-02-18,2025-02-27,5,12000,168000,24000,Paid,OP1034,Overdue,9
RNT103511,EQX1127,CUST1039,SITE108,Harbor Expansion,Chennai,2025-01-18,2025-01-27,2025-01-27,9,24000,216000,48000,Paid,OP1152,Completed,0
RNT103512,EQX1007,CUST1103,SITE130,Solar Power Plant,Chennai,2025-03-25,2025-03-29,2025-03-29,4,30000,120000,60000,Paid,OP1057,Completed,0
RNT103513,EQX1127,CUST1085,SITE117,Airport Extension,Hyderabad,2025-01-10,2025-01-28,2025-01-28,18,24000,432000,48000,Paid,OP1067,Completed,0
RNT103514,EQX1198,CUST1038,SITE118,Industrial Park,Madurai,2025-01-18,2025-02-03,2025-02-03,16,24000,384000,48000,Paid,OP1127,Completed,0
RNT103515,EQX1074,CUST1095,SITE127,Residential Township,Mysore,2025-06-01,2025-06-20,2025-06-20,19,12000,228000,24000,Paid,OP1093,Completed,0
RNT103516,EQX1004,CUST1078,SITE125,Highway Expansion,Salem,2025-05-14,2025-06-06,2025-06-06,23,30000,690000,60000,Paid,OP1112,Completed,0
RNT103517,EQX1130,CUST1008,SITE104,Mining Site,Madurai,2025-04-03,2025-04-06,2025-04-06,3,25000,75000,50000,Paid,OP1107,Completed,0
RNT103518,EQX1158,CUST1013,SITE128,Industrial Park,Trichy,2025-03-20,2025-04-17,2025-04-17,28,24000,672000,48000,Paid,OP1131,Completed,0
RNT103519,EQX1237,CUST1087,SITE125,Mining Site,Trichy,2025-06-03,2025-06-16,2025-06-16,13,12000,156000,24000,Paid,OP1092,Completed,0
RNT103520,EQX1151,CUST1003,SITE120,Solar Power Plant,Madurai,2025-03-02,2025-03-22,2025-03-22,20,18000,360000,36000,Paid,OP1027,Completed,0
RNT103521,EQX1095,CUST1096,SITE112,Mining Site,Madurai,2025-06-29,2025-07-10,2025-07-10,11,18000,198000,36000,Paid,OP1183,Completed,0
RNT103522,EQX1125,CUST1079,SITE112,Industrial Park,Bangalore,2025-04-10,2025-04-14,2025-04-14,4,25000,100000,50000,Paid,OP1122,Completed,0
RNT103523,EQX1276,CUST1057,SITE122,Industrial Park,Mysore,2025-01-19,2025-02-07,2025-02-07,19,25000,475000,50000,Paid,OP1084,Completed,0
RNT103524,EQX1133,CUST1100,SITE127,Metro Rail Project,Bangalore,2025-04-25,2025-05-20,2025-05-29,25,30000,1020000,60000,Partial,OP1185,Overdue,9
RNT103525,EQX1021,CUST1025,SITE101,Highway Expansion,Trichy,2025-03-01,2025-03-26,2025-04-04,25,18000,612000,36000,Pending,OP1192,Overdue,9
RNT103526,EQX1229,CUST1097,SITE124,IT Park,Chennai,2025-02-12,2025-03-06,2025-03-06,22,22000,484000,44000,Paid,OP1073,Completed,0
RNT103527,EQX1289,CUST1028,SITE114,Smart City Zone,Mysore,2025-03-03,2025-03-05,2025-03-05,2,24000,48000,48000,Paid,OP1041,Completed,0
RNT103528,EQX1238,CUST1069,SITE111,Solar Power Plant,Trichy,2025-05-01,2025-05-08,2025-05-08,7,12000,84000,24000,Paid,OP1061,Completed,0
RNT103529,EQX1053,CUST1108,SITE126,IT Park,Chennai,2025-05-04,2025-06-02,2025-06-02,29,18000,522000,36000,Paid,OP1185,Completed,0
RNT103530,EQX1177,CUST1107,SITE123,Harbor Expansion,Chennai,2025-06-13,2025-06-30,2025-06-30,17,25000,425000,50000,Paid,OP1078,Completed,0
RNT103531,EQX1222,CUST1088,SITE105,Airport Extension,Madurai,2025-03-11,2025-03-16,2025-03-24,5,22000,286000,44000,Pending,OP1197,Overdue,8
RNT103532,EQX1088,CUST1072,SITE103,Bridge Construction,Madurai,2025-03-05,2025-03-24,2025-03-24,19,18000,342000,36000,Paid,OP1187,Completed,0
RNT103533,EQX1040,CUST1047,SITE116,Mining Site,Bangalore,2025-03-04,2025-03-16,2025-03-16,12,12000,144000,24000,Paid,OP1073,Completed,0
RNT103534,EQX1087,CUST1015,SITE128,River Embankment,Trichy,2025-05-24,2025-06-07,2025-06-07,14,25000,350000,50000,Paid,OP1143,Completed,0
RNT103535,EQX1096,CUST1042,SITE115,Industrial Park,Mysore,2025-03-02,2025-03-11,2025-03-12,9,25000,250000,50000,Paid,OP1173,Overdue,1
RNT103536,EQX1295,CUST1015,SITE120,Solar Power Plant,Trichy,2025-02-08,2025-02-17,2025-02-23,9,12000,180000,24000,Paid,OP1098,Overdue,6
RNT103537,EQX1051,CUST1027,SITE126,Mining Site,Salem,2025-03-29,2025-04-06,2025-04-06,8,12000,96000,24000,Pending,OP1087,Completed,0
RNT103538,EQX1129,CUST1111,SITE129,Harbor Expansion,Coimbatore,2025-03-18,2025-04-10,2025-04-10,23,24000,552000,48000,Pending,OP1188,Completed,0
RNT103539,EQX1148,CUST1105,SITE118,Bridge Construction,Bangalore,2025-04-21,2025-05-11,2025-05-11,20,22000,440000,44000,Paid,OP1031,Completed,0
RNT103540,EQX1255,CUST1083,SITE114,Solar Power Plant,Coimbatore,2025-05-04,2025-05-20,2025-05-20,16,12000,192000,24000,Partial,OP1130,Completed,0
RNT103541,EQX1273,CUST1061,SITE129,IT Park,Mysore,2025-02-26,2025-03-15,2025-03-19,17,18000,378000,36000,Paid,OP1198,Overdue,4
RNT103542,EQX1231,CUST1100,SITE101,Smart City Zone,Mysore,2025-03-28,2025-04-12,2025-04-12,15,22000,330000,44000,Paid,OP1071,Completed,0
RNT103543,EQX1266,CUST1080,SITE123,Harbor Expansion,Hyderabad,2025-06-25,2025-06-30,2025-07-10,5,30000,450000,60000,Paid,OP1013,Overdue,10
RNT103544,EQX1163,CUST1099,SITE110,Residential Township,Salem,2025-03-27,2025-03-30,2025-03-30,3,25000,75000,50000,Pending,OP1082,Completed,0
RNT103545,EQX1154,CUST1009,SITE119,Metro Rail Project,Hyderabad,2025-02-27,2025-03-08,2025-03-08,9,12000,108000,24000,Paid,OP1019,Completed,0
RNT103546,EQX1107,CUST1076,SITE117,IT Park,Madurai,2025-03-31,2025-04-23,2025-04-23,23,30000,690000,60000,Paid,OP1199,Completed,0
RNT103547,EQX1264,CUST1067,SITE116,Solar Power Plant,Madurai,2025-01-19,2025-02-16,2025-02-16,28,22000,616000,44000,Paid,OP1058,Completed,0
RNT103548,EQX1237,CUST1095,SITE104,River Embankment,Hyderabad,2025-02-21,2025-03-21,2025-03-21,28,12000,336000,24000,Paid,OP1122,Completed,0
RNT103549,EQX1222,CUST1078,SITE103,Metro Rail Project,Trichy,2025-01-06,2025-01-09,2025-01-14,3,22000,176000,44000,Paid,OP1050,Overdue,5
RNT103550,EQX1278,CUST1097,SITE117,Highway Expansion,Salem,2025-04-24,2025-05-02,2025-05-02,8,22000,176000,44000,Paid,OP1045,Completed,0
RNT103551,EQX1014,CUST1048,SITE130,Smart City Zone,Trichy,2025-06-06,2025-07-03,2025-07-03,27,12000,324000,24000,Partial,OP1040,Completed,0
RNT103552,EQX1105,CUST1019,SITE105,Harbor Expansion,Trichy,2025-01-13,2025-01-21,2025-01-21,8,12000,96000,24000,Partial,OP1074,Completed,0
RNT103553,EQX1071,CUST1058,SITE121,Airport Extension,Coimbatore,2025-04-30,2025-05-14,2025-05-14,14,30000,420000,60000,Paid,OP1196,Completed,0
RNT103554,EQX1029,CUST1007,SITE112,Industrial Park,Coimbatore,2025-05-26,2025-06-14,2025-06-14,19,12000,228000,24000,Pending,OP1198,Completed,0
RNT103555,EQX1076,CUST1007,SITE126,Airport Extension,Chennai,2025-06-19,2025-07-08,2025-07-08,19,25000,475000,50000,Paid,OP1086,Completed,0
RNT103556,EQX1058,CUST1082,SITE121,Residential Township,Mysore,2025-03-20,2025-03-29,2025-03-29,9,30000,270000,60000,Paid,OP1051,Completed,0
RNT103557,EQX1013,CUST1101,SITE102,River Embankment,Bangalore,2025-02-28,2025-03-25,2025-03-25,25,18000,450000,36000,Partial,OP1122,Completed,0
RNT103558,EQX1210,CUST1048,SITE120,Industrial Park,Trichy,2025-05-28,2025-06-01,2025-06-01,4,30000,120000,60000,Pending,OP1112,Completed,0
RNT103559,EQX1277,CUST1050,SITE116,Residential Township,Salem,2025-01-02,2025-01-25,2025-01-25,23,12000,276000,24000,Partial,OP1014,Completed,0
RNT103560,EQX1074,CUST1056,SITE116,Highway Expansion,Trichy,2025-03-24,2025-04-12,2025-04-12,19,12000,228000,24000,Pending,OP1177,Completed,0
RNT103561,EQX1128,CUST1010,SITE120,Smart City Zone,Bangalore,2025-06-30,2025-07-16,2025-07-24,16,30000,720000,60000,Pending,OP1020,Overdue,8
RNT103562,EQX1181,CUST1109,SITE125,Bridge Construction,Bangalore,2025-02-15,2025-02-26,2025-02-26,11,22000,242000,44000,Paid,OP1026,Completed,0
RNT103563,EQX1162,CUST1053,SITE105,Bridge Construction,Madurai,2025-05-18,2025-05-30,2025-05-30,12,25000,300000,50000,Paid,OP1107,Completed,0
RNT103564,EQX1293,CUST1079,SITE124,Bridge Construction,Salem,2025-01-15,2025-01-22,2025-01-22,7,18000,126000,36000,Paid,OP1014,Completed,0
RNT103565,EQX1177,CUST1043,SITE122,Harbor Expansion,Coimbatore,2025-05-13,2025-05-21,2025-05-21,8,25000,200000,50000,Paid,OP1080,Completed,0
RNT103566,EQX1143,CUST1111,SITE102,Harbor Expansion,Chennai,2025-01-30,2025-02-15,2025-02-15,16,12000,192000,24000,Paid,OP1106,Completed,0
RNT103567,EQX1061,CUST1096,SITE127,IT Park,Bangalore,2025-01-02,2025-01-23,2025-01-23,21,24000,504000,48000,Paid,OP1053,Completed,0
RNT103568,EQX1254,CUST1013,SITE109,Smart City Zone,Coimbatore,2025-06-10,2025-07-03,2025-07-03,23,18000,414000,36000,Paid,OP1198,Completed,0
RNT103569,EQX1017,CUST1012,SITE104,Highway Expansion,Bangalore,2025-05-03,2025-05-07,2025-05-07,4,12000,48000,24000,Paid,OP1143,Completed,0
RNT103570,EQX1035,CUST1083,SITE109,IT Park,Mysore,2025-02-22,2025-03-11,2025-03-19,17,22000,550000,44000,Paid,OP1103,Overdue,8
RNT103571,EQX1014,CUST1004,SITE107,Industrial Park,Mysore,2025-04-04,2025-05-02,2025-05-02,28,12000,336000,24000,Paid,OP1111,Completed,0
RNT103572,EQX1239,CUST1046,SITE118,River Embankment,Mysore,2025-06-17,2025-07-14,2025-07-14,27,22000,594000,44000,Pending,OP1060,Completed,0
RNT103573,EQX1122,CUST1050,SITE115,Residential Township,Salem,2025-03-07,2025-04-05,2025-04-05,29,18000,522000,36000,Paid,OP1068,Completed,0
RNT103574,EQX1269,CUST1088,SITE121,Smart City Zone,Coimbatore,2025-02-14,2025-03-11,2025-03-15,25,12000,348000,24000,Paid,OP1185,Overdue,4
RNT103575,EQX1061,CUST1019,SITE119,Airport Extension,Bangalore,2025-01-11,2025-01-27,2025-01-27,16,24000,384000,48000,Pending,OP1167,Completed,0
RNT103576,EQX1150,CUST1032,SITE101,Harbor Expansion,Mysore,2025-05-03,2025-05-18,2025-05-18,15,18000,270000,36000,Partial,OP1189,Completed,0
RNT103577,EQX1243,CUST1026,SITE117,Smart City Zone,Salem,2025-05-23,2025-05-26,2025-05-26,3,30000,90000,60000,Paid,OP1157,Completed,0
RNT103578,EQX1224,CUST1097,SITE113,Harbor Expansion,Madurai,2025-01-05,2025-01-16,2025-01-16,11,22000,242000,44000,Paid,OP1083,Completed,0
RNT103579,EQX1111,CUST1011,SITE112,Mining Site,Mysore,2025-05-21,2025-06-01,2025-06-04,11,22000,308000,44000,Partial,OP1158,Overdue,3
RNT103580,EQX1247,CUST1031,SITE113,IT Park,Mysore,2025-05-26,2025-06-10,2025-06-10,15,12000,180000,24000,Pending,OP1008,Completed,0
RNT103581,EQX1170,CUST1106,SITE122,Harbor Expansion,Madurai,2025-01-18,2025-01-21,2025-01-21,3,24000,72000,48000,Paid,OP1085,Completed,0
RNT103582,EQX1244,CUST1080,SITE105,Mining Site,Trichy,2025-06-16,2025-07-02,2025-07-03,16,30000,510000,60000,Paid,OP1166,Overdue,1
RNT103583,EQX1230,CUST1119,SITE129,Bridge Construction,Madurai,2025-01-19,2025-02-01,2025-02-01,13,18000,234000,36000,Paid,OP1152,Completed,0
RNT103584,EQX1078,CUST1114,SITE115,Airport Extension,Hyderabad,2025-05-15,2025-06-02,2025-06-02,18,12000,216000,24000,Paid,OP1157,Completed,0
RNT103585,EQX1031,CUST1059,SITE106,Metro Rail Project,Madurai,2025-01-28,2025-01-30,2025-02-04,2,18000,126000,36000,Paid,OP1121,Overdue,5
RNT103586,EQX1224,CUST1087,SITE115,Smart City Zone,Coimbatore,2025-05-25,2025-06-22,2025-06-22,28,22000,616000,44000,Paid,OP1185,Completed,0
RNT103587,EQX1162,CUST1055,SITE126,Highway Expansion,Hyderabad,2025-04-08,2025-04-10,2025-04-10,2,25000,50000,50000,Paid,OP1151,Completed,0
RNT103588,EQX1168,CUST1099,SITE124,Solar Power Plant,Madurai,2025-03-25,2025-03-30,2025-03-30,5,25000,125000,50000,Paid,OP1061,Completed,0
RNT103589,EQX1201,CUST1075,SITE106,Harbor Expansion,Madurai,2025-04-03,2025-05-02,2025-05-09,29,18000,648000,36000,Pending,OP1087,Overdue,7
RNT103590,EQX1014,CUST1074,SITE117,Solar Power Plant,Mysore,2025-04-08,2025-05-02,2025-05-02,24,12000,288000,24000,Pending,OP1089,Completed,0
RNT103591,EQX1178,CUST1113,SITE123,Harbor Expansion,Bangalore,2025-03-03,2025-03-21,2025-03-21,18,22000,396000,44000,Paid,OP1044,Completed,0
RNT103592,EQX1136,CUST1104,SITE112,Harbor Expansion,Coimbatore,2025-01-25,2025-02-17,2025-02-17,23,24000,552000,48000,Paid,OP1132,Completed,0
RNT103593,EQX1179,CUST1086,SITE125,Metro Rail Project,Chennai,2025-01-23,2025-02-21,2025-02-21,29,25000,725000,50000,Partial,OP1195,Completed,0
RNT103594,EQX1129,CUST1085,SITE106,Harbor Expansion,Trichy,2025-06-24,2025-07-05,2025-07-05,11,24000,264000,48000,Partial,OP1085,Completed,0
RNT103595,EQX1026,CUST1119,SITE127,Solar Power Plant,Mysore,2025-01-12,2025-01-23,2025-01-23,11,25000,275000,50000,Partial,OP1161,Completed,0
RNT103596,EQX1119,CUST1058,SITE118,Highway Expansion,Mysore,2025-02-04,2025-02-22,2025-03-03,18,22000,594000,44000,Paid,OP1140,Overdue,9
RNT103597,EQX1018,CUST1026,SITE109,Mining Site,Hyderabad,2025-04-24,2025-05-06,2025-05-06,12,22000,264000,44000,Paid,OP1110,Completed,0
RNT103598,EQX1234,CUST1003,SITE116,Mining Site,Chennai,2025-03-29,2025-04-09,2025-04-09,11,22000,242000,44000,Paid,OP1185,Completed,0
RNT103599,EQX1273,CUST1082,SITE107,Smart City Zone,Chennai,2025-01-31,2025-02-09,2025-02-09,9,18000,162000,36000,Paid,OP1093,Completed,0
RNT103600,EQX1264,CUST1087,SITE117,Harbor Expansion,Salem,2025-05-03,2025-05-19,2025-05-28,16,22000,550000,44000,Paid,OP1164,Overdue,9
RNT103601,EQX1183,CUST1043,SITE106,IT Park,Madurai,2025-03-29,2025-04-19,2025-04-19,21,12000,252000,24000,Paid,OP1127,Completed,0
RNT103602,EQX1164,CUST1004,SITE111,Residential Township,Salem,2025-01-03,2025-01-25,2025-01-25,22,30000,660000,60000,Partial,OP1125,Completed,0
RNT103603,EQX1237,CUST1111,SITE126,Bridge Construction,Coimbatore,2025-03-04,2025-03-15,2025-03-15,11,12000,132000,24000,Paid,OP1188,Completed,0
RNT103604,EQX1288,CUST1047,SITE123,Highway Expansion,Salem,2025-05-21,2025-06-03,2025-06-03,13,24000,312000,48000,Paid,OP1189,Completed,0
RNT103605,EQX1110,CUST1065,SITE122,Highway Expansion,Salem,2025-01-11,2025-02-07,2025-02-07,27,12000,324000,24000,Partial,OP1112,Completed,0
RNT103606,EQX1166,CUST1067,SITE107,Metro Rail Project,Bangalore,2025-05-31,2025-06-12,2025-06-12,12,22000,264000,44000,Paid,OP1034,Completed,0
RNT103607,EQX1217,CUST1060,SITE102,Bridge Construction,Salem,2025-02-04,2025-02-17,2025-02-17,13,18000,234000,36000,Paid,OP1034,Completed,0
RNT103608,EQX1107,CUST1115,SITE109,Harbor Expansion,Mysore,2025-02-25,2025-03-06,2025-03-06,9,30000,270000,60000,Paid,OP1154,Completed,0
RNT103609,EQX1200,CUST1110,SITE103,Industrial Park,Hyderabad,2025-06-06,2025-06-12,2025-06-12,6,18000,108000,36000,Paid,OP1095,Completed,0
RNT103610,EQX1032,CUST1023,SITE117,Airport Extension,Coimbatore,2025-06-05,2025-06-29,2025-06-29,24,24000,576000,48000,Pending,OP1128,Completed,0
RNT103611,EQX1043,CUST1069,SITE126,Industrial Park,Hyderabad,2025-04-03,2025-05-02,2025-05-02,29,22000,638000,44000,Paid,OP1125,Completed,0
RNT103612,EQX1166,CUST1114,SITE106,Bridge Construction,Madurai,2025-05-18,2025-05-31,2025-06-01,13,22000,308000,44000,Paid,OP1042,Overdue,1
RNT103613,EQX1207,CUST1038,SITE122,Smart City Zone,Chennai,2025-03-05,2025-03-31,2025-03-31,26,30000,780000,60000,Paid,OP1108,Completed,0
RNT103614,EQX1065,CUST1008,SITE107,Smart City Zone,Madurai,2025-06-03,2025-06-20,2025-06-20,17,25000,425000,50000,Paid,OP1157,Completed,0
RNT103615,EQX1232,CUST1050,SITE112,Bridge Construction,Bangalore,2025-02-17,2025-03-11,2025-03-11,22,18000,396000,36000,Paid,OP1126,Completed,0
RNT103616,EQX1120,CUST1072,SITE119,IT Park,Madurai,2025-05-21,2025-06-17,2025-06-17,27,22000,594000,44000,Pending,OP1074,Completed,0
RNT103617,EQX1124,CUST1048,SITE117,Highway Expansion,Madurai,2025-01-29,2025-02-17,2025-02-17,19,18000,342000,36000,Paid,OP1168,Completed,0
RNT103618,EQX1037,CUST1013,SITE125,Bridge Construction,Coimbatore,2025-04-30,2025-05-11,2025-05-18,11,25000,450000,50000,Paid,OP1149,Overdue,7
RNT103619,EQX1103,CUST1036,SITE112,Solar Power Plant,Hyderabad,2025-06-19,2025-06-29,2025-06-29,10,25000,250000,50000,Partial,OP1185,Completed,0
RNT103620,EQX1206,CUST1088,SITE110,Solar Power Plant,Chennai,2025-01-09,2025-01-21,2025-01-21,12,22000,264000,44000,Partial,OP1050,Completed,0
RNT103621,EQX1117,CUST1116,SITE107,Airport Extension,Coimbatore,2025-05-14,2025-05-25,2025-05-25,11,18000,198000,36000,Paid,OP1016,Completed,0
RNT103622,EQX1098,CUST1096,SITE127,Harbor Expansion,Coimbatore,2025-05-22,2025-06-06,2025-06-14,15,30000,690000,60000,Paid,OP1171,Overdue,8
RNT103623,EQX1262,CUST1002,SITE128,River Embankment,Chennai,2025-06-29,2025-07-01,2025-07-01,2,25000,50000,50000,Paid,OP1198,Completed,0
RNT103624,EQX1084,CUST1073,SITE117,Residential Township,Hyderabad,2025-04-23,2025-05-14,2025-05-14,21,12000,252000,24000,Paid,OP1008,Completed,0
RNT103625,EQX1172,CUST1007,SITE108,Airport Extension,Salem,2025-01-04,2025-01-22,2025-01-22,18,30000,540000,60000,Paid,OP1160,Completed,0
RNT103626,EQX1090,CUST1110,SITE113,Airport Extension,Coimbatore,2025-02-10,2025-03-11,2025-03-11,29,30000,870000,60000,Paid,OP1129,Completed,0
RNT103627,EQX1114,CUST1023,SITE114,Residential Township,Madurai,2025-02-22,2025-03-16,2025-03-16,22,12000,264000,24000,Paid,OP1168,Completed,0
RNT103628,EQX1020,CUST1021,SITE125,Industrial Park,Chennai,2025-02-10,2025-02-27,2025-02-27,17,30000,510000,60000,Paid,OP1021,Completed,0
RNT103629,EQX1189,CUST1113,SITE108,Mining Site,Chennai,2025-06-12,2025-07-08,2025-07-08,26,12000,312000,24000,Pending,OP1044,Completed,0
RNT103630,EQX1155,CUST1043,SITE114,Smart City Zone,Salem,2025-04-27,2025-04-29,2025-04-29,2,18000,36000,36000,Paid,OP1176,Completed,0
RNT103631,EQX1260,CUST1028,SITE120,Smart City Zone,Mysore,2025-02-03,2025-02-23,2025-02-23,20,30000,600000,60000,Paid,OP1199,Completed,0
RNT103632,EQX1196,CUST1024,SITE117,Bridge Construction,Chennai,2025-06-19,2025-07-08,2025-07-11,19,22000,484000,44000,Paid,OP1161,Overdue,3
RNT103633,EQX1062,CUST1053,SITE125,Bridge Construction,Trichy,2025-06-07,2025-07-04,2025-07-04,27,12000,324000,24000,Paid,OP1138,Completed,0
RNT103634,EQX1059,CUST1086,SITE128,River Embankment,Trichy,2025-04-18,2025-04-26,2025-04-26,8,24000,192000,48000,Pending,OP1002,Completed,0
RNT103635,EQX1144,CUST1030,SITE125,Highway Expansion,Hyderabad,2025-04-05,2025-04-26,2025-04-26,21,18000,378000,36000,Pending,OP1155,Completed,0
RNT103636,EQX1196,CUST1119,SITE102,Solar Power Plant,Hyderabad,2025-05-07,2025-05-27,2025-05-27,20,22000,440000,44000,Paid,OP1078,Completed,0
RNT103637,EQX1173,CUST1006,SITE105,Industrial Park,Trichy,2025-01-13,2025-02-10,2025-02-10,28,24000,672000,48000,Paid,OP1143,Completed,0
RNT103638,EQX1168,CUST1091,SITE123,Solar Power Plant,Coimbatore,2025-04-11,2025-04-26,2025-04-26,15,25000,375000,50000,Paid,OP1120,Completed,0
RNT103639,EQX1274,CUST1006,SITE107,River Embankment,Trichy,2025-05-05,2025-06-03,2025-06-03,29,30000,870000,60000,Pending,OP1196,Completed,0
RNT103640,EQX1076,CUST1045,SITE122,Metro Rail Project,Madurai,2025-02-23,2025-03-19,2025-03-19,24,25000,600000,50000,Paid,OP1125,Completed,0
RNT103641,EQX1286,CUST1068,SITE102,Bridge Construction,Hyderabad,2025-01-09,2025-01-19,2025-01-19,10,18000,180000,36000,Paid,OP1129,Completed,0
RNT103642,EQX1118,CUST1017,SITE122,River Embankment,Trichy,2025-05-26,2025-06-25,2025-06-25,30,12000,360000,24000,Pending,OP1117,Completed,0
RNT103643,EQX1158,CUST1029,SITE111,Airport Extension,Salem,2025-03-28,2025-04-25,2025-04-25,28,24000,672000,48000,Pending,OP1192,Completed,0
RNT103644,EQX1053,CUST1101,SITE112,Smart City Zone,Madurai,2025-04-23,2025-05-09,2025-05-09,16,18000,288000,36000,Paid,OP1118,Completed,0
RNT103645,EQX1223,CUST1089,SITE104,Smart City Zone,Coimbatore,2025-06-23,2025-07-19,2025-07-19,26,30000,780000,60000,Paid,OP1082,Completed,0
RNT103646,EQX1265,CUST1071,SITE130,Solar Power Plant,Chennai,2025-02-18,2025-03-07,2025-03-07,17,22000,374000,44000,Pending,OP1175,Completed,0
RNT103647,EQX1069,CUST1111,SITE105,Harbor Expansion,Coimbatore,2025-01-27,2025-01-31,2025-01-31,4,25000,100000,50000,Pending,OP1042,Completed,0
RNT103648,EQX1090,CUST1017,SITE103,Solar Power Plant,Hyderabad,2025-01-26,2025-02-16,2025-02-16,21,30000,630000,60000,Paid,OP1047,Completed,0
RNT103649,EQX1195,CUST1096,SITE125,IT Park,Trichy,2025-01-30,2025-02-24,2025-02-26,25,18000,486000,36000,Paid,OP1007,Overdue,2
RNT103650,EQX1241,CUST1116,SITE127,Residential Township,Bangalore,2025-02-25,2025-03-22,2025-03-22,25,12000,300000,24000,Pending,OP1157,Completed,0
RNT103651,EQX1143,CUST1058,SITE125,Mining Site,Bangalore,2025-01-17,2025-02-03,2025-02-03,17,12000,204000,24000,Paid,OP1077,Completed,0
RNT103652,EQX1142,CUST1100,SITE107,Metro Rail Project,Chennai,2025-05-15,2025-06-02,2025-06-04,18,24000,480000,48000,Partial,OP1009,Overdue,2
RNT103653,EQX1215,CUST1084,SITE109,Airport Extension,Madurai,2025-04-09,2025-04-30,2025-05-07,21,12000,336000,24000,Paid,OP1159,Overdue,7
RNT103654,EQX1085,CUST1078,SITE112,Highway Expansion,Chennai,2025-02-27,2025-03-07,2025-03-07,8,24000,192000,48000,Paid,OP1066,Completed,0
RNT103655,EQX1275,CUST1082,SITE126,Smart City Zone,Trichy,2025-02-22,2025-03-01,2025-03-01,7,18000,126000,36000,Paid,OP1183,Completed,0
RNT103656,EQX1122,CUST1099,SITE114,Metro Rail Project,Mysore,2025-06-06,2025-07-04,2025-07-10,28,18000,612000,36000,Paid,OP1125,Overdue,6
RNT103657,EQX1063,CUST1018,SITE106,Harbor Expansion,Coimbatore,2025-05-20,2025-06-16,2025-06-16,27,25000,675000,50000,Paid,OP1124,Completed,0
RNT103658,EQX1275,CUST1061,SITE107,Mining Site,Coimbatore,2025-06-17,2025-07-02,2025-07-02,15,18000,270000,36000,Paid,OP1110,Completed,0
RNT103659,EQX1218,CUST1005,SITE115,Airport Extension,Chennai,2025-04-30,2025-05-30,2025-05-31,30,12000,372000,24000,Paid,OP1067,Overdue,1
RNT103660,EQX1196,CUST1007,SITE115,IT Park,Bangalore,2025-02-24,2025-03-04,2025-03-04,8,22000,176000,44000,Pending,OP1166,Completed,0
RNT103661,EQX1193,CUST1060,SITE129,Smart City Zone,Madurai,2025-04-12,2025-04-29,2025-04-29,17,18000,306000,36000,Paid,OP1007,Completed,0
RNT103662,EQX1145,CUST1010,SITE112,Residential Township,Hyderabad,2025-04-30,2025-05-03,2025-05-03,3,24000,72000,48000,Partial,OP1103,Completed,0
RNT103663,EQX1203,CUST1015,SITE124,Highway Expansion,Salem,2025-05-27,2025-06-02,2025-06-02,6,22000,132000,44000,Partial,OP1031,Completed,0
RNT103664,EQX1217,CUST1040,SITE116,Industrial Park,Madurai,2025-02-17,2025-03-03,2025-03-03,14,18000,252000,36000,Paid,OP1132,Completed,0
RNT103665,EQX1015,CUST1032,SITE113,Smart City Zone,Mysore,2025-01-16,2025-02-02,2025-02-02,17,22000,374000,44000,Paid,OP1095,Completed,0
RNT103666,EQX1158,CUST1052,SITE127,Airport Extension,Salem,2025-03-27,2025-04-16,2025-04-16,20,24000,480000,48000,Partial,OP1134,Completed,0
RNT103667,EQX1260,CUST1050,SITE113,Metro Rail Project,Trichy,2025-06-18,2025-06-25,2025-06-25,7,30000,210000,60000,Paid,OP1121,Completed,0
RNT103668,EQX1247,CUST1011,SITE110,Solar Power Plant,Hyderabad,2025-04-08,2025-04-17,2025-04-23,9,12000,180000,24000,Paid,OP1149,Overdue,6
RNT103669,EQX1124,CUST1039,SITE104,Residential Township,Madurai,2025-02-21,2025-03-21,2025-03-21,28,18000,504000,36000,Paid,OP1090,Completed,0
RNT103670,EQX1033,CUST1070,SITE111,Smart City Zone,Coimbatore,2025-02-24,2025-03-17,2025-03-17,21,24000,504000,48000,Paid,OP1172,Completed,0
RNT103671,EQX1285,CUST1018,SITE108,Mining Site,Mysore,2025-01-26,2025-02-10,2025-02-10,15,30000,450000,60000,Pending,OP1007,Completed,0
RNT103672,EQX1161,CUST1083,SITE106,Airport Extension,Chennai,2025-03-25,2025-04-18,2025-04-18,24,30000,720000,60000,Partial,OP1056,Completed,0
RNT103673,EQX1256,CUST1096,SITE113,Industrial Park,Mysore,2025-03-21,2025-03-26,2025-03-26,5,12000,60000,24000,Paid,OP1180,Completed,0
RNT103674,EQX1141,CUST1086,SITE117,River Embankment,Coimbatore,2025-06-18,2025-06-27,2025-06-27,9,12000,108000,24000,Paid,OP1073,Completed,0
RNT103675,EQX1009,CUST1056,SITE125,Harbor Expansion,Hyderabad,2025-02-12,2025-03-06,2025-03-06,22,12000,264000,24000,Paid,OP1039,Completed,0
RNT103676,EQX1063,CUST1118,SITE122,Highway Expansion,Mysore,2025-05-19,2025-06-11,2025-06-11,23,25000,575000,50000,Paid,OP1035,Completed,0
RNT103677,EQX1050,CUST1005,SITE124,IT Park,Madurai,2025-01-13,2025-02-01,2025-02-01,19,18000,342000,36000,Paid,OP1176,Completed,0
RNT103678,EQX1043,CUST1090,SITE127,Bridge Construction,Salem,2025-03-27,2025-04-06,2025-04-08,10,22000,264000,44000,Paid,OP1020,Overdue,2
RNT103679,EQX1075,CUST1092,SITE110,IT Park,Mysore,2025-06-22,2025-07-09,2025-07-15,17,18000,414000,36000,Paid,OP1018,Overdue,6
RNT103680,EQX1281,CUST1020,SITE113,Airport Extension,Coimbatore,2025-06-18,2025-07-18,2025-07-18,30,12000,360000,24000,Paid,OP1089,Completed,0
RNT103681,EQX1273,CUST1033,SITE107,Mining Site,Hyderabad,2025-03-16,2025-03-18,2025-03-24,2,18000,144000,36000,Paid,OP1125,Overdue,6
RNT103682,EQX1102,CUST1103,SITE115,Residential Township,Coimbatore,2025-03-21,2025-04-18,2025-04-18,28,18000,504000,36000,Paid,OP1090,Completed,0
RNT103683,EQX1020,CUST1117,SITE130,Mining Site,Bangalore,2025-01-22,2025-01-29,2025-01-31,7,30000,270000,60000,Pending,OP1164,Overdue,2
RNT103684,EQX1070,CUST1052,SITE113,Airport Extension,Coimbatore,2025-02-07,2025-03-02,2025-03-02,23,24000,552000,48000,Paid,OP1122,Completed,0
RNT103685,EQX1105,CUST1065,SITE109,Smart City Zone,Chennai,2025-05-22,2025-06-02,2025-06-02,11,12000,132000,24000,Paid,OP1158,Completed,0
RNT103686,EQX1089,CUST1054,SITE106,Residential Township,Hyderabad,2025-04-21,2025-04-29,2025-04-29,8,18000,144000,36000,Partial,OP1163,Completed,0
RNT103687,EQX1073,CUST1101,SITE119,Solar Power Plant,Bangalore,2025-03-03,2025-03-18,2025-03-18,15,22000,330000,44000,Paid,OP1165,Completed,0
RNT103688,EQX1264,CUST1008,SITE118,Solar Power Plant,Mysore,2025-05-02,2025-05-30,2025-05-30,28,22000,616000,44000,Paid,OP1179,Completed,0
RNT103689,EQX1021,CUST1009,SITE107,IT Park,Coimbatore,2025-01-02,2025-01-23,2025-01-23,21,18000,378000,36000,Paid,OP1009,Completed,0
RNT103690,EQX1199,CUST1086,SITE121,IT Park,Chennai,2025-06-18,2025-06-20,2025-06-20,2,18000,36000,36000,Paid,OP1121,Completed,0
RNT103691,EQX1187,CUST1099,SITE113,Metro Rail Project,Salem,2025-02-01,2025-02-13,2025-02-20,12,30000,570000,60000,Paid,OP1135,Overdue,7
RNT103692,EQX1087,CUST1097,SITE105,Smart City Zone,Bangalore,2025-06-20,2025-06-24,2025-06-24,4,25000,100000,50000,Paid,OP1183,Completed,0
RNT103693,EQX1011,CUST1114,SITE129,River Embankment,Salem,2025-03-15,2025-04-14,2025-04-14,30,25000,750000,50000,Paid,OP1195,Completed,0
RNT103694,EQX1107,CUST1089,SITE101,Solar Power Plant,Salem,2025-04-06,2025-04-08,2025-04-08,2,30000,60000,60000,Paid,OP1040,Completed,0
RNT103695,EQX1188,CUST1019,SITE101,Solar Power Plant,Hyderabad,2025-06-15,2025-07-15,2025-07-15,30,30000,900000,60000,Paid,OP1095,Completed,0
RNT103696,EQX1077,CUST1038,SITE124,Metro Rail Project,Salem,2025-06-03,2025-06-09,2025-06-09,6,18000,108000,36000,Paid,OP1002,Completed,0
RNT103697,EQX1035,CUST1090,SITE114,IT Park,Trichy,2025-06-07,2025-06-15,2025-06-15,8,22000,176000,44000,Paid,OP1178,Completed,0
RNT103698,EQX1240,CUST1005,SITE104,Airport Extension,Trichy,2025-06-10,2025-06-13,2025-06-14,3,22000,88000,44000,Paid,OP1029,Overdue,1
RNT103699,EQX1095,CUST1031,SITE116,Harbor Expansion,Madurai,2025-04-25,2025-05-19,2025-05-19,24,18000,432000,36000,Partial,OP1192,Completed,0
RNT103700,EQX1111,CUST1116,SITE103,Metro Rail Project,Madurai,2025-03-28,2025-04-18,2025-04-18,21,22000,462000,44000,Paid,OP1134,Completed,0
RNT103701,EQX1236,CUST1069,SITE107,Mining Site,Mysore,2025-05-14,2025-05-18,2025-05-18,4,18000,72000,36000,Paid,OP1175,Completed,0
RNT103702,EQX1242,CUST1111,SITE121,River Embankment,Coimbatore,2025-06-26,2025-07-03,2025-07-03,7,25000,175000,50000,Paid,OP1172,Completed,0
RNT103703,EQX1220,CUST1007,SITE122,Airport Extension,Mysore,2025-03-30,2025-04-14,2025-04-14,15,30000,450000,60000,Paid,OP1083,Completed,0
RNT103704,EQX1050,CUST1004,SITE108,River Embankment,Hyderabad,2025-04-29,2025-05-03,2025-05-03,4,18000,72000,36000,Partial,OP1016,Completed,0
RNT103705,EQX1286,CUST1078,SITE109,Mining Site,Bangalore,2025-01-09,2025-01-21,2025-01-21,12,18000,216000,36000,Paid,OP1021,Completed,0
RNT103706,EQX1185,CUST1027,SITE104,Smart City Zone,Bangalore,2025-01-17,2025-02-11,2025-02-11,25,30000,750000,60000,Paid,OP1189,Completed,0
RNT103707,EQX1173,CUST1018,SITE103,Metro Rail Project,Bangalore,2025-05-17,2025-06-04,2025-06-10,18,24000,576000,48000,Paid,OP1043,Overdue,6
RNT103708,EQX1255,CUST1047,SITE127,Harbor Expansion,Trichy,2025-04-02,2025-04-20,2025-04-20,18,12000,216000,24000,Partial,OP1150,Completed,0
RNT103709,EQX1293,CUST1039,SITE123,Smart City Zone,Salem,2025-05-11,2025-05-27,2025-05-27,16,18000,288000,36000,Pending,OP1109,Completed,0
RNT103710,EQX1293,CUST1075,SITE103,Harbor Expansion,Coimbatore,2025-01-25,2025-02-14,2025-02-21,20,18000,486000,36000,Pending,OP1008,Overdue,7
RNT103711,EQX1154,CUST1064,SITE130,Highway Expansion,Coimbatore,2025-02-08,2025-02-12,2025-02-12,4,12000,48000,24000,Paid,OP1076,Completed,0
RNT103712,EQX1157,CUST1057,SITE111,Airport Extension,Hyderabad,2025-06-12,2025-06-25,2025-06-25,13,30000,390000,60000,Paid,OP1079,Completed,0
RNT103713,EQX1078,CUST1036,SITE115,Metro Rail Project,Salem,2025-04-11,2025-04-20,2025-04-20,9,12000,108000,24000,Paid,OP1114,Completed,0
RNT103714,EQX1060,CUST1017,SITE102,Metro Rail Project,Coimbatore,2025-06-13,2025-07-11,2025-07-11,28,25000,700000,50000,Partial,OP1165,Completed,0
RNT103715,EQX1119,CUST1062,SITE105,Harbor Expansion,Mysore,2025-03-24,2025-03-26,2025-03-26,2,22000,44000,44000,Paid,OP1167,Completed,0
RNT103716,EQX1177,CUST1060,SITE102,Mining Site,Madurai,2025-03-15,2025-03-19,2025-03-19,4,25000,100000,50000,Paid,OP1075,Completed,0
RNT103717,EQX1188,CUST1016,SITE128,Airport Extension,Chennai,2025-05-02,2025-05-16,2025-05-16,14,30000,420000,60000,Paid,OP1138,Completed,0
RNT103718,EQX1266,CUST1095,SITE108,Solar Power Plant,Hyderabad,2025-04-25,2025-05-11,2025-05-11,16,30000,480000,60000,Paid,OP1184,Completed,0
RNT103719,EQX1068,CUST1032,SITE106,Solar Power Plant,Hyderabad,2025-06-09,2025-06-28,2025-06-28,19,18000,342000,36000,Paid,OP1092,Completed,0
RNT103720,EQX1279,CUST1106,SITE117,Mining Site,Madurai,2025-06-28,2025-07-10,2025-07-10,12,25000,300000,50000,Paid,OP1054,Completed,0
RNT103721,EQX1139,CUST1066,SITE105,Metro Rail Project,Trichy,2025-02-08,2025-03-08,2025-03-08,28,30000,840000,60000,Pending,OP1172,Completed,0
RNT103722,EQX1145,CUST1026,SITE103,Airport Extension,Madurai,2025-03-05,2025-03-25,2025-03-30,20,24000,600000,48000,Paid,OP1161,Overdue,5
RNT103723,EQX1115,CUST1042,SITE125,Mining Site,Madurai,2025-02-04,2025-03-01,2025-03-01,25,18000,450000,36000,Paid,OP1179,Completed,0
RNT103724,EQX1043,CUST1081,SITE115,Smart City Zone,Bangalore,2025-05-14,2025-05-26,2025-05-26,12,22000,264000,44000,Paid,OP1066,Completed,0
RNT103725,EQX1296,CUST1116,SITE123,Highway Expansion,Trichy,2025-06-28,2025-07-27,2025-07-27,29,30000,870000,60000,Partial,OP1117,Completed,0
RNT103726,EQX1085,CUST1003,SITE121,Industrial Park,Mysore,2025-04-02,2025-04-07,2025-04-07,5,24000,120000,48000,Paid,OP1161,Completed,0
RNT103727,EQX1006,CUST1120,SITE122,Highway Expansion,Madurai,2025-05-13,2025-06-12,2025-06-12,30,24000,720000,48000,Partial,OP1030,Completed,0
RNT103728,EQX1067,CUST1082,SITE107,River Embankment,Bangalore,2025-03-07,2025-03-27,2025-03-27,20,24000,480000,48000,Paid,OP1044,Completed,0
RNT103729,EQX1212,CUST1111,SITE127,Highway Expansion,Mysore,2025-01-10,2025-01-19,2025-01-19,9,24000,216000,48000,Paid,OP1052,Completed,0
RNT103730,EQX1237,CUST1051,SITE125,Metro Rail Project,Salem,2025-05-05,2025-05-30,2025-05-30,25,12000,300000,24000,Paid,OP1137,Completed,0
RNT103731,EQX1234,CUST1088,SITE118,Mining Site,Mysore,2025-01-05,2025-01-11,2025-01-11,6,22000,132000,44000,Paid,OP1181,Completed,0
RNT103732,EQX1196,CUST1067,SITE114,Highway Expansion,Hyderabad,2025-03-10,2025-03-19,2025-03-19,9,22000,198000,44000,Paid,OP1126,Completed,0
RNT103733,EQX1293,CUST1070,SITE102,River Embankment,Bangalore,2025-01-19,2025-02-02,2025-02-02,14,18000,252000,36000,Paid,OP1176,Completed,0
RNT103734,EQX1162,CUST1118,SITE126,Airport Extension,Bangalore,2025-04-03,2025-04-27,2025-04-27,24,25000,600000,50000,Paid,OP1008,Completed,0
RNT103735,EQX1046,CUST1012,SITE129,Mining Site,Salem,2025-05-29,2025-06-27,2025-06-27,29,22000,638000,44000,Paid,OP1020,Completed,0
RNT103736,EQX1043,CUST1110,SITE117,Smart City Zone,Madurai,2025-06-19,2025-07-10,2025-07-10,21,22000,462000,44000,Paid,OP1083,Completed,0
RNT103737,EQX1118,CUST1033,SITE123,River Embankment,Trichy,2025-01-12,2025-02-05,2025-02-05,24,12000,288000,24000,Pending,OP1103,Completed,0
RNT103738,EQX1176,CUST1111,SITE124,Metro Rail Project,Coimbatore,2025-01-12,2025-02-11,2025-02-11,30,30000,900000,60000,Paid,OP1066,Completed,0
RNT103739,EQX1059,CUST1056,SITE113,Bridge Construction,Coimbatore,2025-06-23,2025-07-19,2025-07-29,26,24000,864000,48000,Paid,OP1030,Overdue,10
RNT103740,EQX1220,CUST1006,SITE101,Mining Site,Bangalore,2025-05-06,2025-05-25,2025-05-31,19,30000,750000,60000,Partial,OP1011,Overdue,6
RNT103741,EQX1232,CUST1034,SITE108,Harbor Expansion,Chennai,2025-01-30,2025-02-27,2025-03-07,28,18000,648000,36000,Paid,OP1052,Overdue,8
RNT103742,EQX1048,CUST1029,SITE121,Metro Rail Project,Hyderabad,2025-04-17,2025-05-13,2025-05-13,26,30000,780000,60000,Paid,OP1109,Completed,0
RNT103743,EQX1026,CUST1034,SITE105,Residential Township,Coimbatore,2025-02-08,2025-02-24,2025-02-24,16,25000,400000,50000,Paid,OP1191,Completed,0
RNT103744,EQX1153,CUST1028,SITE109,Solar Power Plant,Hyderabad,2025-01-16,2025-02-06,2025-02-06,21,24000,504000,48000,Paid,OP1109,Completed,0
RNT103745,EQX1115,CUST1119,SITE116,Bridge Construction,Coimbatore,2025-05-10,2025-05-28,2025-05-28,18,18000,324000,36000,Pending,OP1159,Completed,0
RNT103746,EQX1045,CUST1011,SITE129,Highway Expansion,Trichy,2025-04-18,2025-04-30,2025-04-30,12,25000,300000,50000,Paid,OP1017,Completed,0
RNT103747,EQX1190,CUST1039,SITE120,IT Park,Chennai,2025-05-26,2025-06-16,2025-06-16,21,25000,525000,50000,Paid,OP1137,Completed,0
RNT103748,EQX1133,CUST1039,SITE130,Solar Power Plant,Trichy,2025-03-21,2025-03-25,2025-03-25,4,30000,120000,60000,Paid,OP1059,Completed,0
RNT103749,EQX1242,CUST1066,SITE129,IT Park,Madurai,2025-06-06,2025-06-17,2025-06-19,11,25000,325000,50000,Partial,OP1108,Overdue,2
RNT103750,EQX1190,CUST1004,SITE130,IT Park,Madurai,2025-05-07,2025-06-02,2025-06-02,26,25000,650000,50000,Pending,OP1096,Completed,0
RNT103751,EQX1173,CUST1046,SITE115,Highway Expansion,Mysore,2025-06-23,2025-07-07,2025-07-07,14,24000,336000,48000,Paid,OP1024,Completed,0
RNT103752,EQX1173,CUST1101,SITE129,Industrial Park,Chennai,2025-04-04,2025-04-10,2025-04-10,6,24000,144000,48000,Paid,OP1066,Completed,0
RNT103753,EQX1103,CUST1079,SITE107,Metro Rail Project,Madurai,2025-02-01,2025-02-09,2025-02-09,8,25000,200000,50000,Paid,OP1200,Completed,0
RNT103754,EQX1285,CUST1033,SITE111,Bridge Construction,Mysore,2025-04-15,2025-05-12,2025-05-12,27,30000,810000,60000,Paid,OP1136,Completed,0
RNT103755,EQX1164,CUST1022,SITE106,Mining Site,Chennai,2025-04-12,2025-05-09,2025-05-09,27,30000,810000,60000,Paid,OP1056,Completed,0
RNT103756,EQX1175,CUST1082,SITE106,Harbor Expansion,Trichy,2025-03-28,2025-04-21,2025-04-21,24,25000,600000,50000,Paid,OP1018,Completed,0
RNT103757,EQX1246,CUST1104,SITE130,Highway Expansion,Bangalore,2025-02-24,2025-02-28,2025-03-10,4,22000,308000,44000,Paid,OP1037,Overdue,10
RNT103758,EQX1260,CUST1101,SITE124,Mining Site,Hyderabad,2025-05-29,2025-06-04,2025-06-04,6,30000,180000,60000,Pending,OP1169,Completed,0
RNT103759,EQX1098,CUST1043,SITE123,Bridge Construction,Trichy,2025-04-21,2025-04-23,2025-04-23,2,30000,60000,60000,Paid,OP1183,Completed,0
RNT103760,EQX1004,CUST1030,SITE117,IT Park,Coimbatore,2025-05-02,2025-05-10,2025-05-17,8,30000,450000,60000,Paid,OP1089,Overdue,7
RNT103761,EQX1130,CUST1045,SITE104,Industrial Park,Trichy,2025-02-07,2025-02-26,2025-02-26,19,25000,475000,50000,Paid,OP1005,Completed,0
RNT103762,EQX1038,CUST1106,SITE119,Metro Rail Project,Coimbatore,2025-02-13,2025-03-04,2025-03-04,19,18000,342000,36000,Paid,OP1189,Completed,0
RNT103763,EQX1035,CUST1012,SITE119,Smart City Zone,Trichy,2025-01-19,2025-01-22,2025-01-22,3,22000,66000,44000,Paid,OP1013,Completed,0
RNT103764,EQX1288,CUST1082,SITE110,Highway Expansion,Bangalore,2025-06-20,2025-07-09,2025-07-09,19,24000,456000,48000,Paid,OP1007,Completed,0
RNT103765,EQX1091,CUST1111,SITE121,Industrial Park,Coimbatore,2025-01-08,2025-02-02,2025-02-02,25,25000,625000,50000,Paid,OP1071,Completed,0
RNT103766,EQX1215,CUST1051,SITE101,Harbor Expansion,Trichy,2025-05-07,2025-05-15,2025-05-15,8,12000,96000,24000,Paid,OP1001,Completed,0
RNT103767,EQX1130,CUST1056,SITE124,Smart City Zone,Coimbatore,2025-05-21,2025-05-28,2025-05-28,7,25000,175000,50000,Paid,OP1149,Completed,0
RNT103768,EQX1063,CUST1107,SITE107,Harbor Expansion,Hyderabad,2025-05-24,2025-05-30,2025-06-02,6,25000,225000,50000,Pending,OP1049,Overdue,3
RNT103769,EQX1186,CUST1024,SITE129,Mining Site,Bangalore,2025-03-20,2025-04-18,2025-04-18,29,25000,725000,50000,Paid,OP1196,Completed,0
RNT103770,EQX1115,CUST1086,SITE128,Airport Extension,Madurai,2025-01-18,2025-01-22,2025-01-22,4,18000,72000,36000,Paid,OP1067,Completed,0
RNT103771,EQX1011,CUST1071,SITE118,Solar Power Plant,Chennai,2025-03-22,2025-04-10,2025-04-14,19,25000,575000,50000,Paid,OP1038,Overdue,4
RNT103772,EQX1073,CUST1036,SITE127,Mining Site,Hyderabad,2025-04-11,2025-04-24,2025-04-24,13,22000,286000,44000,Paid,OP1132,Completed,0
RNT103773,EQX1273,CUST1040,SITE103,Industrial Park,Mysore,2025-01-19,2025-01-30,2025-01-30,11,18000,198000,36000,Partial,OP1049,Completed,0
RNT103774,EQX1133,CUST1091,SITE112,Harbor Expansion,Chennai,2025-06-14,2025-07-05,2025-07-05,21,30000,630000,60000,Paid,OP1145,Completed,0
RNT103775,EQX1026,CUST1023,SITE127,Airport Extension,Bangalore,2025-05-05,2025-05-31,2025-05-31,26,25000,650000,50000,Paid,OP1038,Completed,0
RNT103776,EQX1140,CUST1086,SITE110,Harbor Expansion,Trichy,2025-02-25,2025-03-06,2025-03-06,9,12000,108000,24000,Paid,OP1013,Completed,0
RNT103777,EQX1006,CUST1041,SITE128,Industrial Park,Mysore,2025-05-18,2025-06-12,2025-06-12,25,24000,600000,48000,Pending,OP1188,Completed,0
RNT103778,EQX1248,CUST1090,SITE108,Mining Site,Mysore,2025-02-26,2025-03-08,2025-03-08,10,30000,300000,60000,Paid,OP1010,Completed,0
RNT103779,EQX1174,CUST1068,SITE122,Mining Site,Chennai,2025-03-15,2025-03-28,2025-03-28,13,25000,325000,50000,Paid,OP1113,Completed,0
RNT103780,EQX1262,CUST1029,SITE110,Airport Extension,Salem,2025-01-25,2025-02-04,2025-02-04,10,25000,250000,50000,Paid,OP1083,Completed,0
RNT103781,EQX1289,CUST1075,SITE108,Airport Extension,Trichy,2025-02-01,2025-02-09,2025-02-18,8,24000,408000,48000,Paid,OP1184,Overdue,9
RNT103782,EQX1216,CUST1120,SITE115,River Embankment,Trichy,2025-06-04,2025-07-04,2025-07-04,30,24000,720000,48000,Paid,OP1047,Completed,0
RNT103783,EQX1094,CUST1084,SITE115,River Embankment,Bangalore,2025-05-26,2025-06-15,2025-06-15,20,30000,600000,60000,Paid,OP1050,Completed,0
RNT103784,EQX1009,CUST1070,SITE115,Residential Township,Madurai,2025-06-20,2025-07-04,2025-07-04,14,12000,168000,24000,Paid,OP1111,Completed,0
RNT103785,EQX1015,CUST1110,SITE105,Highway Expansion,Bangalore,2025-01-08,2025-01-21,2025-01-21,13,22000,286000,44000,Paid,OP1154,Completed,0
RNT103786,EQX1003,CUST1011,SITE106,River Embankment,Salem,2025-03-22,2025-04-03,2025-04-03,12,25000,300000,50000,Paid,OP1015,Completed,0
RNT103787,EQX1096,CUST1058,SITE116,Harbor Expansion,Bangalore,2025-02-12,2025-03-09,2025-03-09,25,25000,625000,50000,Paid,OP1074,Completed,0
RNT103788,EQX1054,CUST1108,SITE122,Residential Township,Coimbatore,2025-04-08,2025-05-04,2025-05-04,26,12000,312000,24000,Paid,OP1122,Completed,0
RNT103789,EQX1255,CUST1117,SITE126,Mining Site,Coimbatore,2025-02-14,2025-03-14,2025-03-17,28,12000,372000,24000,Partial,OP1171,Overdue,3
RNT103790,EQX1151,CUST1076,SITE121,Highway Expansion,Salem,2025-04-09,2025-05-07,2025-05-07,28,18000,504000,36000,Paid,OP1199,Completed,0
RNT103791,EQX1135,CUST1010,SITE119,Industrial Park,Mysore,2025-03-08,2025-03-24,2025-03-24,16,24000,384000,48000,Paid,OP1063,Completed,0
RNT103792,EQX1143,CUST1049,SITE130,IT Park,Salem,2025-03-14,2025-03-28,2025-03-28,14,12000,168000,24000,Paid,OP1058,Completed,0
RNT103793,EQX1217,CUST1008,SITE105,Residential Township,Trichy,2025-02-16,2025-02-28,2025-02-28,12,18000,216000,36000,Paid,OP1187,Completed,0
RNT103794,EQX1164,CUST1029,SITE124,Solar Power Plant,Trichy,2025-06-16,2025-07-14,2025-07-14,28,30000,840000,60000,Pending,OP1163,Completed,0
RNT103795,EQX1206,CUST1055,SITE120,Solar Power Plant,Salem,2025-01-04,2025-02-03,2025-02-03,30,22000,660000,44000,Paid,OP1143,Completed,0
RNT103796,EQX1293,CUST1055,SITE102,Bridge Construction,Bangalore,2025-02-28,2025-03-21,2025-03-21,21,18000,378000,36000,Paid,OP1060,Completed,0
RNT103797,EQX1272,CUST1005,SITE103,River Embankment,Trichy,2025-06-09,2025-07-04,2025-07-04,25,30000,750000,60000,Paid,OP1142,Completed,0
RNT103798,EQX1253,CUST1070,SITE126,IT Park,Hyderabad,2025-05-31,2025-06-23,2025-06-23,23,24000,552000,48000,Paid,OP1171,Completed,0
RNT103799,EQX1079,CUST1050,SITE111,Airport Extension,Coimbatore,2025-02-12,2025-02-16,2025-02-16,4,12000,48000,24000,Paid,OP1032,Completed,0
RNT103800,EQX1135,CUST1014,SITE121,Metro Rail Project,Hyderabad,2025-01-10,2025-02-05,2025-02-07,26,24000,672000,48000,Pending,OP1047,Overdue,2
RNT103801,EQX1286,CUST1093,SITE102,Highway Expansion,Bangalore,2025-03-16,2025-04-12,2025-04-12,27,18000,486000,36000,Paid,OP1081,Completed,0
RNT103802,EQX1205,CUST1031,SITE129,Solar Power Plant,Salem,2025-01-26,2025-02-16,2025-02-16,21,18000,378000,36000,Paid,OP1156,Completed,0
RNT103803,EQX1086,CUST1103,SITE115,Highway Expansion,Chennai,2025-01-08,2025-01-13,2025-01-18,5,18000,180000,36000,Partial,OP1090,Overdue,5
RNT103804,EQX1045,CUST1054,SITE106,River Embankment,Madurai,2025-04-20,2025-05-05,2025-05-05,15,25000,375000,50000,Paid,OP1158,Completed,0
RNT103805,EQX1022,CUST1091,SITE103,River Embankment,Chennai,2025-02-15,2025-03-16,2025-03-21,29,24000,816000,48000,Partial,OP1186,Overdue,5
RNT103806,EQX1122,CUST1060,SITE106,IT Park,Trichy,2025-03-20,2025-04-08,2025-04-15,19,18000,468000,36000,Paid,OP1141,Overdue,7
RNT103807,EQX1130,CUST1093,SITE111,Solar Power Plant,Bangalore,2025-06-29,2025-07-11,2025-07-11,12,25000,300000,50000,Paid,OP1133,Completed,0
RNT103808,EQX1041,CUST1083,SITE121,Metro Rail Project,Trichy,2025-03-15,2025-03-17,2025-03-17,2,24000,48000,48000,Paid,OP1102,Completed,0
RNT103809,EQX1009,CUST1031,SITE110,Solar Power Plant,Bangalore,2025-01-14,2025-02-07,2025-02-07,24,12000,288000,24000,Paid,OP1126,Completed,0
RNT103810,EQX1024,CUST1106,SITE115,Industrial Park,Hyderabad,2025-01-15,2025-02-13,2025-02-13,29,25000,725000,50000,Paid,OP1065,Completed,0
RNT103811,EQX1249,CUST1113,SITE122,Solar Power Plant,Salem,2025-02-09,2025-02-28,2025-02-28,19,18000,342000,36000,Paid,OP1120,Completed,0
RNT103812,EQX1144,CUST1084,SITE120,River Embankment,Mysore,2025-02-03,2025-02-07,2025-02-07,4,18000,72000,36000,Paid,OP1197,Completed,0
RNT103813,EQX1288,CUST1111,SITE118,IT Park,Bangalore,2025-03-26,2025-04-13,2025-04-13,18,24000,432000,48000,Paid,OP1081,Completed,0
RNT103814,EQX1179,CUST1104,SITE126,Airport Extension,Bangalore,2025-02-25,2025-03-24,2025-03-24,27,25000,675000,50000,Pending,OP1006,Completed,0
RNT103815,EQX1160,CUST1011,SITE104,IT Park,Hyderabad,2025-02-12,2025-02-22,2025-02-22,10,18000,180000,36000,Paid,OP1063,Completed,0
RNT103816,EQX1036,CUST1067,SITE109,River Embankment,Coimbatore,2025-03-05,2025-03-28,2025-04-02,23,24000,672000,48000,Paid,OP1189,Overdue,5
RNT103817,EQX1067,CUST1039,SITE119,IT Park,Salem,2025-03-08,2025-03-14,2025-03-14,6,24000,144000,48000,Partial,OP1093,Completed,0
RNT103818,EQX1057,CUST1013,SITE102,Highway Expansion,Bangalore,2025-01-26,2025-02-20,2025-02-20,25,22000,550000,44000,Paid,OP1043,Completed,0
RNT103819,EQX1126,CUST1089,SITE114,Airport Extension,Hyderabad,2025-04-17,2025-04-27,2025-05-01,10,18000,252000,36000,Paid,OP1059,Overdue,4
RNT103820,EQX1183,CUST1097,SITE105,Highway Expansion,Bangalore,2025-03-28,2025-04-24,2025-04-24,27,12000,324000,24000,Partial,OP1044,Completed,0
RNT103821,EQX1167,CUST1006,SITE101,Metro Rail Project,Madurai,2025-01-19,2025-02-10,2025-02-10,22,24000,528000,48000,Paid,OP1132,Completed,0
RNT103822,EQX1061,CUST1068,SITE124,Smart City Zone,Madurai,2025-05-01,2025-05-09,2025-05-09,8,24000,192000,48000,Paid,OP1091,Completed,0
RNT103823,EQX1189,CUST1114,SITE106,Solar Power Plant,Salem,2025-02-06,2025-02-09,2025-02-09,3,12000,36000,24000,Paid,OP1010,Completed,0
RNT103824,EQX1098,CUST1045,SITE125,Harbor Expansion,Hyderabad,2025-03-31,2025-04-11,2025-04-11,11,30000,330000,60000,Paid,OP1151,Completed,0
RNT103825,EQX1053,CUST1072,SITE106,Mining Site,Salem,2025-06-03,2025-06-21,2025-06-21,18,18000,324000,36000,Paid,OP1009,Completed,0
RNT103826,EQX1242,CUST1073,SITE125,Harbor Expansion,Hyderabad,2025-06-28,2025-07-17,2025-07-17,19,25000,475000,50000,Paid,OP1045,Completed,0
RNT103827,EQX1298,CUST1031,SITE101,Harbor Expansion,Mysore,2025-02-15,2025-03-04,2025-03-04,17,22000,374000,44000,Paid,OP1056,Completed,0
RNT103828,EQX1098,CUST1106,SITE106,Harbor Expansion,Coimbatore,2025-04-28,2025-04-30,2025-04-30,2,30000,60000,60000,Paid,OP1070,Completed,0
RNT103829,EQX1123,CUST1106,SITE102,Solar Power Plant,Mysore,2025-01-17,2025-01-29,2025-01-29,12,12000,144000,24000,Pending,OP1036,Completed,0
RNT103830,EQX1096,CUST1032,SITE102,Metro Rail Project,Hyderabad,2025-01-07,2025-01-28,2025-01-28,21,25000,525000,50000,Paid,OP1100,Completed,0
RNT103831,EQX1160,CUST1021,SITE108,Solar Power Plant,Salem,2025-05-27,2025-06-18,2025-06-18,22,18000,396000,36000,Paid,OP1077,Completed,0
RNT103832,EQX1068,CUST1007,SITE128,Solar Power Plant,Madurai,2025-02-12,2025-03-06,2025-03-06,22,18000,396000,36000,Paid,OP1133,Completed,0
RNT103833,EQX1285,CUST1024,SITE102,Highway Expansion,Coimbatore,2025-04-18,2025-04-22,2025-04-23,4,30000,150000,60000,Paid,OP1188,Overdue,1
RNT103834,EQX1056,CUST1090,SITE119,Bridge Construction,Chennai,2025-03-26,2025-03-30,2025-03-30,4,22000,88000,44000,Paid,OP1004,Completed,0
RNT103835,EQX1283,CUST1069,SITE102,River Embankment,Chennai,2025-01-17,2025-02-04,2025-02-04,18,24000,432000,48000,Paid,OP1072,Completed,0
RNT103836,EQX1005,CUST1116,SITE110,Smart City Zone,Madurai,2025-05-31,2025-06-21,2025-06-21,21,12000,252000,24000,Paid,OP1186,Completed,0
RNT103837,EQX1125,CUST1033,SITE106,Residential Township,Mysore,2025-04-24,2025-05-10,2025-05-10,16,25000,400000,50000,Paid,OP1020,Completed,0
RNT103838,EQX1131,CUST1021,SITE124,River Embankment,Hyderabad,2025-01-24,2025-02-06,2025-02-06,13,22000,286000,44000,Paid,OP1150,Completed,0
RNT103839,EQX1068,CUST1075,SITE109,Highway Expansion,Coimbatore,2025-04-19,2025-04-22,2025-04-22,3,18000,54000,36000,Paid,OP1116,Completed,0
RNT103840,EQX1240,CUST1055,SITE124,Mining Site,Coimbatore,2025-05-10,2025-05-31,2025-05-31,21,22000,462000,44000,Pending,OP1021,Completed,0
RNT103841,EQX1064,CUST1068,SITE106,Metro Rail Project,Salem,2025-01-20,2025-02-07,2025-02-07,18,18000,324000,36000,Paid,OP1148,Completed,0
RNT103842,EQX1250,CUST1046,SITE114,Residential Township,Salem,2025-02-16,2025-03-08,2025-03-18,20,25000,750000,50000,Paid,OP1100,Overdue,10
RNT103843,EQX1056,CUST1036,SITE122,Bridge Construction,Bangalore,2025-01-10,2025-02-01,2025-02-09,22,22000,660000,44000,Paid,OP1086,Overdue,8
RNT103844,EQX1221,CUST1055,SITE107,Residential Township,Mysore,2025-03-07,2025-04-02,2025-04-02,26,25000,650000,50000,Pending,OP1040,Completed,0
RNT103845,EQX1228,CUST1032,SITE123,Metro Rail Project,Coimbatore,2025-06-21,2025-07-05,2025-07-05,14,24000,336000,48000,Paid,OP1138,Completed,0
RNT103846,EQX1106,CUST1110,SITE104,Harbor Expansion,Salem,2025-06-30,2025-07-20,2025-07-20,20,18000,360000,36000,Paid,OP1006,Completed,0
RNT103847,EQX1233,CUST1054,SITE122,IT Park,Mysore,2025-01-05,2025-01-26,2025-02-02,21,30000,840000,60000,Pending,OP1019,Overdue,7
RNT103848,EQX1222,CUST1057,SITE110,Smart City Zone,Trichy,2025-02-26,2025-03-02,2025-03-03,4,22000,110000,44000,Paid,OP1007,Overdue,1
RNT103849,EQX1213,CUST1092,SITE130,Harbor Expansion,Chennai,2025-02-08,2025-03-02,2025-03-02,22,12000,264000,24000,Partial,OP1121,Completed,0
RNT103850,EQX1273,CUST1066,SITE105,River Embankment,Chennai,2025-05-25,2025-06-21,2025-06-21,27,18000,486000,36000,Paid,OP1063,Completed,0
RNT103851,EQX1056,CUST1015,SITE105,Airport Extension,Bangalore,2025-01-28,2025-02-25,2025-02-26,28,22000,638000,44000,Paid,OP1008,Overdue,1
RNT103852,EQX1099,CUST1028,SITE114,Residential Township,Hyderabad,2025-05-24,2025-06-14,2025-06-14,21,22000,462000,44000,Paid,OP1123,Completed,0
RNT103853,EQX1174,CUST1010,SITE129,Bridge Construction,Salem,2025-01-15,2025-01-18,2025-01-18,3,25000,75000,50000,Paid,OP1100,Completed,0
RNT103854,EQX1228,CUST1003,SITE102,Harbor Expansion,Madurai,2025-06-07,2025-07-01,2025-07-01,24,24000,576000,48000,Paid,OP1083,Completed,0
RNT103855,EQX1269,CUST1031,SITE127,Metro Rail Project,Bangalore,2025-02-05,2025-02-12,2025-02-12,7,12000,84000,24000,Paid,OP1121,Completed,0
RNT103856,EQX1268,CUST1100,SITE121,River Embankment,Mysore,2025-01-04,2025-01-06,2025-01-06,2,22000,44000,44000,Paid,OP1111,Completed,0
RNT103857,EQX1255,CUST1080,SITE129,Airport Extension,Madurai,2025-04-12,2025-04-22,2025-04-29,10,12000,204000,24000,Paid,OP1136,Overdue,7
RNT103858,EQX1275,CUST1079,SITE122,Industrial Park,Hyderabad,2025-03-15,2025-03-31,2025-03-31,16,18000,288000,36000,Pending,OP1041,Completed,0
RNT103859,EQX1009,CUST1107,SITE104,Smart City Zone,Mysore,2025-05-15,2025-05-17,2025-05-17,2,12000,24000,24000,Pending,OP1143,Completed,0
RNT103860,EQX1137,CUST1029,SITE104,Industrial Park,Hyderabad,2025-03-24,2025-04-07,2025-04-07,14,18000,252000,36000,Paid,OP1079,Completed,0
RNT103861,EQX1023,CUST1063,SITE111,Residential Township,Trichy,2025-04-14,2025-05-10,2025-05-10,26,24000,624000,48000,Pending,OP1165,Completed,0
RNT103862,EQX1175,CUST1117,SITE124,Harbor Expansion,Bangalore,2025-05-30,2025-06-09,2025-06-09,10,25000,250000,50000,Partial,OP1110,Completed,0
RNT103863,EQX1061,CUST1048,SITE104,River Embankment,Coimbatore,2025-02-05,2025-02-14,2025-02-14,9,24000,216000,48000,Paid,OP1079,Completed,0
RNT103864,EQX1081,CUST1057,SITE123,Metro Rail Project,Salem,2025-03-16,2025-04-11,2025-04-11,26,22000,572000,44000,Paid,OP1096,Completed,0
RNT103865,EQX1090,CUST1035,SITE107,Highway Expansion,Bangalore,2025-06-23,2025-06-26,2025-06-26,3,30000,90000,60000,Paid,OP1104,Completed,0
RNT103866,EQX1243,CUST1071,SITE116,Industrial Park,Salem,2025-01-29,2025-02-22,2025-02-22,24,30000,720000,60000,Paid,OP1009,Completed,0
RNT103867,EQX1078,CUST1073,SITE119,Industrial Park,Chennai,2025-01-29,2025-02-10,2025-02-10,12,12000,144000,24000,Paid,OP1035,Completed,0
RNT103868,EQX1264,CUST1060,SITE114,Airport Extension,Bangalore,2025-05-22,2025-05-31,2025-05-31,9,22000,198000,44000,Paid,OP1042,Completed,0
RNT103869,EQX1052,CUST1061,SITE122,IT Park,Bangalore,2025-03-26,2025-04-25,2025-04-25,30,24000,720000,48000,Partial,OP1012,Completed,0
RNT103870,EQX1122,CUST1116,SITE106,Smart City Zone,Hyderabad,2025-03-26,2025-04-04,2025-04-04,9,18000,162000,36000,Paid,OP1110,Completed,0
RNT103871,EQX1024,CUST1115,SITE105,Bridge Construction,Trichy,2025-03-05,2025-03-17,2025-03-17,12,25000,300000,50000,Paid,OP1087,Completed,0
RNT103872,EQX1228,CUST1016,SITE115,Harbor Expansion,Chennai,2025-05-12,2025-05-25,2025-05-25,13,24000,312000,48000,Paid,OP1170,Completed,0
RNT103873,EQX1218,CUST1063,SITE127,Smart City Zone,Hyderabad,2025-01-03,2025-01-27,2025-01-27,24,12000,288000,24000,Paid,OP1034,Completed,0
RNT103874,EQX1209,CUST1027,SITE109,Solar Power Plant,Trichy,2025-04-06,2025-04-17,2025-04-17,11,18000,198000,36000,Partial,OP1057,Completed,0
RNT103875,EQX1102,CUST1105,SITE110,Bridge Construction,Mysore,2025-03-28,2025-04-08,2025-04-08,11,18000,198000,36000,Paid,OP1169,Completed,0
RNT103876,EQX1286,CUST1002,SITE113,Highway Expansion,Mysore,2025-01-08,2025-01-18,2025-01-18,10,18000,180000,36000,Pending,OP1064,Completed,0
RNT103877,EQX1204,CUST1044,SITE124,Industrial Park,Bangalore,2025-05-07,2025-05-18,2025-05-18,11,30000,330000,60000,Paid,OP1115,Completed,0
RNT103878,EQX1291,CUST1112,SITE116,Bridge Construction,Madurai,2025-06-21,2025-06-23,2025-06-23,2,25000,50000,50000,Partial,OP1096,Completed,0
RNT103879,EQX1198,CUST1026,SITE108,Harbor Expansion,Salem,2025-01-18,2025-02-17,2025-02-17,30,24000,720000,48000,Paid,OP1053,Completed,0
RNT103880,EQX1119,CUST1114,SITE120,Solar Power Plant,Bangalore,2025-05-04,2025-05-12,2025-05-12,8,22000,176000,44000,Paid,OP1134,Completed,0
RNT103881,EQX1190,CUST1088,SITE122,Harbor Expansion,Coimbatore,2025-03-10,2025-03-29,2025-04-02,19,25000,575000,50000,Paid,OP1171,Overdue,4
RNT103882,EQX1220,CUST1109,SITE115,Industrial Park,Chennai,2025-03-22,2025-03-27,2025-03-27,5,30000,150000,60000,Paid,OP1137,Completed,0
RNT103883,EQX1252,CUST1056,SITE122,Residential Township,Bangalore,2025-02-12,2025-02-24,2025-03-01,12,18000,306000,36000,Paid,OP1086,Overdue,5
RNT103884,EQX1262,CUST1045,SITE128,Harbor Expansion,Trichy,2025-01-02,2025-01-26,2025-02-05,24,25000,850000,50000,Paid,OP1149,Overdue,10
RNT103885,EQX1224,CUST1006,SITE108,Bridge Construction,Salem,2025-02-14,2025-02-27,2025-02-27,13,22000,286000,44000,Pending,OP1037,Completed,0
RNT103886,EQX1263,CUST1015,SITE118,Smart City Zone,Salem,2025-04-20,2025-05-06,2025-05-06,16,18000,288000,36000,Paid,OP1049,Completed,0
RNT103887,EQX1211,CUST1021,SITE104,Bridge Construction,Bangalore,2025-06-23,2025-07-17,2025-07-17,24,24000,576000,48000,Pending,OP1167,Completed,0
RNT103888,EQX1235,CUST1057,SITE109,Solar Power Plant,Salem,2025-02-07,2025-03-02,2025-03-02,23,24000,552000,48000,Paid,OP1087,Completed,0
RNT103889,EQX1002,CUST1028,SITE128,Industrial Park,Trichy,2025-02-24,2025-03-20,2025-03-29,24,18000,594000,36000,Pending,OP1004,Overdue,9
RNT103890,EQX1112,CUST1095,SITE105,Bridge Construction,Coimbatore,2025-01-02,2025-01-24,2025-01-24,22,30000,660000,60000,Pending,OP1182,Completed,0
RNT103891,EQX1078,CUST1005,SITE103,Mining Site,Hyderabad,2025-02-04,2025-02-18,2025-02-18,14,12000,168000,24000,Partial,OP1071,Completed,0
RNT103892,EQX1007,CUST1088,SITE119,River Embankment,Salem,2025-01-23,2025-02-14,2025-02-16,22,30000,720000,60000,Paid,OP1109,Overdue,2
RNT103893,EQX1281,CUST1060,SITE106,Solar Power Plant,Hyderabad,2025-05-18,2025-06-10,2025-06-17,23,12000,360000,24000,Paid,OP1051,Overdue,7
RNT103894,EQX1077,CUST1039,SITE125,Airport Extension,Mysore,2025-01-18,2025-01-26,2025-01-26,8,18000,144000,36000,Paid,OP1184,Completed,0
RNT103895,EQX1177,CUST1030,SITE123,Smart City Zone,Chennai,2025-01-21,2025-02-07,2025-02-07,17,25000,425000,50000,Paid,OP1164,Completed,0
RNT103896,EQX1041,CUST1041,SITE105,Bridge Construction,Salem,2025-01-03,2025-01-11,2025-01-15,8,24000,288000,48000,Paid,OP1009,Overdue,4
RNT103897,EQX1256,CUST1106,SITE119,Industrial Park,Madurai,2025-02-27,2025-03-26,2025-03-26,27,12000,324000,24000,Partial,OP1043,Completed,0
RNT103898,EQX1295,CUST1004,SITE105,Residential Township,Chennai,2025-02-26,2025-03-18,2025-03-18,20,12000,240000,24000,Paid,OP1117,Completed,0
RNT103899,EQX1208,CUST1021,SITE114,Mining Site,Chennai,2025-02-01,2025-02-21,2025-02-21,20,18000,360000,36000,Partial,OP1142,Completed,0
RNT103900,EQX1024,CUST1089,SITE129,Industrial Park,Trichy,2025-06-05,2025-06-09,2025-06-09,4,25000,100000,50000,Paid,OP1008,Completed,0
RNT103901,EQX1257,CUST1107,SITE125,River Embankment,Salem,2025-04-17,2025-05-14,2025-05-14,27,24000,648000,48000,Pending,OP1153,Completed,0
RNT103902,EQX1162,CUST1039,SITE116,Solar Power Plant,Mysore,2025-06-20,2025-07-17,2025-07-17,27,25000,675000,50000,Pending,OP1173,Completed,0
RNT103903,EQX1186,CUST1009,SITE108,Mining Site,Chennai,2025-06-09,2025-07-07,2025-07-07,28,25000,700000,50000,Paid,OP1198,Completed,0
RNT103904,EQX1021,CUST1005,SITE101,River Embankment,Coimbatore,2025-04-21,2025-05-06,2025-05-06,15,18000,270000,36000,Paid,OP1015,Completed,0
RNT103905,EQX1286,CUST1035,SITE128,Airport Extension,Bangalore,2025-05-15,2025-05-30,2025-05-30,15,18000,270000,36000,Paid,OP1132,Completed,0
RNT103906,EQX1183,CUST1085,SITE126,River Embankment,Salem,2025-05-28,2025-06-05,2025-06-08,8,12000,132000,24000,Paid,OP1176,Overdue,3
RNT103907,EQX1265,CUST1050,SITE119,Smart City Zone,Trichy,2025-03-11,2025-04-06,2025-04-06,26,22000,572000,44000,Pending,OP1127,Completed,0
RNT103908,EQX1256,CUST1082,SITE118,Highway Expansion,Mysore,2025-06-17,2025-06-21,2025-06-21,4,12000,48000,24000,Paid,OP1087,Completed,0
RNT103909,EQX1032,CUST1061,SITE128,Bridge Construction,Coimbatore,2025-04-09,2025-05-09,2025-05-09,30,24000,720000,48000,Paid,OP1181,Completed,0
RNT103910,EQX1250,CUST1061,SITE106,Airport Extension,Bangalore,2025-01-12,2025-01-19,2025-01-20,7,25000,200000,50000,Paid,OP1021,Overdue,1
RNT103911,EQX1276,CUST1008,SITE102,Solar Power Plant,Madurai,2025-01-21,2025-02-18,2025-02-18,28,25000,700000,50000,Paid,OP1033,Completed,0
RNT103912,EQX1049,CUST1022,SITE116,Residential Township,Chennai,2025-04-30,2025-05-05,2025-05-05,5,12000,60000,24000,Paid,OP1100,Completed,0
RNT103913,EQX1046,CUST1057,SITE119,Harbor Expansion,Chennai,2025-05-28,2025-06-12,2025-06-12,15,22000,330000,44000,Partial,OP1043,Completed,0
RNT103914,EQX1017,CUST1075,SITE121,IT Park,Coimbatore,2025-01-20,2025-02-09,2025-02-19,20,12000,360000,24000,Paid,OP1130,Overdue,10
RNT103915,EQX1126,CUST1055,SITE109,Smart City Zone,Salem,2025-02-26,2025-03-26,2025-04-01,28,18000,612000,36000,Paid,OP1104,Overdue,6
RNT103916,EQX1186,CUST1024,SITE101,Harbor Expansion,Madurai,2025-05-28,2025-05-30,2025-06-07,2,25000,250000,50000,Paid,OP1185,Overdue,8
RNT103917,EQX1241,CUST1087,SITE107,Solar Power Plant,Chennai,2025-02-03,2025-02-09,2025-02-09,6,12000,72000,24000,Pending,OP1148,Completed,0
RNT103918,EQX1121,CUST1005,SITE117,River Embankment,Hyderabad,2025-01-22,2025-02-15,2025-02-15,24,22000,528000,44000,Paid,OP1079,Completed,0
RNT103919,EQX1101,CUST1065,SITE104,Smart City Zone,Chennai,2025-03-16,2025-04-04,2025-04-04,19,24000,456000,48000,Paid,OP1035,Completed,0
RNT103920,EQX1299,CUST1003,SITE120,Metro Rail Project,Hyderabad,2025-02-16,2025-02-18,2025-02-18,2,24000,48000,48000,Paid,OP1102,Completed,0
RNT103921,EQX1203,CUST1096,SITE126,Metro Rail Project,Mysore,2025-04-06,2025-04-09,2025-04-17,3,22000,242000,44000,Pending,OP1192,Overdue,8
RNT103922,EQX1171,CUST1017,SITE122,Highway Expansion,Coimbatore,2025-03-31,2025-04-08,2025-04-08,8,22000,176000,44000,Paid,OP1176,Completed,0
RNT103923,EQX1055,CUST1120,SITE130,Airport Extension,Bangalore,2025-01-19,2025-01-26,2025-01-26,7,25000,175000,50000,Paid,OP1087,Completed,0
RNT103924,EQX1055,CUST1087,SITE128,Smart City Zone,Coimbatore,2025-03-31,2025-04-02,2025-04-06,2,25000,150000,50000,Paid,OP1077,Overdue,4
RNT103925,EQX1166,CUST1058,SITE101,Solar Power Plant,Salem,2025-04-05,2025-04-25,2025-04-25,20,22000,440000,44000,Paid,OP1030,Completed,0
RNT103926,EQX1207,CUST1048,SITE127,Solar Power Plant,Bangalore,2025-01-15,2025-02-04,2025-02-04,20,30000,600000,60000,Paid,OP1097,Completed,0
RNT103927,EQX1147,CUST1031,SITE106,IT Park,Chennai,2025-05-14,2025-06-04,2025-06-04,21,22000,462000,44000,Partial,OP1200,Completed,0
RNT103928,EQX1283,CUST1023,SITE112,Mining Site,Hyderabad,2025-04-12,2025-04-27,2025-04-27,15,24000,360000,48000,Paid,OP1112,Completed,0
RNT103929,EQX1290,CUST1090,SITE120,Mining Site,Hyderabad,2025-01-12,2025-01-23,2025-01-23,11,22000,242000,44000,Paid,OP1058,Completed,0
RNT103930,EQX1074,CUST1095,SITE123,Bridge Construction,Trichy,2025-05-02,2025-05-12,2025-05-12,10,12000,120000,24000,Paid,OP1173,Completed,0
RNT103931,EQX1120,CUST1033,SITE103,Industrial Park,Coimbatore,2025-03-18,2025-03-30,2025-03-30,12,22000,264000,44000,Paid,OP1008,Completed,0
RNT103932,EQX1102,CUST1101,SITE118,Smart City Zone,Madurai,2025-04-28,2025-05-18,2025-05-18,20,18000,360000,36000,Pending,OP1184,Completed,0
RNT103933,EQX1263,CUST1009,SITE116,Industrial Park,Mysore,2025-03-31,2025-04-04,2025-04-05,4,18000,90000,36000,Paid,OP1043,Overdue,1
RNT103934,EQX1189,CUST1010,SITE128,Bridge Construction,Mysore,2025-02-26,2025-03-01,2025-03-01,3,12000,36000,24000,Paid,OP1182,Completed,0
RNT103935,EQX1185,CUST1116,SITE109,Residential Township,Madurai,2025-05-09,2025-05-28,2025-05-28,19,30000,570000,60000,Paid,OP1200,Completed,0
RNT103936,EQX1073,CUST1077,SITE129,Metro Rail Project,Hyderabad,2025-03-13,2025-04-07,2025-04-07,25,22000,550000,44000,Partial,OP1010,Completed,0
RNT103937,EQX1274,CUST1105,SITE107,Residential Township,Chennai,2025-05-07,2025-05-16,2025-05-16,9,30000,270000,60000,Partial,OP1096,Completed,0
RNT103938,EQX1177,CUST1034,SITE126,Metro Rail Project,Madurai,2025-01-04,2025-01-21,2025-01-21,17,25000,425000,50000,Partial,OP1112,Completed,0
RNT103939,EQX1052,CUST1120,SITE112,Smart City Zone,Madurai,2025-06-21,2025-07-16,2025-07-16,25,24000,600000,48000,Paid,OP1163,Completed,0
RNT103940,EQX1142,CUST1065,SITE107,Metro Rail Project,Chennai,2025-04-24,2025-05-21,2025-05-21,27,24000,648000,48000,Paid,OP1116,Completed,0
RNT103941,EQX1092,CUST1116,SITE106,Metro Rail Project,Chennai,2025-05-25,2025-05-27,2025-06-04,2,24000,240000,48000,Pending,OP1053,Overdue,8
RNT103942,EQX1249,CUST1079,SITE120,Solar Power Plant,Bangalore,2025-02-03,2025-02-25,2025-02-25,22,18000,396000,36000,Paid,OP1042,Completed,0
RNT103943,EQX1057,CUST1055,SITE125,Industrial Park,Coimbatore,2025-06-14,2025-07-05,2025-07-05,21,22000,462000,44000,Pending,OP1122,Completed,0
RNT103944,EQX1298,CUST1109,SITE101,Metro Rail Project,Chennai,2025-03-19,2025-03-22,2025-03-29,3,22000,220000,44000,Paid,OP1008,Overdue,7
RNT103945,EQX1036,CUST1026,SITE124,Metro Rail Project,Bangalore,2025-03-31,2025-04-30,2025-04-30,30,24000,720000,48000,Paid,OP1137,Completed,0
RNT103946,EQX1116,CUST1096,SITE110,IT Park,Madurai,2025-02-17,2025-02-21,2025-02-21,4,30000,120000,60000,Paid,OP1188,Completed,0
RNT103947,EQX1171,CUST1117,SITE114,Mining Site,Coimbatore,2025-05-09,2025-05-13,2025-05-13,4,22000,88000,44000,Partial,OP1064,Completed,0
RNT103948,EQX1258,CUST1065,SITE130,Harbor Expansion,Trichy,2025-02-13,2025-03-03,2025-03-03,18,18000,324000,36000,Pending,OP1156,Completed,0
RNT103949,EQX1071,CUST1016,SITE108,Metro Rail Project,Salem,2025-01-18,2025-01-22,2025-01-22,4,30000,120000,60000,Pending,OP1048,Completed,0
RNT103950,EQX1108,CUST1056,SITE116,Residential Township,Chennai,2025-04-02,2025-04-15,2025-04-25,13,22000,506000,44000,Paid,OP1030,Overdue,10
RNT103951,EQX1117,CUST1037,SITE106,Smart City Zone,Trichy,2025-01-03,2025-01-27,2025-01-27,24,18000,432000,36000,Partial,OP1192,Completed,0
RNT103952,EQX1110,CUST1029,SITE110,Industrial Park,Bangalore,2025-04-25,2025-05-06,2025-05-06,11,12000,132000,24000,Paid,OP1150,Completed,0
RNT103953,EQX1254,CUST1006,SITE129,Highway Expansion,Chennai,2025-03-25,2025-03-31,2025-04-03,6,18000,162000,36000,Paid,OP1092,Overdue,3
RNT103954,EQX1212,CUST1083,SITE123,IT Park,Salem,2025-06-08,2025-06-13,2025-06-13,5,24000,120000,48000,Pending,OP1032,Completed,0
RNT103955,EQX1138,CUST1047,SITE130,Harbor Expansion,Chennai,2025-04-18,2025-05-15,2025-05-15,27,22000,594000,44000,Paid,OP1074,Completed,0
RNT103956,EQX1179,CUST1095,SITE104,Industrial Park,Salem,2025-01-17,2025-02-01,2025-02-01,15,25000,375000,50000,Pending,OP1047,Completed,0
RNT103957,EQX1222,CUST1064,SITE127,Residential Township,Hyderabad,2025-04-05,2025-04-29,2025-04-29,24,22000,528000,44000,Paid,OP1166,Completed,0
RNT103958,EQX1084,CUST1106,SITE116,River Embankment,Madurai,2025-05-17,2025-05-27,2025-05-27,10,12000,120000,24000,Paid,OP1039,Completed,0
RNT103959,EQX1241,CUST1038,SITE115,Airport Extension,Trichy,2025-05-27,2025-05-30,2025-05-30,3,12000,36000,24000,Paid,OP1055,Completed,0
RNT103960,EQX1137,CUST1002,SITE118,Mining Site,Salem,2025-06-09,2025-06-21,2025-06-21,12,18000,216000,36000,Pending,OP1154,Completed,0
RNT103961,EQX1085,CUST1114,SITE124,Solar Power Plant,Bangalore,2025-01-16,2025-02-08,2025-02-08,23,24000,552000,48000,Paid,OP1070,Completed,0
RNT103962,EQX1127,CUST1103,SITE102,Highway Expansion,Chennai,2025-05-22,2025-06-14,2025-06-14,23,24000,552000,48000,Paid,OP1029,Completed,0
RNT103963,EQX1099,CUST1100,SITE121,IT Park,Salem,2025-04-18,2025-05-08,2025-05-08,20,22000,440000,44000,Paid,OP1006,Completed,0
RNT103964,EQX1193,CUST1040,SITE109,Metro Rail Project,Hyderabad,2025-05-18,2025-06-17,2025-06-17,30,18000,540000,36000,Pending,OP1120,Completed,0
RNT103965,EQX1124,CUST1112,SITE116,Residential Township,Salem,2025-05-12,2025-06-11,2025-06-15,30,18000,612000,36000,Paid,OP1161,Overdue,4
RNT103966,EQX1244,CUST1094,SITE125,Mining Site,Salem,2025-04-27,2025-05-13,2025-05-13,16,30000,480000,60000,Paid,OP1082,Completed,0
RNT103967,EQX1141,CUST1086,SITE124,Bridge Construction,Coimbatore,2025-05-19,2025-06-01,2025-06-01,13,12000,156000,24000,Paid,OP1088,Completed,0
RNT103968,EQX1027,CUST1090,SITE125,Airport Extension,Mysore,2025-04-07,2025-04-13,2025-04-13,6,25000,150000,50000,Paid,OP1178,Completed,0
RNT103969,EQX1279,CUST1016,SITE104,IT Park,Coimbatore,2025-03-26,2025-04-18,2025-04-18,23,25000,575000,50000,Pending,OP1033,Completed,0
RNT103970,EQX1044,CUST1014,SITE123,Mining Site,Trichy,2025-03-08,2025-03-30,2025-03-30,22,24000,528000,48000,Paid,OP1053,Completed,0
RNT103971,EQX1221,CUST1082,SITE107,Residential Township,Hyderabad,2025-02-22,2025-02-26,2025-02-26,4,25000,100000,50000,Paid,OP1014,Completed,0
RNT103972,EQX1037,CUST1111,SITE106,Harbor Expansion,Trichy,2025-02-14,2025-02-25,2025-02-25,11,25000,275000,50000,Paid,OP1179,Completed,0
RNT103973,EQX1091,CUST1013,SITE109,Bridge Construction,Salem,2025-04-04,2025-04-21,2025-04-21,17,25000,425000,50000,Paid,OP1006,Completed,0
RNT103974,EQX1172,CUST1088,SITE107,Metro Rail Project,Salem,2025-04-10,2025-04-14,2025-04-14,4,30000,120000,60000,Paid,OP1162,Completed,0
RNT103975,EQX1026,CUST1070,SITE119,Industrial Park,Coimbatore,2025-06-30,2025-07-10,2025-07-20,10,25000,500000,50000,Paid,OP1103,Overdue,10
RNT103976,EQX1115,CUST1093,SITE121,IT Park,Mysore,2025-02-22,2025-03-09,2025-03-09,15,18000,270000,36000,Pending,OP1122,Completed,0
RNT103977,EQX1247,CUST1077,SITE130,Bridge Construction,Mysore,2025-05-22,2025-06-11,2025-06-11,20,12000,240000,24000,Paid,OP1084,Completed,0
RNT103978,EQX1136,CUST1109,SITE125,Industrial Park,Salem,2025-02-19,2025-02-23,2025-02-24,4,24000,120000,48000,Paid,OP1023,Overdue,1
RNT103979,EQX1218,CUST1086,SITE117,Metro Rail Project,Trichy,2025-05-09,2025-05-15,2025-05-15,6,12000,72000,24000,Paid,OP1019,Completed,0
RNT103980,EQX1058,CUST1053,SITE102,Mining Site,Trichy,2025-05-07,2025-05-17,2025-05-17,10,30000,300000,60000,Paid,OP1176,Completed,0
RNT103981,EQX1184,CUST1048,SITE126,Metro Rail Project,Coimbatore,2025-04-10,2025-04-30,2025-04-30,20,24000,480000,48000,Paid,OP1064,Completed,0
RNT103982,EQX1121,CUST1022,SITE113,Harbor Expansion,Salem,2025-01-29,2025-02-20,2025-02-20,22,22000,484000,44000,Paid,OP1068,Completed,0
RNT103983,EQX1164,CUST1083,SITE118,River Embankment,Chennai,2025-04-22,2025-05-18,2025-05-18,26,30000,780000,60000,Paid,OP1001,Completed,0
RNT103984,EQX1083,CUST1097,SITE104,Smart City Zone,Chennai,2025-03-30,2025-04-09,2025-04-09,10,25000,250000,50000,Paid,OP1079,Completed,0
RNT103985,EQX1254,CUST1014,SITE126,Solar Power Plant,Chennai,2025-05-09,2025-05-20,2025-05-22,11,18000,234000,36000,Paid,OP1040,Overdue,2
RNT103986,EQX1272,CUST1064,SITE120,IT Park,Mysore,2025-01-13,2025-01-25,2025-01-25,12,30000,360000,60000,Paid,OP1087,Completed,0
RNT103987,EQX1267,CUST1044,SITE101,Airport Extension,Chennai,2025-03-11,2025-04-05,2025-04-11,25,30000,930000,60000,Paid,OP1028,Overdue,6
RNT103988,EQX1154,CUST1092,SITE127,Highway Expansion,Trichy,2025-01-12,2025-02-04,2025-02-13,23,12000,384000,24000,Partial,OP1124,Overdue,9
RNT103989,EQX1150,CUST1062,SITE109,Mining Site,Coimbatore,2025-06-25,2025-07-14,2025-07-14,19,18000,342000,36000,Paid,OP1163,Completed,0
RNT103990,EQX1238,CUST1007,SITE109,IT Park,Bangalore,2025-04-23,2025-05-11,2025-05-11,18,12000,216000,24000,Paid,OP1118,Completed,0
RNT103991,EQX1273,CUST1094,SITE107,Harbor Expansion,Mysore,2025-06-22,2025-07-15,2025-07-15,23,18000,414000,36000,Paid,OP1074,Completed,0
RNT103992,EQX1050,CUST1022,SITE109,Bridge Construction,Trichy,2025-02-27,2025-03-16,2025-03-16,17,18000,306000,36000,Pending,OP1087,Completed,0
RNT103993,EQX1031,CUST1032,SITE106,Bridge Construction,Madurai,2025-02-09,2025-03-05,2025-03-05,24,18000,432000,36000,Paid,OP1088,Completed,0
RNT103994,EQX1150,CUST1004,SITE115,Airport Extension,Madurai,2025-04-20,2025-05-11,2025-05-11,21,18000,378000,36000,Partial,OP1060,Completed,0
RNT103995,EQX1258,CUST1007,SITE117,Industrial Park,Madurai,2025-01-08,2025-02-04,2025-02-12,27,18000,630000,36000,Paid,OP1036,Overdue,8
RNT103996,EQX1216,CUST1115,SITE102,Industrial Park,Mysore,2025-01-30,2025-02-08,2025-02-08,9,24000,216000,48000,Paid,OP1155,Completed,0
RNT103997,EQX1286,CUST1060,SITE107,Industrial Park,Mysore,2025-04-12,2025-04-30,2025-05-06,18,18000,432000,36000,Pending,OP1100,Overdue,6
RNT103998,EQX1240,CUST1080,SITE110,River Embankment,Salem,2025-01-25,2025-02-02,2025-02-02,8,22000,176000,44000,Paid,OP1075,Completed,0
RNT103999,EQX1141,CUST1089,SITE115,Smart City Zone,Chennai,2025-04-15,2025-04-30,2025-04-30,15,12000,180000,24000,Paid,OP1053,Completed,0
RNT104000,EQX1209,CUST1054,SITE107,Industrial Park,Madurai,2025-03-29,2025-04-13,2025-04-13,15,18000,270000,36000,Paid,OP1132,Completed,0
RNT104001,EQX1132,CUST1068,SITE121,Industrial Park,Bangalore,2025-04-19,2025-05-08,2025-05-08,19,30000,570000,60000,Paid,OP1069,Completed,0
RNT104002,EQX1010,CUST1042,SITE115,River Embankment,Chennai,2025-06-19,2025-06-25,2025-06-25,6,25000,150000,50000,Paid,OP1152,Completed,0
RNT104003,EQX1047,CUST1052,SITE124,Harbor Expansion,Salem,2025-02-09,2025-02-21,2025-03-02,12,24000,504000,48000,Paid,OP1195,Overdue,9
RNT104004,EQX1220,CUST1073,SITE122,Industrial Park,Chennai,2025-05-02,2025-05-29,2025-05-29,27,30000,810000,60000,Pending,OP1069,Completed,0
RNT104005,EQX1144,CUST1068,SITE120,Smart City Zone,Bangalore,2025-06-28,2025-07-09,2025-07-09,11,18000,198000,36000,Paid,OP1167,Completed,0
RNT104006,EQX1121,CUST1052,SITE109,Metro Rail Project,Hyderabad,2025-04-23,2025-05-09,2025-05-09,16,22000,352000,44000,Paid,OP1144,Completed,0
RNT104007,EQX1087,CUST1009,SITE112,River Embankment,Bangalore,2025-02-15,2025-02-24,2025-02-24,9,25000,225000,50000,Paid,OP1194,Completed,0
RNT104008,EQX1191,CUST1002,SITE108,IT Park,Mysore,2025-06-14,2025-07-02,2025-07-02,18,24000,432000,48000,Paid,OP1164,Completed,0
RNT104009,EQX1097,CUST1007,SITE114,Highway Expansion,Salem,2025-05-23,2025-06-05,2025-06-05,13,22000,286000,44000,Pending,OP1163,Completed,0
RNT104010,EQX1136,CUST1040,SITE109,Mining Site,Hyderabad,2025-05-09,2025-05-28,2025-05-28,19,24000,456000,48000,Paid,OP1043,Completed,0
RNT104011,EQX1288,CUST1051,SITE106,IT Park,Bangalore,2025-06-27,2025-07-05,2025-07-05,8,24000,192000,48000,Paid,OP1172,Completed,0
RNT104012,EQX1023,CUST1039,SITE129,Industrial Park,Salem,2025-03-22,2025-03-25,2025-03-25,3,24000,72000,48000,Paid,OP1187,Completed,0
RNT104013,EQX1232,CUST1089,SITE129,IT Park,Trichy,2025-04-17,2025-05-02,2025-05-04,15,18000,306000,36000,Paid,OP1027,Overdue,2
RNT104014,EQX1093,CUST1112,SITE127,River Embankment,Chennai,2025-03-10,2025-03-27,2025-04-05,17,25000,650000,50000,Paid,OP1127,Overdue,9
RNT104015,EQX1156,CUST1033,SITE102,Industrial Park,Madurai,2025-06-13,2025-06-21,2025-06-21,8,30000,240000,60000,Paid,OP1045,Completed,0
RNT104016,EQX1149,CUST1116,SITE120,Metro Rail Project,Trichy,2025-02-10,2025-03-08,2025-03-08,26,24000,624000,48000,Paid,OP1187,Completed,0
RNT104017,EQX1151,CUST1100,SITE129,Airport Extension,Coimbatore,2025-04-08,2025-04-15,2025-04-15,7,18000,126000,36000,Paid,OP1059,Completed,0
RNT104018,EQX1164,CUST1085,SITE127,Metro Rail Project,Chennai,2025-04-20,2025-05-10,2025-05-10,20,30000,600000,60000,Paid,OP1080,Completed,0
RNT104019,EQX1030,CUST1120,SITE105,Airport Extension,Bangalore,2025-01-27,2025-02-14,2025-02-14,18,12000,216000,24000,Pending,OP1153,Completed,0
RNT104020,EQX1229,CUST1076,SITE104,Smart City Zone,Madurai,2025-06-09,2025-06-20,2025-06-20,11,22000,242000,44000,Paid,OP1101,Completed,0
RNT104021,EQX1089,CUST1032,SITE117,Residential Township,Coimbatore,2025-03-06,2025-03-25,2025-03-25,19,18000,342000,36000,Paid,OP1097,Completed,0
RNT104022,EQX1015,CUST1046,SITE113,Airport Extension,Trichy,2025-02-13,2025-02-27,2025-02-27,14,22000,308000,44000,Pending,OP1098,Completed,0
RNT104023,EQX1097,CUST1027,SITE105,Industrial Park,Madurai,2025-05-14,2025-05-24,2025-05-24,10,22000,220000,44000,Pending,OP1164,Completed,0
RNT104024,EQX1024,CUST1064,SITE119,Smart City Zone,Madurai,2025-04-09,2025-05-03,2025-05-08,24,25000,725000,50000,Paid,OP1070,Overdue,5
RNT104025,EQX1068,CUST1056,SITE115,Airport Extension,Trichy,2025-01-18,2025-01-30,2025-01-30,12,18000,216000,36000,Pending,OP1179,Completed,0
RNT104026,EQX1082,CUST1017,SITE112,Industrial Park,Mysore,2025-02-02,2025-02-18,2025-02-18,16,12000,192000,24000,Paid,OP1017,Completed,0
RNT104027,EQX1246,CUST1079,SITE104,Solar Power Plant,Salem,2025-01-19,2025-01-23,2025-01-23,4,22000,88000,44000,Paid,OP1059,Completed,0
RNT104028,EQX1273,CUST1008,SITE103,Highway Expansion,Bangalore,2025-04-28,2025-05-04,2025-05-04,6,18000,108000,36000,Paid,OP1173,Completed,0
RNT104029,EQX1229,CUST1023,SITE130,Mining Site,Mysore,2025-03-05,2025-03-26,2025-03-26,21,22000,462000,44000,Paid,OP1175,Completed,0
RNT104030,EQX1230,CUST1063,SITE105,Metro Rail Project,Coimbatore,2025-03-26,2025-04-02,2025-04-04,7,18000,162000,36000,Paid,OP1067,Overdue,2
RNT104031,EQX1155,CUST1033,SITE114,IT Park,Mysore,2025-03-31,2025-04-15,2025-04-15,15,18000,270000,36000,Paid,OP1053,Completed,0
RNT104032,EQX1014,CUST1075,SITE129,Residential Township,Salem,2025-06-12,2025-06-14,2025-06-22,2,12000,120000,24000,Paid,OP1030,Overdue,8
RNT104033,EQX1006,CUST1006,SITE101,Smart City Zone,Salem,2025-05-01,2025-05-20,2025-05-20,19,24000,456000,48000,Paid,OP1104,Completed,0
RNT104034,EQX1215,CUST1033,SITE121,Airport Extension,Coimbatore,2025-04-12,2025-04-22,2025-04-22,10,12000,120000,24000,Paid,OP1168,Completed,0
RNT104035,EQX1193,CUST1118,SITE118,IT Park,Mysore,2025-03-15,2025-04-09,2025-04-10,25,18000,468000,36000,Paid,OP1053,Overdue,1
RNT104036,EQX1268,CUST1019,SITE110,Mining Site,Coimbatore,2025-06-17,2025-07-06,2025-07-06,19,22000,418000,44000,Paid,OP1047,Completed,0
RNT104037,EQX1205,CUST1052,SITE106,IT Park,Trichy,2025-03-22,2025-04-06,2025-04-06,15,18000,270000,36000,Paid,OP1100,Completed,0
RNT104038,EQX1055,CUST1004,SITE111,Harbor Expansion,Madurai,2025-02-08,2025-02-15,2025-02-15,7,25000,175000,50000,Paid,OP1069,Completed,0
RNT104039,EQX1254,CUST1001,SITE123,IT Park,Chennai,2025-03-01,2025-03-15,2025-03-24,14,18000,414000,36000,Paid,OP1033,Overdue,9
RNT104040,EQX1111,CUST1093,SITE102,Bridge Construction,Bangalore,2025-02-09,2025-02-15,2025-02-15,6,22000,132000,44000,Partial,OP1101,Completed,0
RNT104041,EQX1278,CUST1015,SITE119,River Embankment,Madurai,2025-05-10,2025-05-31,2025-05-31,21,22000,462000,44000,Paid,OP1117,Completed,0
RNT104042,EQX1052,CUST1067,SITE116,IT Park,Madurai,2025-05-06,2025-06-03,2025-06-03,28,24000,672000,48000,Partial,OP1050,Completed,0
RNT104043,EQX1210,CUST1040,SITE116,Industrial Park,Hyderabad,2025-02-26,2025-03-18,2025-03-18,20,30000,600000,60000,Paid,OP1089,Completed,0
RNT104044,EQX1269,CUST1104,SITE108,Industrial Park,Hyderabad,2025-02-28,2025-03-15,2025-03-15,15,12000,180000,24000,Paid,OP1112,Completed,0
RNT104045,EQX1164,CUST1050,SITE109,Residential Township,Chennai,2025-04-12,2025-05-06,2025-05-06,24,30000,720000,60000,Paid,OP1089,Completed,0
RNT104046,EQX1255,CUST1069,SITE106,IT Park,Hyderabad,2025-03-14,2025-04-11,2025-04-11,28,12000,336000,24000,Partial,OP1118,Completed,0
RNT104047,EQX1284,CUST1083,SITE109,Mining Site,Trichy,2025-05-16,2025-05-23,2025-05-23,7,18000,126000,36000,Pending,OP1189,Completed,0
RNT104048,EQX1253,CUST1071,SITE115,Residential Township,Chennai,2025-06-12,2025-06-19,2025-06-19,7,24000,168000,48000,Paid,OP1122,Completed,0
RNT104049,EQX1165,CUST1006,SITE104,Solar Power Plant,Trichy,2025-06-11,2025-06-30,2025-07-04,19,25000,575000,50000,Paid,OP1054,Overdue,4
RNT104050,EQX1074,CUST1033,SITE104,Mining Site,Bangalore,2025-04-27,2025-05-08,2025-05-08,11,12000,132000,24000,Paid,OP1155,Completed,0
RNT104051,EQX1247,CUST1025,SITE110,Airport Extension,Bangalore,2025-02-07,2025-03-07,2025-03-09,28,12000,360000,24000,Paid,OP1077,Overdue,2
RNT104052,EQX1175,CUST1018,SITE112,Industrial Park,Madurai,2025-06-10,2025-06-30,2025-07-01,20,25000,525000,50000,Paid,OP1027,Overdue,1
RNT104053,EQX1196,CUST1085,SITE120,IT Park,Hyderabad,2025-02-19,2025-03-10,2025-03-10,19,22000,418000,44000,Pending,OP1147,Completed,0
RNT104054,EQX1063,CUST1007,SITE127,Metro Rail Project,Hyderabad,2025-01-08,2025-02-03,2025-02-08,26,25000,775000,50000,Partial,OP1077,Overdue,5
RNT104055,EQX1221,CUST1095,SITE117,Solar Power Plant,Madurai,2025-02-13,2025-02-23,2025-02-23,10,25000,250000,50000,Paid,OP1041,Completed,0
RNT104056,EQX1137,CUST1110,SITE120,River Embankment,Bangalore,2025-06-22,2025-07-13,2025-07-13,21,18000,378000,36000,Paid,OP1119,Completed,0
RNT104057,EQX1009,CUST1028,SITE110,Mining Site,Hyderabad,2025-02-25,2025-03-09,2025-03-09,12,12000,144000,24000,Paid,OP1177,Completed,0
RNT104058,EQX1021,CUST1061,SITE101,Mining Site,Madurai,2025-02-08,2025-02-17,2025-02-17,9,18000,162000,36000,Paid,OP1095,Completed,0
RNT104059,EQX1061,CUST1099,SITE127,River Embankment,Salem,2025-03-10,2025-04-08,2025-04-08,29,24000,696000,48000,Paid,OP1040,Completed,0
RNT104060,EQX1295,CUST1007,SITE118,Harbor Expansion,Coimbatore,2025-04-16,2025-04-23,2025-04-23,7,12000,84000,24000,Paid,OP1083,Completed,0
RNT104061,EQX1222,CUST1069,SITE127,Solar Power Plant,Bangalore,2025-05-02,2025-05-09,2025-05-09,7,22000,154000,44000,Paid,OP1089,Completed,0
RNT104062,EQX1071,CUST1059,SITE105,Metro Rail Project,Bangalore,2025-03-16,2025-04-08,2025-04-08,23,30000,690000,60000,Paid,OP1002,Completed,0
RNT104063,EQX1001,CUST1006,SITE103,Airport Extension,Coimbatore,2025-06-16,2025-07-10,2025-07-10,24,12000,288000,24000,Partial,OP1121,Completed,0
RNT104064,EQX1062,CUST1035,SITE112,Industrial Park,Salem,2025-06-20,2025-07-05,2025-07-05,15,12000,180000,24000,Paid,OP1150,Completed,0
RNT104065,EQX1017,CUST1040,SITE121,IT Park,Coimbatore,2025-04-27,2025-05-18,2025-05-24,21,12000,324000,24000,Pending,OP1123,Overdue,6
RNT104066,EQX1156,CUST1072,SITE102,River Embankment,Salem,2025-02-11,2025-03-13,2025-03-13,30,30000,900000,60000,Paid,OP1187,Completed,0
RNT104067,EQX1132,CUST1071,SITE105,IT Park,Bangalore,2025-03-02,2025-03-14,2025-03-14,12,30000,360000,60000,Paid,OP1064,Completed,0
RNT104068,EQX1078,CUST1037,SITE106,Residential Township,Trichy,2025-03-07,2025-03-20,2025-03-20,13,12000,156000,24000,Paid,OP1199,Completed,0
RNT104069,EQX1118,CUST1011,SITE124,Industrial Park,Coimbatore,2025-03-14,2025-04-07,2025-04-16,24,12000,396000,24000,Paid,OP1082,Overdue,9
RNT104070,EQX1151,CUST1103,SITE122,Industrial Park,Chennai,2025-02-15,2025-02-28,2025-03-01,13,18000,252000,36000,Paid,OP1023,Overdue,1
RNT104071,EQX1234,CUST1054,SITE114,Highway Expansion,Bangalore,2025-04-29,2025-05-12,2025-05-12,13,22000,286000,44000,Paid,OP1019,Completed,0
RNT104072,EQX1069,CUST1014,SITE122,Metro Rail Project,Chennai,2025-03-14,2025-04-08,2025-04-08,25,25000,625000,50000,Paid,OP1115,Completed,0
RNT104073,EQX1292,CUST1015,SITE106,Bridge Construction,Mysore,2025-02-25,2025-03-17,2025-03-17,20,12000,240000,24000,Paid,OP1095,Completed,0
RNT104074,EQX1071,CUST1005,SITE117,Industrial Park,Salem,2025-02-25,2025-03-06,2025-03-06,9,30000,270000,60000,Paid,OP1031,Completed,0
RNT104075,EQX1192,CUST1006,SITE115,River Embankment,Mysore,2025-02-04,2025-02-07,2025-02-07,3,12000,36000,24000,Paid,OP1084,Completed,0
RNT104076,EQX1113,CUST1090,SITE105,River Embankment,Coimbatore,2025-01-27,2025-02-13,2025-02-13,17,30000,510000,60000,Partial,OP1120,Completed,0
RNT104077,EQX1017,CUST1004,SITE113,Airport Extension,Mysore,2025-05-26,2025-06-01,2025-06-01,6,12000,72000,24000,Pending,OP1129,Completed,0
RNT104078,EQX1136,CUST1064,SITE111,Metro Rail Project,Mysore,2025-04-01,2025-04-13,2025-04-21,12,24000,480000,48000,Paid,OP1200,Overdue,8
RNT104079,EQX1197,CUST1044,SITE126,Metro Rail Project,Hyderabad,2025-06-16,2025-07-05,2025-07-05,19,25000,475000,50000,Pending,OP1064,Completed,0
RNT104080,EQX1055,CUST1057,SITE125,Harbor Expansion,Hyderabad,2025-06-09,2025-06-24,2025-06-24,15,25000,375000,50000,Paid,OP1164,Completed,0
RNT104081,EQX1183,CUST1090,SITE106,Residential Township,Mysore,2025-06-10,2025-07-08,2025-07-08,28,12000,336000,24000,Paid,OP1119,Completed,0
RNT104082,EQX1251,CUST1072,SITE116,River Embankment,Salem,2025-06-19,2025-07-19,2025-07-19,30,24000,720000,48000,Paid,OP1015,Completed,0
RNT104083,EQX1133,CUST1110,SITE116,Bridge Construction,Hyderabad,2025-03-10,2025-03-19,2025-03-19,9,30000,270000,60000,Paid,OP1173,Completed,0
RNT104084,EQX1135,CUST1107,SITE106,Highway Expansion,Mysore,2025-03-11,2025-04-02,2025-04-11,22,24000,744000,48000,Paid,OP1180,Overdue,9
RNT104085,EQX1172,CUST1035,SITE121,Metro Rail Project,Hyderabad,2025-06-19,2025-07-15,2025-07-15,26,30000,780000,60000,Paid,OP1108,Completed,0
RNT104086,EQX1178,CUST1040,SITE108,Airport Extension,Coimbatore,2025-01-10,2025-01-16,2025-01-16,6,22000,132000,44000,Paid,OP1070,Completed,0
RNT104087,EQX1026,CUST1109,SITE127,Airport Extension,Bangalore,2025-01-11,2025-02-01,2025-02-01,21,25000,525000,50000,Paid,OP1013,Completed,0
RNT104088,EQX1261,CUST1074,SITE129,IT Park,Hyderabad,2025-06-25,2025-07-17,2025-07-17,22,24000,528000,48000,Paid,OP1115,Completed,0
RNT104089,EQX1098,CUST1035,SITE114,River Embankment,Coimbatore,2025-05-23,2025-06-01,2025-06-01,9,30000,270000,60000,Paid,OP1071,Completed,0
RNT104090,EQX1171,CUST1021,SITE130,IT Park,Chennai,2025-01-13,2025-01-16,2025-01-16,3,22000,66000,44000,Partial,OP1077,Completed,0
RNT104091,EQX1288,CUST1026,SITE113,Harbor Expansion,Chennai,2025-01-03,2025-01-23,2025-01-23,20,24000,480000,48000,Paid,OP1024,Completed,0
RNT104092,EQX1145,CUST1026,SITE110,Harbor Expansion,Mysore,2025-01-25,2025-02-18,2025-02-20,24,24000,624000,48000,Paid,OP1083,Overdue,2
RNT104093,EQX1246,CUST1006,SITE129,Highway Expansion,Bangalore,2025-04-06,2025-04-09,2025-04-09,3,22000,66000,44000,Paid,OP1150,Completed,0
RNT104094,EQX1044,CUST1011,SITE116,Metro Rail Project,Salem,2025-02-18,2025-03-13,2025-03-13,23,24000,552000,48000,Partial,OP1002,Completed,0
RNT104095,EQX1015,CUST1004,SITE116,IT Park,Trichy,2025-06-06,2025-06-29,2025-06-29,23,22000,506000,44000,Paid,OP1013,Completed,0
RNT104096,EQX1182,CUST1006,SITE102,Industrial Park,Salem,2025-04-22,2025-05-18,2025-05-18,26,22000,572000,44000,Paid,OP1061,Completed,0
RNT104097,EQX1241,CUST1018,SITE115,Airport Extension,Chennai,2025-03-16,2025-03-30,2025-03-30,14,12000,168000,24000,Paid,OP1194,Completed,0
RNT104098,EQX1114,CUST1052,SITE113,IT Park,Coimbatore,2025-02-01,2025-02-27,2025-02-27,26,12000,312000,24000,Paid,OP1114,Completed,0
RNT104099,EQX1077,CUST1092,SITE110,IT Park,Madurai,2025-02-22,2025-03-07,2025-03-07,13,18000,234000,36000,Paid,OP1096,Completed,0
RNT104100,EQX1163,CUST1024,SITE130,Residential Township,Trichy,2025-03-26,2025-04-21,2025-04-21,26,25000,650000,50000,Paid,OP1005,Completed,0
RNT104101,EQX1004,CUST1026,SITE119,Bridge Construction,Chennai,2025-03-23,2025-04-07,2025-04-07,15,30000,450000,60000,Paid,OP1033,Completed,0
RNT104102,EQX1232,CUST1114,SITE121,Airport Extension,Mysore,2025-05-14,2025-06-02,2025-06-02,19,18000,342000,36000,Paid,OP1085,Completed,0
RNT104103,EQX1075,CUST1067,SITE122,Harbor Expansion,Trichy,2025-03-08,2025-04-07,2025-04-07,30,18000,540000,36000,Paid,OP1060,Completed,0
RNT104104,EQX1020,CUST1065,SITE103,Bridge Construction,Mysore,2025-02-28,2025-03-03,2025-03-03,3,30000,90000,60000,Paid,OP1197,Completed,0
RNT104105,EQX1245,CUST1120,SITE101,Highway Expansion,Hyderabad,2025-02-28,2025-03-24,2025-03-24,24,25000,600000,50000,Paid,OP1004,Completed,0
RNT104106,EQX1231,CUST1013,SITE119,River Embankment,Trichy,2025-01-25,2025-02-14,2025-02-17,20,22000,506000,44000,Paid,OP1131,Overdue,3
RNT104107,EQX1208,CUST1057,SITE118,Industrial Park,Trichy,2025-02-14,2025-03-07,2025-03-07,21,18000,378000,36000,Paid,OP1086,Completed,0
RNT104108,EQX1067,CUST1045,SITE106,Airport Extension,Coimbatore,2025-04-07,2025-05-06,2025-05-09,29,24000,768000,48000,Paid,OP1023,Overdue,3
RNT104109,EQX1032,CUST1004,SITE128,Residential Township,Madurai,2025-04-29,2025-05-20,2025-05-20,21,24000,504000,48000,Paid,OP1051,Completed,0
RNT104110,EQX1253,CUST1099,SITE102,Highway Expansion,Hyderabad,2025-05-03,2025-05-17,2025-05-17,14,24000,336000,48000,Paid,OP1156,Completed,0
RNT104111,EQX1214,CUST1076,SITE124,IT Park,Trichy,2025-02-01,2025-02-12,2025-02-14,11,24000,312000,48000,Paid,OP1183,Overdue,2
RNT104112,EQX1141,CUST1101,SITE129,Residential Township,Chennai,2025-01-18,2025-02-17,2025-02-17,30,12000,360000,24000,Pending,OP1060,Completed,0
RNT104113,EQX1124,CUST1015,SITE117,Industrial Park,Madurai,2025-06-02,2025-06-21,2025-06-21,19,18000,342000,36000,Pending,OP1020,Completed,0
RNT104114,EQX1239,CUST1074,SITE106,Industrial Park,Madurai,2025-04-03,2025-04-25,2025-04-28,22,22000,550000,44000,Paid,OP1102,Overdue,3
RNT104115,EQX1273,CUST1030,SITE122,Harbor Expansion,Mysore,2025-05-03,2025-05-27,2025-05-27,24,18000,432000,36000,Paid,OP1173,Completed,0
RNT104116,EQX1171,CUST1059,SITE111,Industrial Park,Chennai,2025-05-09,2025-05-31,2025-05-31,22,22000,484000,44000,Paid,OP1102,Completed,0
RNT104117,EQX1214,CUST1051,SITE112,Airport Extension,Bangalore,2025-05-25,2025-06-15,2025-06-15,21,24000,504000,48000,Paid,OP1152,Completed,0
RNT104118,EQX1005,CUST1017,SITE119,Airport Extension,Salem,2025-06-04,2025-07-02,2025-07-02,28,12000,336000,24000,Partial,OP1194,Completed,0
RNT104119,EQX1240,CUST1046,SITE129,Smart City Zone,Coimbatore,2025-03-07,2025-03-23,2025-03-23,16,22000,352000,44000,Paid,OP1187,Completed,0
RNT104120,EQX1152,CUST1111,SITE124,Airport Extension,Salem,2025-06-19,2025-06-26,2025-06-26,7,18000,126000,36000,Pending,OP1161,Completed,0
RNT104121,EQX1239,CUST1005,SITE126,Metro Rail Project,Chennai,2025-05-22,2025-06-15,2025-06-15,24,22000,528000,44000,Paid,OP1046,Completed,0
RNT104122,EQX1298,CUST1020,SITE124,IT Park,Coimbatore,2025-03-10,2025-03-28,2025-03-28,18,22000,396000,44000,Paid,OP1003,Completed,0
RNT104123,EQX1009,CUST1099,SITE130,Bridge Construction,Bangalore,2025-04-12,2025-05-02,2025-05-02,20,12000,240000,24000,Paid,OP1060,Completed,0
RNT104124,EQX1107,CUST1100,SITE117,Solar Power Plant,Chennai,2025-02-06,2025-02-10,2025-02-10,4,30000,120000,60000,Paid,OP1038,Completed,0
RNT104125,EQX1116,CUST1011,SITE124,Bridge Construction,Coimbatore,2025-01-24,2025-02-17,2025-02-17,24,30000,720000,60000,Pending,OP1199,Completed,0
RNT104126,EQX1048,CUST1090,SITE120,Solar Power Plant,Mysore,2025-02-28,2025-03-07,2025-03-07,7,30000,210000,60000,Paid,OP1127,Completed,0
RNT104127,EQX1146,CUST1092,SITE120,Harbor Expansion,Hyderabad,2025-02-14,2025-03-06,2025-03-06,20,18000,360000,36000,Pending,OP1128,Completed,0
RNT104128,EQX1294,CUST1031,SITE127,IT Park,Chennai,2025-03-12,2025-04-09,2025-04-19,28,22000,836000,44000,Paid,OP1173,Overdue,10
RNT104129,EQX1005,CUST1016,SITE101,Highway Expansion,Madurai,2025-05-04,2025-05-16,2025-05-16,12,12000,144000,24000,Pending,OP1019,Completed,0
RNT104130,EQX1256,CUST1085,SITE124,River Embankment,Coimbatore,2025-06-15,2025-06-26,2025-06-27,11,12000,144000,24000,Paid,OP1118,Overdue,1
RNT104131,EQX1176,CUST1017,SITE128,Solar Power Plant,Salem,2025-01-14,2025-02-10,2025-02-12,27,30000,870000,60000,Paid,OP1035,Overdue,2
RNT104132,EQX1094,CUST1021,SITE119,IT Park,Madurai,2025-01-14,2025-01-27,2025-01-27,13,30000,390000,60000,Paid,OP1007,Completed,0
RNT104133,EQX1092,CUST1058,SITE116,Residential Township,Hyderabad,2025-06-12,2025-07-08,2025-07-08,26,24000,624000,48000,Paid,OP1103,Completed,0
RNT104134,EQX1300,CUST1109,SITE121,Metro Rail Project,Madurai,2025-03-20,2025-04-07,2025-04-13,18,24000,576000,48000,Paid,OP1025,Overdue,6
RNT104135,EQX1179,CUST1067,SITE116,Airport Extension,Chennai,2025-05-17,2025-06-05,2025-06-05,19,25000,475000,50000,Paid,OP1185,Completed,0
RNT104136,EQX1163,CUST1046,SITE109,Solar Power Plant,Madurai,2025-05-01,2025-05-14,2025-05-14,13,25000,325000,50000,Paid,OP1063,Completed,0
RNT104137,EQX1034,CUST1028,SITE126,Metro Rail Project,Salem,2025-05-12,2025-05-29,2025-05-29,17,25000,425000,50000,Paid,OP1070,Completed,0
RNT104138,EQX1091,CUST1117,SITE112,River Embankment,Madurai,2025-05-29,2025-06-25,2025-06-25,27,25000,675000,50000,Paid,OP1153,Completed,0
RNT104139,EQX1020,CUST1009,SITE109,Mining Site,Trichy,2025-04-20,2025-05-19,2025-05-27,29,30000,1110000,60000,Paid,OP1165,Overdue,8
RNT104140,EQX1100,CUST1108,SITE127,IT Park,Chennai,2025-04-08,2025-04-12,2025-04-13,4,12000,60000,24000,Pending,OP1120,Overdue,1
RNT104141,EQX1077,CUST1089,SITE114,Smart City Zone,Hyderabad,2025-06-14,2025-06-23,2025-06-23,9,18000,162000,36000,Pending,OP1040,Completed,0
RNT104142,EQX1292,CUST1107,SITE101,Solar Power Plant,Madurai,2025-03-28,2025-04-20,2025-04-20,23,12000,276000,24000,Paid,OP1106,Completed,0
RNT104143,EQX1276,CUST1058,SITE108,Harbor Expansion,Trichy,2025-03-25,2025-04-17,2025-04-17,23,25000,575000,50000,Paid,OP1010,Completed,0
RNT104144,EQX1270,CUST1083,SITE126,IT Park,Mysore,2025-04-22,2025-04-27,2025-04-27,5,18000,90000,36000,Paid,OP1196,Completed,0
RNT104145,EQX1111,CUST1098,SITE106,Residential Township,Mysore,2025-03-01,2025-03-03,2025-03-06,2,22000,110000,44000,Paid,OP1091,Overdue,3
RNT104146,EQX1027,CUST1023,SITE125,Smart City Zone,Madurai,2025-02-27,2025-03-23,2025-03-23,24,25000,600000,50000,Partial,OP1071,Completed,0
RNT104147,EQX1233,CUST1059,SITE108,Smart City Zone,Hyderabad,2025-04-16,2025-05-11,2025-05-11,25,30000,750000,60000,Paid,OP1197,Completed,0
RNT104148,EQX1121,CUST1068,SITE126,Airport Extension,Mysore,2025-03-22,2025-04-05,2025-04-10,14,22000,418000,44000,Pending,OP1001,Overdue,5
RNT104149,EQX1162,CUST1083,SITE129,Highway Expansion,Trichy,2025-06-04,2025-06-24,2025-06-24,20,25000,500000,50000,Paid,OP1034,Completed,0
RNT104150,EQX1235,CUST1097,SITE120,IT Park,Bangalore,2025-02-19,2025-03-08,2025-03-08,17,24000,408000,48000,Paid,OP1060,Completed,0
RNT104151,EQX1074,CUST1048,SITE104,Industrial Park,Bangalore,2025-01-11,2025-02-08,2025-02-18,28,12000,456000,24000,Paid,OP1110,Overdue,10
RNT104152,EQX1003,CUST1060,SITE115,Metro Rail Project,Madurai,2025-01-18,2025-02-05,2025-02-05,18,25000,450000,50000,Paid,OP1021,Completed,0
RNT104153,EQX1056,CUST1003,SITE105,Airport Extension,Chennai,2025-01-22,2025-02-08,2025-02-12,17,22000,462000,44000,Paid,OP1074,Overdue,4
RNT104154,EQX1036,CUST1001,SITE103,Solar Power Plant,Hyderabad,2025-06-28,2025-07-17,2025-07-17,19,24000,456000,48000,Paid,OP1079,Completed,0
RNT104155,EQX1008,CUST1049,SITE112,Industrial Park,Coimbatore,2025-05-31,2025-06-22,2025-06-25,22,30000,750000,60000,Pending,OP1052,Overdue,3
RNT104156,EQX1088,CUST1064,SITE109,Residential Township,Coimbatore,2025-03-25,2025-03-31,2025-04-10,6,18000,288000,36000,Paid,OP1195,Overdue,10
RNT104157,EQX1008,CUST1046,SITE120,Mining Site,Coimbatore,2025-04-13,2025-04-21,2025-04-21,8,30000,240000,60000,Paid,OP1003,Completed,0
RNT104158,EQX1201,CUST1037,SITE114,Airport Extension,Coimbatore,2025-04-10,2025-04-20,2025-04-20,10,18000,180000,36000,Pending,OP1023,Completed,0
RNT104159,EQX1007,CUST1064,SITE112,Harbor Expansion,Hyderabad,2025-05-03,2025-05-30,2025-05-30,27,30000,810000,60000,Pending,OP1021,Completed,0
RNT104160,EQX1210,CUST1039,SITE129,IT Park,Coimbatore,2025-01-06,2025-01-15,2025-01-15,9,30000,270000,60000,Pending,OP1090,Completed,0
RNT104161,EQX1154,CUST1082,SITE124,Industrial Park,Bangalore,2025-02-07,2025-02-19,2025-02-19,12,12000,144000,24000,Pending,OP1179,Completed,0
RNT104162,EQX1124,CUST1005,SITE104,Smart City Zone,Salem,2025-03-03,2025-03-08,2025-03-08,5,18000,90000,36000,Paid,OP1106,Completed,0
RNT104163,EQX1221,CUST1013,SITE107,Highway Expansion,Madurai,2025-06-13,2025-06-24,2025-06-24,11,25000,275000,50000,Paid,OP1118,Completed,0
RNT104164,EQX1259,CUST1009,SITE127,Harbor Expansion,Mysore,2025-04-02,2025-04-22,2025-04-22,20,22000,440000,44000,Pending,OP1023,Completed,0
RNT104165,EQX1288,CUST1032,SITE118,Metro Rail Project,Chennai,2025-06-16,2025-06-20,2025-06-25,4,24000,216000,48000,Paid,OP1191,Overdue,5
RNT104166,EQX1249,CUST1087,SITE110,Smart City Zone,Chennai,2025-06-15,2025-06-20,2025-06-29,5,18000,252000,36000,Paid,OP1163,Overdue,9
RNT104167,EQX1048,CUST1070,SITE118,Harbor Expansion,Salem,2025-06-15,2025-06-17,2025-06-21,2,30000,180000,60000,Paid,OP1182,Overdue,4
RNT104168,EQX1045,CUST1071,SITE108,IT Park,Bangalore,2025-05-12,2025-05-30,2025-05-30,18,25000,450000,50000,Paid,OP1200,Completed,0
RNT104169,EQX1252,CUST1066,SITE114,Industrial Park,Mysore,2025-02-23,2025-03-24,2025-03-24,29,18000,522000,36000,Pending,OP1041,Completed,0
RNT104170,EQX1119,CUST1107,SITE119,Harbor Expansion,Coimbatore,2025-03-01,2025-03-28,2025-03-28,27,22000,594000,44000,Paid,OP1085,Completed,0
RNT104171,EQX1007,CUST1093,SITE107,Bridge Construction,Salem,2025-04-23,2025-05-05,2025-05-05,12,30000,360000,60000,Partial,OP1041,Completed,0
RNT104172,EQX1181,CUST1089,SITE128,Smart City Zone,Bangalore,2025-04-11,2025-05-01,2025-05-01,20,22000,440000,44000,Pending,OP1049,Completed,0
RNT104173,EQX1060,CUST1110,SITE106,Industrial Park,Bangalore,2025-02-04,2025-03-05,2025-03-05,29,25000,725000,50000,Partial,OP1148,Completed,0
RNT104174,EQX1293,CUST1098,SITE125,Mining Site,Trichy,2025-06-03,2025-06-19,2025-06-19,16,18000,288000,36000,Paid,OP1135,Completed,0
RNT104175,EQX1003,CUST1075,SITE128,Residential Township,Bangalore,2025-04-07,2025-04-14,2025-04-15,7,25000,200000,50000,Paid,OP1190,Overdue,1
RNT104176,EQX1057,CUST1056,SITE105,Airport Extension,Coimbatore,2025-06-29,2025-07-18,2025-07-21,19,22000,484000,44000,Paid,OP1079,Overdue,3
RNT104177,EQX1064,CUST1118,SITE111,Mining Site,Chennai,2025-06-08,2025-06-19,2025-06-19,11,18000,198000,36000,Paid,OP1198,Completed,0
RNT104178,EQX1093,CUST1101,SITE115,Solar Power Plant,Hyderabad,2025-05-15,2025-05-24,2025-06-02,9,25000,450000,50000,Paid,OP1009,Overdue,9
RNT104179,EQX1055,CUST1106,SITE119,Highway Expansion,Madurai,2025-01-27,2025-02-05,2025-02-09,9,25000,325000,50000,Paid,OP1061,Overdue,4
RNT104180,EQX1091,CUST1084,SITE111,Industrial Park,Hyderabad,2025-03-21,2025-04-12,2025-04-22,22,25000,800000,50000,Paid,OP1038,Overdue,10
RNT104181,EQX1139,CUST1041,SITE104,Highway Expansion,Bangalore,2025-06-25,2025-07-24,2025-07-29,29,30000,1020000,60000,Paid,OP1151,Overdue,5
RNT104182,EQX1233,CUST1046,SITE129,River Embankment,Coimbatore,2025-06-21,2025-07-10,2025-07-10,19,30000,570000,60000,Paid,OP1147,Completed,0
RNT104183,EQX1222,CUST1030,SITE117,Smart City Zone,Chennai,2025-02-16,2025-03-07,2025-03-07,19,22000,418000,44000,Paid,OP1070,Completed,0
RNT104184,EQX1031,CUST1065,SITE107,Metro Rail Project,Hyderabad,2025-04-01,2025-04-29,2025-04-29,28,18000,504000,36000,Paid,OP1158,Completed,0
RNT104185,EQX1221,CUST1056,SITE105,Highway Expansion,Mysore,2025-01-27,2025-02-11,2025-02-11,15,25000,375000,50000,Paid,OP1046,Completed,0
RNT104186,EQX1081,CUST1017,SITE107,Solar Power Plant,Madurai,2025-04-06,2025-04-15,2025-04-15,9,22000,198000,44000,Paid,OP1132,Completed,0
RNT104187,EQX1242,CUST1108,SITE111,Solar Power Plant,Hyderabad,2025-05-04,2025-05-29,2025-05-29,25,25000,625000,50000,Paid,OP1041,Completed,0
RNT104188,EQX1209,CUST1103,SITE129,Highway Expansion,Chennai,2025-05-09,2025-06-08,2025-06-08,30,18000,540000,36000,Paid,OP1056,Completed,0
RNT104189,EQX1117,CUST1041,SITE126,Airport Extension,Bangalore,2025-03-09,2025-03-24,2025-03-25,15,18000,288000,36000,Paid,OP1158,Overdue,1
RNT104190,EQX1118,CUST1099,SITE105,Solar Power Plant,Coimbatore,2025-05-12,2025-06-09,2025-06-10,28,12000,348000,24000,Paid,OP1156,Overdue,1
RNT104191,EQX1202,CUST1027,SITE114,River Embankment,Hyderabad,2025-03-24,2025-04-04,2025-04-04,11,30000,330000,60000,Paid,OP1188,Completed,0
RNT104192,EQX1021,CUST1022,SITE130,Airport Extension,Bangalore,2025-01-09,2025-01-16,2025-01-16,7,18000,126000,36000,Paid,OP1131,Completed,0
RNT104193,EQX1204,CUST1021,SITE110,Airport Extension,Trichy,2025-06-28,2025-07-24,2025-07-31,26,30000,990000,60000,Paid,OP1169,Overdue,7
RNT104194,EQX1149,CUST1102,SITE127,Industrial Park,Salem,2025-05-25,2025-06-06,2025-06-06,12,24000,288000,48000,Paid,OP1173,Completed,0
RNT104195,EQX1132,CUST1114,SITE118,Residential Township,Madurai,2025-04-05,2025-04-13,2025-04-13,8,30000,240000,60000,Paid,OP1001,Completed,0
RNT104196,EQX1125,CUST1118,SITE125,Industrial Park,Mysore,2025-01-26,2025-02-16,2025-02-16,21,25000,525000,50000,Paid,OP1181,Completed,0
RNT104197,EQX1189,CUST1057,SITE117,Airport Extension,Chennai,2025-04-19,2025-04-24,2025-04-29,5,12000,120000,24000,Pending,OP1053,Overdue,5
RNT104198,EQX1103,CUST1117,SITE120,Metro Rail Project,Salem,2025-03-13,2025-03-19,2025-03-19,6,25000,150000,50000,Paid,OP1017,Completed,0
RNT104199,EQX1127,CUST1046,SITE126,Airport Extension,Madurai,2025-01-07,2025-01-11,2025-01-21,4,24000,336000,48000,Paid,OP1071,Overdue,10
RNT104200,EQX1294,CUST1026,SITE115,IT Park,Madurai,2025-06-11,2025-06-26,2025-06-26,15,22000,330000,44000,Paid,OP1057,Completed,0
RNT104201,EQX1223,CUST1043,SITE127,River Embankment,Mysore,2025-05-18,2025-06-10,2025-06-10,23,30000,690000,60000,Paid,OP1107,Completed,0
RNT104202,EQX1056,CUST1055,SITE101,Airport Extension,Coimbatore,2025-06-15,2025-07-02,2025-07-02,17,22000,374000,44000,Pending,OP1166,Completed,0
RNT104203,EQX1002,CUST1025,SITE103,Harbor Expansion,Coimbatore,2025-02-05,2025-02-23,2025-02-23,18,18000,324000,36000,Paid,OP1177,Completed,0
RNT104204,EQX1196,CUST1015,SITE122,Smart City Zone,Mysore,2025-01-21,2025-02-13,2025-02-13,23,22000,506000,44000,Paid,OP1193,Completed,0
RNT104205,EQX1192,CUST1026,SITE105,Smart City Zone,Chennai,2025-03-25,2025-04-07,2025-04-07,13,12000,156000,24000,Paid,OP1111,Completed,0
RNT104206,EQX1037,CUST1009,SITE121,Airport Extension,Coimbatore,2025-01-29,2025-02-08,2025-02-08,10,25000,250000,50000,Pending,OP1058,Completed,0
RNT104207,EQX1051,CUST1043,SITE126,Solar Power Plant,Chennai,2025-04-15,2025-04-26,2025-05-02,11,12000,204000,24000,Paid,OP1146,Overdue,6
RNT104208,EQX1079,CUST1081,SITE118,Smart City Zone,Mysore,2025-05-21,2025-06-03,2025-06-03,13,12000,156000,24000,Paid,OP1191,Completed,0
RNT104209,EQX1143,CUST1024,SITE119,Residential Township,Hyderabad,2025-04-01,2025-04-08,2025-04-08,7,12000,84000,24000,Partial,OP1048,Completed,0
RNT104210,EQX1185,CUST1020,SITE112,IT Park,Coimbatore,2025-01-18,2025-01-28,2025-01-28,10,30000,300000,60000,Paid,OP1188,Completed,0
RNT104211,EQX1047,CUST1082,SITE105,Residential Township,Bangalore,2025-06-03,2025-06-16,2025-06-16,13,24000,312000,48000,Paid,OP1134,Completed,0
RNT104212,EQX1072,CUST1057,SITE116,Harbor Expansion,Madurai,2025-01-21,2025-02-10,2025-02-14,20,18000,432000,36000,Partial,OP1007,Overdue,4
RNT104213,EQX1144,CUST1062,SITE101,Airport Extension,Bangalore,2025-01-17,2025-01-25,2025-01-25,8,18000,144000,36000,Paid,OP1182,Completed,0
RNT104214,EQX1030,CUST1025,SITE106,Highway Expansion,Madurai,2025-02-04,2025-02-24,2025-02-27,20,12000,276000,24000,Paid,OP1154,Overdue,3
RNT104215,EQX1271,CUST1114,SITE103,Airport Extension,Trichy,2025-04-28,2025-05-26,2025-05-26,28,12000,336000,24000,Paid,OP1197,Completed,0
RNT104216,EQX1099,CUST1001,SITE119,Bridge Construction,Coimbatore,2025-02-28,2025-03-19,2025-03-19,19,22000,418000,44000,Paid,OP1086,Completed,0
RNT104217,EQX1119,CUST1047,SITE130,Airport Extension,Trichy,2025-04-28,2025-05-06,2025-05-06,8,22000,176000,44000,Paid,OP1133,Completed,0
RNT104218,EQX1259,CUST1061,SITE130,Harbor Expansion,Mysore,2025-02-17,2025-03-12,2025-03-12,23,22000,506000,44000,Paid,OP1105,Completed,0
RNT104219,EQX1294,CUST1108,SITE122,Solar Power Plant,Hyderabad,2025-03-02,2025-04-01,2025-04-04,30,22000,726000,44000,Paid,OP1092,Overdue,3
RNT104220,EQX1212,CUST1032,SITE120,Smart City Zone,Salem,2025-01-12,2025-01-25,2025-01-25,13,24000,312000,48000,Partial,OP1043,Completed,0
RNT104221,EQX1044,CUST1018,SITE104,Harbor Expansion,Chennai,2025-03-22,2025-04-16,2025-04-16,25,24000,600000,48000,Paid,OP1068,Completed,0
RNT104222,EQX1282,CUST1055,SITE114,Smart City Zone,Chennai,2025-06-06,2025-06-27,2025-06-29,21,18000,414000,36000,Paid,OP1137,Overdue,2
RNT104223,EQX1234,CUST1033,SITE120,Mining Site,Mysore,2025-05-09,2025-05-27,2025-05-27,18,22000,396000,44000,Paid,OP1161,Completed,0
RNT104224,EQX1057,CUST1086,SITE104,Bridge Construction,Coimbatore,2025-04-22,2025-05-19,2025-05-19,27,22000,594000,44000,Paid,OP1144,Completed,0
RNT104225,EQX1257,CUST1101,SITE130,Solar Power Plant,Madurai,2025-05-29,2025-06-07,2025-06-07,9,24000,216000,48000,Paid,OP1009,Completed,0
RNT104226,EQX1232,CUST1061,SITE129,River Embankment,Salem,2025-04-29,2025-05-25,2025-05-25,26,18000,468000,36000,Paid,OP1028,Completed,0
RNT104227,EQX1206,CUST1038,SITE101,Industrial Park,Mysore,2025-04-23,2025-05-01,2025-05-01,8,22000,176000,44000,Paid,OP1122,Completed,0
RNT104228,EQX1142,CUST1030,SITE117,Residential Township,Salem,2025-06-10,2025-07-06,2025-07-06,26,24000,624000,48000,Paid,OP1014,Completed,0
RNT104229,EQX1168,CUST1065,SITE114,Mining Site,Coimbatore,2025-04-04,2025-04-28,2025-04-28,24,25000,600000,50000,Paid,OP1081,Completed,0
RNT104230,EQX1152,CUST1049,SITE116,River Embankment,Salem,2025-04-14,2025-04-27,2025-04-27,13,18000,234000,36000,Paid,OP1008,Completed,0
RNT104231,EQX1134,CUST1104,SITE104,Residential Township,Trichy,2025-04-14,2025-05-03,2025-05-03,19,24000,456000,48000,Pending,OP1028,Completed,0
RNT104232,EQX1218,CUST1079,SITE115,Mining Site,Bangalore,2025-02-06,2025-02-14,2025-02-22,8,12000,192000,24000,Partial,OP1068,Overdue,8
RNT104233,EQX1247,CUST1112,SITE122,Airport Extension,Salem,2025-02-22,2025-02-26,2025-03-08,4,12000,168000,24000,Pending,OP1200,Overdue,10
RNT104234,EQX1222,CUST1102,SITE104,Residential Township,Trichy,2025-02-13,2025-03-03,2025-03-03,18,22000,396000,44000,Paid,OP1023,Completed,0
RNT104235,EQX1152,CUST1042,SITE118,Highway Expansion,Hyderabad,2025-06-08,2025-06-14,2025-06-14,6,18000,108000,36000,Paid,OP1111,Completed,0
RNT104236,EQX1275,CUST1099,SITE130,Bridge Construction,Trichy,2025-04-16,2025-05-09,2025-05-09,23,18000,414000,36000,Partial,OP1158,Completed,0
RNT104237,EQX1202,CUST1096,SITE125,Harbor Expansion,Madurai,2025-01-21,2025-02-04,2025-02-04,14,30000,420000,60000,Paid,OP1007,Completed,0
RNT104238,EQX1254,CUST1103,SITE126,Highway Expansion,Bangalore,2025-03-13,2025-04-09,2025-04-09,27,18000,486000,36000,Paid,OP1172,Completed,0
RNT104239,EQX1069,CUST1060,SITE125,Airport Extension,Bangalore,2025-04-02,2025-04-21,2025-04-27,19,25000,625000,50000,Partial,OP1040,Overdue,6
RNT104240,EQX1060,CUST1073,SITE102,IT Park,Madurai,2025-03-14,2025-04-09,2025-04-09,26,25000,650000,50000,Paid,OP1067,Completed,0
RNT104241,EQX1060,CUST1119,SITE103,Solar Power Plant,Trichy,2025-03-25,2025-03-31,2025-03-31,6,25000,150000,50000,Paid,OP1086,Completed,0
RNT104242,EQX1165,CUST1052,SITE111,Metro Rail Project,Mysore,2025-02-12,2025-02-18,2025-02-18,6,25000,150000,50000,Pending,OP1188,Completed,0
RNT104243,EQX1084,CUST1119,SITE125,Residential Township,Madurai,2025-02-18,2025-03-04,2025-03-04,14,12000,168000,24000,Paid,OP1147,Completed,0
RNT104244,EQX1050,CUST1110,SITE121,Metro Rail Project,Chennai,2025-06-29,2025-07-18,2025-07-18,19,18000,342000,36000,Paid,OP1173,Completed,0
RNT104245,EQX1133,CUST1036,SITE115,Harbor Expansion,Salem,2025-03-17,2025-04-13,2025-04-13,27,30000,810000,60000,Paid,OP1015,Completed,0
RNT104246,EQX1146,CUST1053,SITE121,Smart City Zone,Madurai,2025-03-09,2025-03-14,2025-03-14,5,18000,90000,36000,Paid,OP1103,Completed,0
RNT104247,EQX1275,CUST1021,SITE123,Solar Power Plant,Salem,2025-01-09,2025-01-11,2025-01-11,2,18000,36000,36000,Paid,OP1092,Completed,0
RNT104248,EQX1215,CUST1026,SITE124,Smart City Zone,Mysore,2025-03-21,2025-04-20,2025-04-20,30,12000,360000,24000,Paid,OP1044,Completed,0
RNT104249,EQX1202,CUST1104,SITE105,River Embankment,Salem,2025-05-17,2025-05-30,2025-05-30,13,30000,390000,60000,Paid,OP1031,Completed,0
RNT104250,EQX1103,CUST1103,SITE108,Bridge Construction,Trichy,2025-01-16,2025-01-30,2025-01-30,14,25000,350000,50000,Partial,OP1059,Completed,0
RNT104251,EQX1163,CUST1113,SITE115,Mining Site,Bangalore,2025-02-15,2025-03-11,2025-03-11,24,25000,600000,50000,Partial,OP1057,Completed,0
RNT104252,EQX1062,CUST1102,SITE130,Smart City Zone,Madurai,2025-05-31,2025-06-10,2025-06-10,10,12000,120000,24000,Paid,OP1092,Completed,0
RNT104253,EQX1022,CUST1105,SITE122,Metro Rail Project,Mysore,2025-06-19,2025-07-16,2025-07-26,27,24000,888000,48000,Paid,OP1137,Overdue,10
RNT104254,EQX1091,CUST1011,SITE118,Highway Expansion,Bangalore,2025-06-13,2025-07-09,2025-07-09,26,25000,650000,50000,Paid,OP1114,Completed,0
RNT104255,EQX1012,CUST1045,SITE101,Industrial Park,Trichy,2025-03-26,2025-04-22,2025-04-22,27,30000,810000,60000,Pending,OP1190,Completed,0
RNT104256,EQX1061,CUST1101,SITE111,Residential Township,Hyderabad,2025-02-04,2025-02-13,2025-02-13,9,24000,216000,48000,Paid,OP1059,Completed,0
RNT104257,EQX1258,CUST1010,SITE120,Harbor Expansion,Chennai,2025-06-17,2025-07-10,2025-07-10,23,18000,414000,36000,Paid,OP1090,Completed,0
RNT104258,EQX1041,CUST1072,SITE103,Smart City Zone,Chennai,2025-02-04,2025-02-09,2025-02-09,5,24000,120000,48000,Pending,OP1181,Completed,0
RNT104259,EQX1074,CUST1076,SITE109,Metro Rail Project,Madurai,2025-05-31,2025-06-04,2025-06-04,4,12000,48000,24000,Partial,OP1041,Completed,0
RNT104260,EQX1029,CUST1035,SITE104,Highway Expansion,Hyderabad,2025-04-05,2025-05-02,2025-05-02,27,12000,324000,24000,Paid,OP1187,Completed,0
RNT104261,EQX1265,CUST1064,SITE110,Residential Township,Mysore,2025-05-20,2025-06-11,2025-06-11,22,22000,484000,44000,Paid,OP1155,Completed,0
RNT104262,EQX1067,CUST1015,SITE122,Harbor Expansion,Madurai,2025-05-15,2025-05-28,2025-05-30,13,24000,360000,48000,Paid,OP1096,Overdue,2
RNT104263,EQX1180,CUST1086,SITE123,River Embankment,Salem,2025-02-04,2025-03-03,2025-03-03,27,18000,486000,36000,Paid,OP1030,Completed,0
RNT104264,EQX1290,CUST1081,SITE118,IT Park,Madurai,2025-03-16,2025-04-15,2025-04-15,30,22000,660000,44000,Pending,OP1069,Completed,0
RNT104265,EQX1121,CUST1024,SITE118,Bridge Construction,Chennai,2025-02-21,2025-03-19,2025-03-19,26,22000,572000,44000,Paid,OP1131,Completed,0
RNT104266,EQX1209,CUST1061,SITE103,Airport Extension,Bangalore,2025-02-03,2025-02-12,2025-02-22,9,18000,342000,36000,Paid,OP1136,Overdue,10
RNT104267,EQX1291,CUST1013,SITE127,Solar Power Plant,Trichy,2025-05-07,2025-06-02,2025-06-02,26,25000,650000,50000,Paid,OP1069,Completed,0
RNT104268,EQX1028,CUST1038,SITE123,IT Park,Mysore,2025-02-12,2025-02-18,2025-02-18,6,12000,72000,24000,Paid,OP1117,Completed,0
RNT104269,EQX1156,CUST1057,SITE105,Airport Extension,Bangalore,2025-04-28,2025-05-12,2025-05-12,14,30000,420000,60000,Pending,OP1135,Completed,0
RNT104270,EQX1300,CUST1022,SITE129,Solar Power Plant,Bangalore,2025-05-14,2025-05-22,2025-05-22,8,24000,192000,48000,Paid,OP1044,Completed,0
RNT104271,EQX1075,CUST1007,SITE121,Mining Site,Madurai,2025-02-08,2025-02-11,2025-02-11,3,18000,54000,36000,Paid,OP1141,Completed,0
RNT104272,EQX1222,CUST1073,SITE105,Solar Power Plant,Mysore,2025-01-23,2025-02-12,2025-02-12,20,22000,440000,44000,Paid,OP1195,Completed,0
RNT104273,EQX1259,CUST1048,SITE103,River Embankment,Bangalore,2025-02-06,2025-02-23,2025-02-23,17,22000,374000,44000,Paid,OP1024,Completed,0
RNT104274,EQX1119,CUST1084,SITE108,Smart City Zone,Coimbatore,2025-06-15,2025-06-21,2025-06-21,6,22000,132000,44000,Paid,OP1096,Completed,0
RNT104275,EQX1091,CUST1045,SITE111,River Embankment,Bangalore,2025-02-26,2025-03-23,2025-03-25,25,25000,675000,50000,Paid,OP1114,Overdue,2
RNT104276,EQX1194,CUST1060,SITE122,Mining Site,Trichy,2025-04-28,2025-05-18,2025-05-28,20,12000,360000,24000,Paid,OP1148,Overdue,10
RNT104277,EQX1005,CUST1100,SITE104,Industrial Park,Salem,2025-02-28,2025-03-23,2025-03-23,23,12000,276000,24000,Paid,OP1074,Completed,0
RNT104278,EQX1025,CUST1082,SITE104,Mining Site,Mysore,2025-03-04,2025-03-13,2025-03-13,9,30000,270000,60000,Paid,OP1186,Completed,0
RNT104279,EQX1018,CUST1052,SITE130,River Embankment,Mysore,2025-02-13,2025-02-24,2025-02-24,11,22000,242000,44000,Paid,OP1190,Completed,0
RNT104280,EQX1284,CUST1030,SITE103,Bridge Construction,Salem,2025-04-22,2025-05-12,2025-05-12,20,18000,360000,36000,Paid,OP1134,Completed,0
RNT104281,EQX1116,CUST1085,SITE101,Highway Expansion,Hyderabad,2025-02-11,2025-02-28,2025-02-28,17,30000,510000,60000,Paid,OP1033,Completed,0
RNT104282,EQX1018,CUST1048,SITE129,Bridge Construction,Mysore,2025-03-28,2025-03-31,2025-03-31,3,22000,66000,44000,Paid,OP1159,Completed,0
RNT104283,EQX1110,CUST1082,SITE101,Solar Power Plant,Trichy,2025-03-14,2025-03-24,2025-03-24,10,12000,120000,24000,Paid,OP1189,Completed,0
RNT104284,EQX1228,CUST1104,SITE128,Highway Expansion,Salem,2025-04-01,2025-04-23,2025-04-23,22,24000,528000,48000,Paid,OP1160,Completed,0
RNT104285,EQX1149,CUST1039,SITE101,Metro Rail Project,Hyderabad,2025-03-23,2025-04-16,2025-04-16,24,24000,576000,48000,Paid,OP1163,Completed,0
RNT104286,EQX1199,CUST1038,SITE102,Solar Power Plant,Coimbatore,2025-03-14,2025-03-30,2025-04-08,16,18000,450000,36000,Paid,OP1088,Overdue,9
RNT104287,EQX1178,CUST1040,SITE104,River Embankment,Mysore,2025-02-24,2025-03-17,2025-03-17,21,22000,462000,44000,Paid,OP1016,Completed,0
RNT104288,EQX1098,CUST1008,SITE109,Airport Extension,Chennai,2025-01-13,2025-02-10,2025-02-10,28,30000,840000,60000,Paid,OP1194,Completed,0
RNT104289,EQX1195,CUST1079,SITE121,Metro Rail Project,Coimbatore,2025-04-03,2025-04-23,2025-04-23,20,18000,360000,36000,Paid,OP1187,Completed,0
RNT104290,EQX1127,CUST1049,SITE104,Bridge Construction,Trichy,2025-04-08,2025-04-29,2025-04-29,21,24000,504000,48000,Paid,OP1141,Completed,0
RNT104291,EQX1246,CUST1047,SITE121,Airport Extension,Chennai,2025-06-02,2025-06-28,2025-06-28,26,22000,572000,44000,Paid,OP1056,Completed,0
RNT104292,EQX1209,CUST1003,SITE129,IT Park,Madurai,2025-04-29,2025-05-02,2025-05-02,3,18000,54000,36000,Paid,OP1091,Completed,0
RNT104293,EQX1133,CUST1011,SITE108,Industrial Park,Mysore,2025-04-30,2025-05-05,2025-05-05,5,30000,150000,60000,Paid,OP1099,Completed,0
RNT104294,EQX1297,CUST1018,SITE115,Solar Power Plant,Bangalore,2025-05-07,2025-05-14,2025-05-14,7,12000,84000,24000,Paid,OP1023,Completed,0
RNT104295,EQX1026,CUST1060,SITE109,Residential Township,Salem,2025-01-26,2025-02-03,2025-02-03,8,25000,200000,50000,Paid,OP1017,Completed,0
RNT104296,EQX1031,CUST1048,SITE105,Harbor Expansion,Salem,2025-05-24,2025-06-10,2025-06-13,17,18000,360000,36000,Paid,OP1136,Overdue,3
RNT104297,EQX1177,CUST1049,SITE114,Harbor Expansion,Madurai,2025-04-01,2025-04-20,2025-04-20,19,25000,475000,50000,Paid,OP1070,Completed,0
RNT104298,EQX1066,CUST1061,SITE112,Solar Power Plant,Bangalore,2025-03-15,2025-03-19,2025-03-21,4,30000,180000,60000,Paid,OP1056,Overdue,2
RNT104299,EQX1148,CUST1070,SITE120,Bridge Construction,Madurai,2025-03-02,2025-03-28,2025-03-28,26,22000,572000,44000,Partial,OP1118,Completed,0
RNT104300,EQX1064,CUST1102,SITE110,River Embankment,Bangalore,2025-04-17,2025-04-28,2025-04-28,11,18000,198000,36000,Paid,OP1142,Completed,0
RNT104301,EQX1280,CUST1094,SITE102,Bridge Construction,Madurai,2025-02-23,2025-03-03,2025-03-03,8,18000,144000,36000,Paid,OP1116,Completed,0
RNT104302,EQX1087,CUST1055,SITE119,Highway Expansion,Chennai,2025-04-11,2025-04-21,2025-04-21,10,25000,250000,50000,Paid,OP1140,Completed,0
RNT104303,EQX1260,CUST1033,SITE107,Highway Expansion,Hyderabad,2025-01-16,2025-02-08,2025-02-08,23,30000,690000,60000,Paid,OP1168,Completed,0
RNT104304,EQX1045,CUST1065,SITE108,Bridge Construction,Chennai,2025-04-10,2025-05-07,2025-05-07,27,25000,675000,50000,Paid,OP1110,Completed,0
RNT104305,EQX1011,CUST1112,SITE122,Residential Township,Salem,2025-05-24,2025-05-27,2025-05-27,3,25000,75000,50000,Paid,OP1031,Completed,0
RNT104306,EQX1279,CUST1106,SITE111,Solar Power Plant,Coimbatore,2025-03-22,2025-04-17,2025-04-17,26,25000,650000,50000,Partial,OP1145,Completed,0
RNT104307,EQX1207,CUST1018,SITE116,River Embankment,Trichy,2025-04-22,2025-04-29,2025-05-02,7,30000,300000,60000,Partial,OP1022,Overdue,3
RNT104308,EQX1205,CUST1016,SITE120,IT Park,Madurai,2025-06-16,2025-06-28,2025-06-28,12,18000,216000,36000,Paid,OP1048,Completed,0
RNT104309,EQX1040,CUST1096,SITE101,Bridge Construction,Hyderabad,2025-05-29,2025-06-19,2025-06-19,21,12000,252000,24000,Paid,OP1052,Completed,0
RNT104310,EQX1012,CUST1038,SITE113,Airport Extension,Bangalore,2025-03-21,2025-03-28,2025-03-28,7,30000,210000,60000,Partial,OP1186,Completed,0
RNT104311,EQX1139,CUST1108,SITE106,Industrial Park,Bangalore,2025-06-08,2025-06-26,2025-06-26,18,30000,540000,60000,Paid,OP1022,Completed,0
RNT104312,EQX1266,CUST1093,SITE126,River Embankment,Chennai,2025-06-25,2025-07-02,2025-07-02,7,30000,210000,60000,Paid,OP1012,Completed,0
RNT104313,EQX1220,CUST1027,SITE112,Smart City Zone,Chennai,2025-02-02,2025-03-04,2025-03-05,30,30000,930000,60000,Paid,OP1184,Overdue,1
RNT104314,EQX1197,CUST1007,SITE123,Harbor Expansion,Madurai,2025-04-04,2025-05-03,2025-05-03,29,25000,725000,50000,Paid,OP1150,Completed,0
RNT104315,EQX1267,CUST1011,SITE124,Bridge Construction,Salem,2025-04-24,2025-04-26,2025-04-26,2,30000,60000,60000,Paid,OP1010,Completed,0
RNT104316,EQX1246,CUST1057,SITE125,Mining Site,Madurai,2025-03-04,2025-03-09,2025-03-09,5,22000,110000,44000,Partial,OP1123,Completed,0
RNT104317,EQX1172,CUST1040,SITE117,Mining Site,Hyderabad,2025-03-12,2025-03-14,2025-03-14,2,30000,60000,60000,Paid,OP1125,Completed,0
RNT104318,EQX1175,CUST1027,SITE106,Airport Extension,Trichy,2025-06-14,2025-07-11,2025-07-13,27,25000,725000,50000,Paid,OP1177,Overdue,2
RNT104319,EQX1003,CUST1027,SITE107,IT Park,Coimbatore,2025-01-26,2025-02-19,2025-02-19,24,25000,600000,50000,Partial,OP1054,Completed,0
RNT104320,EQX1286,CUST1018,SITE101,Industrial Park,Bangalore,2025-03-29,2025-04-25,2025-04-25,27,18000,486000,36000,Pending,OP1121,Completed,0
RNT104321,EQX1186,CUST1075,SITE128,Solar Power Plant,Madurai,2025-02-01,2025-02-20,2025-02-20,19,25000,475000,50000,Paid,OP1130,Completed,0
RNT104322,EQX1125,CUST1088,SITE118,Mining Site,Bangalore,2025-03-31,2025-04-19,2025-04-27,19,25000,675000,50000,Paid,OP1167,Overdue,8
RNT104323,EQX1182,CUST1066,SITE107,Metro Rail Project,Trichy,2025-01-06,2025-01-17,2025-01-17,11,22000,242000,44000,Pending,OP1074,Completed,0
RNT104324,EQX1018,CUST1031,SITE120,Solar Power Plant,Mysore,2025-04-11,2025-05-10,2025-05-10,29,22000,638000,44000,Paid,OP1015,Completed,0
RNT104325,EQX1182,CUST1064,SITE118,Industrial Park,Hyderabad,2025-03-16,2025-03-30,2025-04-02,14,22000,374000,44000,Pending,OP1085,Overdue,3
RNT104326,EQX1111,CUST1048,SITE108,Industrial Park,Chennai,2025-02-23,2025-02-27,2025-02-27,4,22000,88000,44000,Pending,OP1071,Completed,0
RNT104327,EQX1299,CUST1020,SITE111,Harbor Expansion,Mysore,2025-03-13,2025-03-31,2025-03-31,18,24000,432000,48000,Paid,OP1019,Completed,0
RNT104328,EQX1201,CUST1118,SITE130,Harbor Expansion,Madurai,2025-01-31,2025-02-18,2025-02-18,18,18000,324000,36000,Paid,OP1151,Completed,0
RNT104329,EQX1032,CUST1095,SITE113,River Embankment,Bangalore,2025-02-11,2025-02-19,2025-02-19,8,24000,192000,48000,Paid,OP1136,Completed,0
RNT104330,EQX1054,CUST1102,SITE107,Bridge Construction,Bangalore,2025-06-30,2025-07-06,2025-07-10,6,12000,120000,24000,Paid,OP1060,Overdue,4
RNT104331,EQX1062,CUST1097,SITE123,Harbor Expansion,Hyderabad,2025-03-12,2025-04-03,2025-04-03,22,12000,264000,24000,Pending,OP1102,Completed,0
RNT104332,EQX1123,CUST1045,SITE116,Highway Expansion,Coimbatore,2025-02-23,2025-03-02,2025-03-02,7,12000,84000,24000,Paid,OP1143,Completed,0
RNT104333,EQX1058,CUST1041,SITE106,Industrial Park,Coimbatore,2025-03-13,2025-03-31,2025-03-31,18,30000,540000,60000,Paid,OP1131,Completed,0
RNT104334,EQX1297,CUST1041,SITE103,Bridge Construction,Salem,2025-04-18,2025-05-08,2025-05-08,20,12000,240000,24000,Paid,OP1041,Completed,0
RNT104335,EQX1049,CUST1010,SITE120,Bridge Construction,Coimbatore,2025-01-30,2025-02-11,2025-02-15,12,12000,192000,24000,Paid,OP1149,Overdue,4
RNT104336,EQX1262,CUST1102,SITE108,Highway Expansion,Chennai,2025-04-21,2025-04-24,2025-04-24,3,25000,75000,50000,Pending,OP1139,Completed,0
RNT104337,EQX1189,CUST1070,SITE129,Smart City Zone,Trichy,2025-03-06,2025-04-04,2025-04-04,29,12000,348000,24000,Paid,OP1161,Completed,0
RNT104338,EQX1050,CUST1053,SITE124,Smart City Zone,Mysore,2025-03-15,2025-04-13,2025-04-13,29,18000,522000,36000,Partial,OP1087,Completed,0
RNT104339,EQX1011,CUST1107,SITE105,Bridge Construction,Salem,2025-02-09,2025-02-16,2025-02-16,7,25000,175000,50000,Paid,OP1181,Completed,0
RNT104340,EQX1242,CUST1058,SITE128,IT Park,Hyderabad,2025-06-24,2025-07-03,2025-07-03,9,25000,225000,50000,Paid,OP1108,Completed,0
RNT104341,EQX1148,CUST1086,SITE125,Bridge Construction,Trichy,2025-01-31,2025-02-27,2025-02-27,27,22000,594000,44000,Paid,OP1001,Completed,0
RNT104342,EQX1084,CUST1074,SITE104,Highway Expansion,Coimbatore,2025-03-12,2025-04-08,2025-04-08,27,12000,324000,24000,Paid,OP1040,Completed,0
RNT104343,EQX1197,CUST1101,SITE108,Metro Rail Project,Coimbatore,2025-06-24,2025-07-09,2025-07-10,15,25000,400000,50000,Pending,OP1119,Overdue,1
RNT104344,EQX1244,CUST1018,SITE114,Harbor Expansion,Mysore,2025-01-29,2025-02-10,2025-02-10,12,30000,360000,60000,Paid,OP1197,Completed,0
RNT104345,EQX1084,CUST1093,SITE127,Residential Township,Madurai,2025-06-26,2025-07-15,2025-07-15,19,12000,228000,24000,Partial,OP1082,Completed,0
RNT104346,EQX1044,CUST1117,SITE125,Harbor Expansion,Coimbatore,2025-03-12,2025-04-06,2025-04-06,25,24000,600000,48000,Partial,OP1115,Completed,0
RNT104347,EQX1250,CUST1013,SITE125,Highway Expansion,Hyderabad,2025-05-21,2025-06-10,2025-06-10,20,25000,500000,50000,Paid,OP1194,Completed,0
RNT104348,EQX1098,CUST1032,SITE104,Airport Extension,Bangalore,2025-03-11,2025-04-10,2025-04-10,30,30000,900000,60000,Pending,OP1079,Completed,0
RNT104349,EQX1017,CUST1016,SITE110,IT Park,Coimbatore,2025-01-18,2025-01-26,2025-01-26,8,12000,96000,24000,Paid,OP1035,Completed,0
RNT104350,EQX1258,CUST1050,SITE117,Industrial Park,Trichy,2025-03-01,2025-03-24,2025-03-27,23,18000,468000,36000,Paid,OP1097,Overdue,3
RNT104351,EQX1185,CUST1028,SITE123,Industrial Park,Chennai,2025-04-11,2025-04-21,2025-04-21,10,30000,300000,60000,Pending,OP1172,Completed,0
RNT104352,EQX1275,CUST1097,SITE117,Mining Site,Chennai,2025-01-16,2025-02-10,2025-02-12,25,18000,486000,36000,Paid,OP1146,Overdue,2
RNT104353,EQX1223,CUST1012,SITE121,Harbor Expansion,Hyderabad,2025-05-17,2025-05-23,2025-05-23,6,30000,180000,60000,Paid,OP1179,Completed,0
RNT104354,EQX1297,CUST1029,SITE129,Bridge Construction,Bangalore,2025-01-02,2025-01-07,2025-01-16,5,12000,168000,24000,Paid,OP1014,Overdue,9
RNT104355,EQX1008,CUST1047,SITE112,River Embankment,Salem,2025-01-13,2025-01-22,2025-01-22,9,30000,270000,60000,Paid,OP1185,Completed,0
RNT104356,EQX1022,CUST1029,SITE106,Bridge Construction,Bangalore,2025-06-23,2025-06-30,2025-06-30,7,24000,168000,48000,Pending,OP1161,Completed,0
RNT104357,EQX1052,CUST1042,SITE106,Solar Power Plant,Bangalore,2025-02-18,2025-03-17,2025-03-17,27,24000,648000,48000,Paid,OP1009,Completed,0
RNT104358,EQX1241,CUST1049,SITE120,Mining Site,Bangalore,2025-03-17,2025-04-06,2025-04-06,20,12000,240000,24000,Paid,OP1141,Completed,0
RNT104359,EQX1064,CUST1039,SITE107,IT Park,Coimbatore,2025-04-12,2025-04-19,2025-04-19,7,18000,126000,36000,Paid,OP1186,Completed,0
RNT104360,EQX1116,CUST1079,SITE130,Solar Power Plant,Chennai,2025-06-07,2025-06-18,2025-06-18,11,30000,330000,60000,Paid,OP1013,Completed,0
RNT104361,EQX1256,CUST1088,SITE116,Industrial Park,Mysore,2025-04-12,2025-04-30,2025-04-30,18,12000,216000,24000,Paid,OP1186,Completed,0
RNT104362,EQX1029,CUST1015,SITE127,Mining Site,Madurai,2025-01-21,2025-02-01,2025-02-09,11,12000,228000,24000,Paid,OP1135,Overdue,8
RNT104363,EQX1126,CUST1024,SITE121,River Embankment,Hyderabad,2025-04-24,2025-05-07,2025-05-07,13,18000,234000,36000,Paid,OP1005,Completed,0
RNT104364,EQX1233,CUST1071,SITE111,Bridge Construction,Coimbatore,2025-03-02,2025-03-17,2025-03-17,15,30000,450000,60000,Pending,OP1108,Completed,0
RNT104365,EQX1070,CUST1052,SITE109,Solar Power Plant,Madurai,2025-04-26,2025-05-09,2025-05-11,13,24000,360000,48000,Paid,OP1005,Overdue,2
RNT104366,EQX1267,CUST1025,SITE103,Airport Extension,Trichy,2025-04-11,2025-04-29,2025-04-30,18,30000,570000,60000,Paid,OP1065,Overdue,1
RNT104367,EQX1196,CUST1016,SITE102,River Embankment,Trichy,2025-03-24,2025-04-06,2025-04-06,13,22000,286000,44000,Paid,OP1020,Completed,0
RNT104368,EQX1227,CUST1006,SITE101,Solar Power Plant,Salem,2025-04-07,2025-04-19,2025-04-19,12,18000,216000,36000,Partial,OP1164,Completed,0
RNT104369,EQX1088,CUST1084,SITE107,Industrial Park,Bangalore,2025-04-09,2025-04-16,2025-04-20,7,18000,198000,36000,Pending,OP1188,Overdue,4
RNT104370,EQX1298,CUST1065,SITE123,Industrial Park,Salem,2025-06-26,2025-06-29,2025-06-29,3,22000,66000,44000,Paid,OP1141,Completed,0
RNT104371,EQX1278,CUST1029,SITE130,Mining Site,Madurai,2025-01-03,2025-01-22,2025-01-22,19,22000,418000,44000,Pending,OP1004,Completed,0
RNT104372,EQX1029,CUST1043,SITE115,Smart City Zone,Madurai,2025-03-09,2025-03-27,2025-03-27,18,12000,216000,24000,Paid,OP1194,Completed,0
RNT104373,EQX1145,CUST1035,SITE130,Residential Township,Mysore,2025-04-19,2025-04-21,2025-04-21,2,24000,48000,48000,Paid,OP1089,Completed,0
RNT104374,EQX1117,CUST1040,SITE102,Solar Power Plant,Hyderabad,2025-03-22,2025-03-26,2025-03-26,4,18000,72000,36000,Pending,OP1068,Completed,0
RNT104375,EQX1022,CUST1075,SITE112,Residential Township,Hyderabad,2025-01-30,2025-02-26,2025-02-26,27,24000,648000,48000,Paid,OP1009,Completed,0
RNT104376,EQX1052,CUST1039,SITE104,Smart City Zone,Mysore,2025-06-07,2025-07-05,2025-07-05,28,24000,672000,48000,Paid,OP1052,Completed,0
RNT104377,EQX1098,CUST1028,SITE118,Industrial Park,Hyderabad,2025-01-20,2025-01-23,2025-01-26,3,30000,180000,60000,Paid,OP1138,Overdue,3
RNT104378,EQX1268,CUST1049,SITE119,River Embankment,Salem,2025-02-19,2025-03-02,2025-03-02,11,22000,242000,44000,Paid,OP1177,Completed,0
RNT104379,EQX1039,CUST1117,SITE115,Metro Rail Project,Trichy,2025-02-17,2025-02-25,2025-03-01,8,18000,216000,36000,Paid,OP1045,Overdue,4
RNT104380,EQX1224,CUST1059,SITE121,Highway Expansion,Bangalore,2025-04-10,2025-04-27,2025-04-27,17,22000,374000,44000,Paid,OP1181,Completed,0
RNT104381,EQX1275,CUST1088,SITE126,Harbor Expansion,Trichy,2025-05-14,2025-05-20,2025-05-20,6,18000,108000,36000,Paid,OP1200,Completed,0
RNT104382,EQX1174,CUST1017,SITE110,Metro Rail Project,Bangalore,2025-05-17,2025-05-22,2025-05-22,5,25000,125000,50000,Paid,OP1133,Completed,0
RNT104383,EQX1128,CUST1088,SITE124,Highway Expansion,Salem,2025-04-17,2025-05-04,2025-05-13,17,30000,780000,60000,Paid,OP1089,Overdue,9
RNT104384,EQX1126,CUST1033,SITE119,River Embankment,Trichy,2025-06-05,2025-07-04,2025-07-04,29,18000,522000,36000,Paid,OP1040,Completed,0
RNT104385,EQX1114,CUST1099,SITE106,Highway Expansion,Coimbatore,2025-05-26,2025-06-09,2025-06-15,14,12000,240000,24000,Paid,OP1198,Overdue,6
RNT104386,EQX1064,CUST1035,SITE121,Harbor Expansion,Hyderabad,2025-06-11,2025-06-14,2025-06-20,3,18000,162000,36000,Pending,OP1163,Overdue,6
RNT104387,EQX1083,CUST1075,SITE112,Metro Rail Project,Coimbatore,2025-03-18,2025-03-30,2025-04-03,12,25000,400000,50000,Paid,OP1114,Overdue,4
RNT104388,EQX1201,CUST1028,SITE127,River Embankment,Coimbatore,2025-04-12,2025-04-27,2025-04-27,15,18000,270000,36000,Paid,OP1009,Completed,0
RNT104389,EQX1080,CUST1053,SITE101,Highway Expansion,Madurai,2025-04-07,2025-05-02,2025-05-04,25,24000,648000,48000,Paid,OP1104,Overdue,2
RNT104390,EQX1078,CUST1077,SITE118,Airport Extension,Coimbatore,2025-02-12,2025-02-16,2025-02-16,4,12000,48000,24000,Paid,OP1093,Completed,0
RNT104391,EQX1058,CUST1012,SITE126,Metro Rail Project,Coimbatore,2025-04-02,2025-04-08,2025-04-08,6,30000,180000,60000,Partial,OP1066,Completed,0
RNT104392,EQX1173,CUST1048,SITE110,Industrial Park,Salem,2025-04-14,2025-05-14,2025-05-14,30,24000,720000,48000,Partial,OP1184,Completed,0
RNT104393,EQX1211,CUST1035,SITE125,Metro Rail Project,Mysore,2025-04-18,2025-05-09,2025-05-13,21,24000,600000,48000,Paid,OP1001,Overdue,4
RNT104394,EQX1281,CUST1025,SITE107,Harbor Expansion,Madurai,2025-01-17,2025-02-02,2025-02-02,16,12000,192000,24000,Paid,OP1012,Completed,0
RNT104395,EQX1125,CUST1013,SITE109,Bridge Construction,Coimbatore,2025-02-14,2025-02-27,2025-03-08,13,25000,550000,50000,Pending,OP1194,Overdue,9
RNT104396,EQX1181,CUST1006,SITE102,Harbor Expansion,Salem,2025-04-13,2025-04-21,2025-04-29,8,22000,352000,44000,Paid,OP1194,Overdue,8
RNT104397,EQX1264,CUST1023,SITE121,River Embankment,Chennai,2025-02-26,2025-03-18,2025-03-18,20,22000,440000,44000,Paid,OP1128,Completed,0
RNT104398,EQX1260,CUST1094,SITE113,Bridge Construction,Coimbatore,2025-03-23,2025-04-10,2025-04-10,18,30000,540000,60000,Pending,OP1042,Completed,0
RNT104399,EQX1238,CUST1018,SITE106,IT Park,Chennai,2025-04-10,2025-04-25,2025-04-25,15,12000,180000,24000,Partial,OP1003,Completed,0
RNT104400,EQX1062,CUST1009,SITE125,Highway Expansion,Madurai,2025-06-19,2025-06-24,2025-06-24,5,12000,60000,24000,Paid,OP1030,Completed,0
RNT104401,EQX1047,CUST1088,SITE128,Metro Rail Project,Mysore,2025-05-10,2025-05-20,2025-05-29,10,24000,456000,48000,Paid,OP1188,Overdue,9
RNT104402,EQX1243,CUST1034,SITE130,Solar Power Plant,Madurai,2025-03-31,2025-04-14,2025-04-14,14,30000,420000,60000,Pending,OP1140,Completed,0
RNT104403,EQX1131,CUST1116,SITE110,Industrial Park,Trichy,2025-06-10,2025-06-26,2025-06-26,16,22000,352000,44000,Paid,OP1186,Completed,0
RNT104404,EQX1183,CUST1003,SITE118,River Embankment,Madurai,2025-01-12,2025-02-06,2025-02-06,25,12000,300000,24000,Paid,OP1072,Completed,0
RNT104405,EQX1216,CUST1074,SITE106,Residential Township,Salem,2025-01-26,2025-02-06,2025-02-09,11,24000,336000,48000,Paid,OP1172,Overdue,3
RNT104406,EQX1244,CUST1119,SITE126,Solar Power Plant,Chennai,2025-01-20,2025-02-05,2025-02-05,16,30000,480000,60000,Pending,OP1155,Completed,0
RNT104407,EQX1146,CUST1023,SITE126,Bridge Construction,Salem,2025-05-12,2025-05-24,2025-05-24,12,18000,216000,36000,Paid,OP1014,Completed,0
RNT104408,EQX1043,CUST1010,SITE123,Industrial Park,Madurai,2025-05-23,2025-05-30,2025-05-30,7,22000,154000,44000,Paid,OP1169,Completed,0
RNT104409,EQX1086,CUST1080,SITE130,River Embankment,Mysore,2025-03-07,2025-03-30,2025-04-06,23,18000,540000,36000,Pending,OP1034,Overdue,7
RNT104410,EQX1108,CUST1077,SITE116,River Embankment,Bangalore,2025-06-09,2025-06-22,2025-06-22,13,22000,286000,44000,Paid,OP1078,Completed,0
RNT104411,EQX1273,CUST1112,SITE123,IT Park,Mysore,2025-04-24,2025-04-28,2025-05-02,4,18000,144000,36000,Pending,OP1156,Overdue,4
RNT104412,EQX1129,CUST1114,SITE103,Smart City Zone,Chennai,2025-05-12,2025-05-20,2025-05-24,8,24000,288000,48000,Paid,OP1188,Overdue,4
RNT104413,EQX1188,CUST1119,SITE112,Harbor Expansion,Chennai,2025-03-14,2025-04-03,2025-04-10,20,30000,810000,60000,Partial,OP1198,Overdue,7
RNT104414,EQX1273,CUST1027,SITE109,Industrial Park,Salem,2025-05-25,2025-06-16,2025-06-16,22,18000,396000,36000,Paid,OP1146,Completed,0
RNT104415,EQX1204,CUST1087,SITE101,Mining Site,Madurai,2025-04-11,2025-05-05,2025-05-05,24,30000,720000,60000,Pending,OP1179,Completed,0
RNT104416,EQX1069,CUST1058,SITE109,IT Park,Trichy,2025-03-14,2025-03-26,2025-03-26,12,25000,300000,50000,Paid,OP1104,Completed,0
RNT104417,EQX1168,CUST1095,SITE124,River Embankment,Bangalore,2025-03-17,2025-04-09,2025-04-09,23,25000,575000,50000,Paid,OP1105,Completed,0
RNT104418,EQX1098,CUST1112,SITE114,Highway Expansion,Bangalore,2025-02-02,2025-02-04,2025-02-08,2,30000,180000,60000,Paid,OP1077,Overdue,4
RNT104419,EQX1214,CUST1103,SITE126,Smart City Zone,Coimbatore,2025-06-18,2025-06-20,2025-06-20,2,24000,48000,48000,Paid,OP1050,Completed,0
RNT104420,EQX1082,CUST1086,SITE129,Residential Township,Chennai,2025-06-13,2025-07-06,2025-07-06,23,12000,276000,24000,Paid,OP1045,Completed,0
RNT104421,EQX1285,CUST1038,SITE104,Airport Extension,Salem,2025-04-19,2025-05-15,2025-05-15,26,30000,780000,60000,Pending,OP1087,Completed,0
RNT104422,EQX1261,CUST1006,SITE108,Bridge Construction,Trichy,2025-02-11,2025-02-15,2025-02-15,4,24000,96000,48000,Paid,OP1099,Completed,0
RNT104423,EQX1083,CUST1096,SITE105,Bridge Construction,Hyderabad,2025-06-23,2025-07-02,2025-07-02,9,25000,225000,50000,Paid,OP1182,Completed,0
RNT104424,EQX1295,CUST1037,SITE129,Metro Rail Project,Trichy,2025-05-08,2025-05-24,2025-05-24,16,12000,192000,24000,Paid,OP1104,Completed,0
RNT104425,EQX1244,CUST1108,SITE120,Solar Power Plant,Coimbatore,2025-06-15,2025-06-25,2025-06-25,10,30000,300000,60000,Paid,OP1016,Completed,0
RNT104426,EQX1241,CUST1019,SITE120,IT Park,Bangalore,2025-05-04,2025-05-26,2025-05-26,22,12000,264000,24000,Paid,OP1109,Completed,0
RNT104427,EQX1055,CUST1076,SITE122,Smart City Zone,Hyderabad,2025-03-11,2025-03-16,2025-03-16,5,25000,125000,50000,Paid,OP1060,Completed,0
RNT104428,EQX1185,CUST1097,SITE114,Bridge Construction,Salem,2025-06-23,2025-07-12,2025-07-22,19,30000,870000,60000,Paid,OP1102,Overdue,10
RNT104429,EQX1184,CUST1049,SITE118,Highway Expansion,Hyderabad,2025-01-16,2025-02-01,2025-02-01,16,24000,384000,48000,Paid,OP1117,Completed,0
RNT104430,EQX1180,CUST1044,SITE121,Harbor Expansion,Madurai,2025-03-24,2025-04-11,2025-04-11,18,18000,324000,36000,Paid,OP1029,Completed,0
RNT104431,EQX1062,CUST1049,SITE120,Smart City Zone,Mysore,2025-05-29,2025-06-03,2025-06-03,5,12000,60000,24000,Paid,OP1009,Completed,0
RNT104432,EQX1201,CUST1008,SITE102,IT Park,Salem,2025-03-29,2025-04-28,2025-04-28,30,18000,540000,36000,Paid,OP1103,Completed,0
RNT104433,EQX1287,CUST1066,SITE124,Smart City Zone,Madurai,2025-05-30,2025-06-17,2025-06-17,18,12000,216000,24000,Pending,OP1029,Completed,0
RNT104434,EQX1203,CUST1083,SITE115,Highway Expansion,Madurai,2025-05-23,2025-06-18,2025-06-18,26,22000,572000,44000,Paid,OP1068,Completed,0
RNT104435,EQX1207,CUST1069,SITE105,Bridge Construction,Coimbatore,2025-06-30,2025-07-25,2025-07-30,25,30000,900000,60000,Partial,OP1037,Overdue,5
RNT104436,EQX1086,CUST1011,SITE110,Airport Extension,Madurai,2025-05-04,2025-05-28,2025-05-28,24,18000,432000,36000,Paid,OP1181,Completed,0
RNT104437,EQX1058,CUST1044,SITE113,Mining Site,Salem,2025-05-24,2025-05-28,2025-05-28,4,30000,120000,60000,Paid,OP1118,Completed,0
RNT104438,EQX1220,CUST1085,SITE115,River Embankment,Mysore,2025-01-16,2025-02-06,2025-02-06,21,30000,630000,60000,Pending,OP1146,Completed,0
RNT104439,EQX1166,CUST1112,SITE107,Highway Expansion,Madurai,2025-06-29,2025-07-26,2025-07-26,27,22000,594000,44000,Paid,OP1162,Completed,0
RNT104440,EQX1218,CUST1092,SITE106,Industrial Park,Salem,2025-05-06,2025-05-29,2025-05-29,23,12000,276000,24000,Partial,OP1175,Completed,0
RNT104441,EQX1028,CUST1024,SITE110,Bridge Construction,Coimbatore,2025-05-16,2025-06-03,2025-06-03,18,12000,216000,24000,Paid,OP1114,Completed,0
RNT104442,EQX1140,CUST1100,SITE103,Airport Extension,Trichy,2025-05-10,2025-05-29,2025-05-29,19,12000,228000,24000,Pending,OP1144,Completed,0
RNT104443,EQX1252,CUST1099,SITE103,Industrial Park,Trichy,2025-03-26,2025-04-22,2025-04-22,27,18000,486000,36000,Paid,OP1015,Completed,0
RNT104444,EQX1190,CUST1011,SITE111,Solar Power Plant,Mysore,2025-06-14,2025-07-10,2025-07-15,26,25000,775000,50000,Paid,OP1159,Overdue,5
RNT104445,EQX1028,CUST1013,SITE101,Metro Rail Project,Hyderabad,2025-05-19,2025-05-26,2025-05-26,7,12000,84000,24000,Pending,OP1049,Completed,0
RNT104446,EQX1224,CUST1106,SITE122,IT Park,Mysore,2025-06-30,2025-07-08,2025-07-08,8,22000,176000,44000,Paid,OP1109,Completed,0
RNT104447,EQX1062,CUST1006,SITE129,River Embankment,Mysore,2025-01-10,2025-02-07,2025-02-16,28,12000,444000,24000,Paid,OP1122,Overdue,9
RNT104448,EQX1191,CUST1080,SITE107,Smart City Zone,Salem,2025-06-20,2025-07-13,2025-07-13,23,24000,552000,48000,Paid,OP1030,Completed,0
RNT104449,EQX1174,CUST1024,SITE103,Airport Extension,Madurai,2025-06-30,2025-07-12,2025-07-12,12,25000,300000,50000,Paid,OP1102,Completed,0
RNT104450,EQX1191,CUST1102,SITE125,IT Park,Bangalore,2025-04-10,2025-04-27,2025-05-03,17,24000,552000,48000,Paid,OP1138,Overdue,6
RNT104451,EQX1008,CUST1083,SITE130,Airport Extension,Mysore,2025-03-10,2025-04-09,2025-04-11,30,30000,960000,60000,Paid,OP1022,Overdue,2
RNT104452,EQX1194,CUST1010,SITE119,Solar Power Plant,Madurai,2025-04-19,2025-04-24,2025-04-24,5,12000,60000,24000,Paid,OP1131,Completed,0
RNT104453,EQX1185,CUST1113,SITE127,Highway Expansion,Salem,2025-04-25,2025-05-06,2025-05-06,11,30000,330000,60000,Partial,OP1023,Completed,0
RNT104454,EQX1117,CUST1076,SITE129,Solar Power Plant,Coimbatore,2025-03-16,2025-04-03,2025-04-03,18,18000,324000,36000,Paid,OP1026,Completed,0
RNT104455,EQX1167,CUST1031,SITE106,Solar Power Plant,Mysore,2025-03-03,2025-03-18,2025-03-18,15,24000,360000,48000,Paid,OP1181,Completed,0
RNT104456,EQX1147,CUST1088,SITE117,River Embankment,Chennai,2025-06-02,2025-06-16,2025-06-16,14,22000,308000,44000,Paid,OP1140,Completed,0
RNT104457,EQX1082,CUST1100,SITE117,Smart City Zone,Coimbatore,2025-05-01,2025-05-26,2025-05-31,25,12000,360000,24000,Paid,OP1037,Overdue,5
RNT104458,EQX1197,CUST1039,SITE107,Industrial Park,Chennai,2025-03-14,2025-03-27,2025-03-27,13,25000,325000,50000,Paid,OP1120,Completed,0
RNT104459,EQX1044,CUST1051,SITE106,Harbor Expansion,Bangalore,2025-03-13,2025-03-29,2025-03-29,16,24000,384000,48000,Paid,OP1044,Completed,0
RNT104460,EQX1227,CUST1038,SITE115,Smart City Zone,Coimbatore,2025-06-14,2025-06-28,2025-07-02,14,18000,324000,36000,Paid,OP1183,Overdue,4
RNT104461,EQX1251,CUST1043,SITE130,Industrial Park,Hyderabad,2025-06-25,2025-07-13,2025-07-13,18,24000,432000,48000,Paid,OP1198,Completed,0
RNT104462,EQX1265,CUST1076,SITE101,Bridge Construction,Salem,2025-06-22,2025-07-09,2025-07-18,17,22000,572000,44000,Paid,OP1106,Overdue,9
RNT104463,EQX1052,CUST1119,SITE110,Harbor Expansion,Trichy,2025-06-27,2025-07-23,2025-07-23,26,24000,624000,48000,Partial,OP1004,Completed,0
RNT104464,EQX1236,CUST1023,SITE128,Harbor Expansion,Bangalore,2025-02-01,2025-02-07,2025-02-07,6,18000,108000,36000,Paid,OP1092,Completed,0
RNT104465,EQX1201,CUST1048,SITE103,Smart City Zone,Coimbatore,2025-01-17,2025-01-27,2025-01-27,10,18000,180000,36000,Paid,OP1132,Completed,0
RNT104466,EQX1245,CUST1007,SITE120,Industrial Park,Mysore,2025-06-16,2025-07-08,2025-07-16,22,25000,750000,50000,Paid,OP1182,Overdue,8
RNT104467,EQX1095,CUST1029,SITE108,Bridge Construction,Bangalore,2025-06-19,2025-07-04,2025-07-05,15,18000,288000,36000,Paid,OP1191,Overdue,1
RNT104468,EQX1049,CUST1100,SITE121,Industrial Park,Chennai,2025-04-27,2025-05-20,2025-05-30,23,12000,396000,24000,Paid,OP1043,Overdue,10
RNT104469,EQX1247,CUST1090,SITE104,Harbor Expansion,Salem,2025-02-28,2025-03-14,2025-03-14,14,12000,168000,24000,Paid,OP1181,Completed,0
RNT104470,EQX1263,CUST1095,SITE122,Airport Extension,Madurai,2025-04-03,2025-04-28,2025-04-28,25,18000,450000,36000,Pending,OP1008,Completed,0
RNT104471,EQX1151,CUST1076,SITE107,Mining Site,Madurai,2025-05-28,2025-06-03,2025-06-03,6,18000,108000,36000,Paid,OP1073,Completed,0
RNT104472,EQX1069,CUST1111,SITE122,River Embankment,Hyderabad,2025-01-16,2025-02-11,2025-02-11,26,25000,650000,50000,Paid,OP1115,Completed,0
RNT104473,EQX1102,CUST1046,SITE105,Solar Power Plant,Bangalore,2025-04-14,2025-04-19,2025-04-19,5,18000,90000,36000,Paid,OP1197,Completed,0
RNT104474,EQX1201,CUST1014,SITE110,Mining Site,Coimbatore,2025-02-28,2025-03-28,2025-03-28,28,18000,504000,36000,Paid,OP1057,Completed,0
RNT104475,EQX1197,CUST1102,SITE102,Bridge Construction,Madurai,2025-06-29,2025-07-13,2025-07-13,14,25000,350000,50000,Paid,OP1027,Completed,0
RNT104476,EQX1257,CUST1102,SITE119,Industrial Park,Mysore,2025-05-31,2025-06-20,2025-06-20,20,24000,480000,48000,Paid,OP1196,Completed,0
RNT104477,EQX1156,CUST1019,SITE123,Highway Expansion,Coimbatore,2025-04-07,2025-05-05,2025-05-05,28,30000,840000,60000,Partial,OP1052,Completed,0
RNT104478,EQX1157,CUST1019,SITE103,Harbor Expansion,Trichy,2025-04-18,2025-04-23,2025-04-23,5,30000,150000,60000,Paid,OP1188,Completed,0
RNT104479,EQX1297,CUST1060,SITE107,IT Park,Salem,2025-06-23,2025-06-27,2025-06-30,4,12000,84000,24000,Paid,OP1199,Overdue,3
RNT104480,EQX1269,CUST1114,SITE109,Solar Power Plant,Madurai,2025-05-15,2025-05-29,2025-05-29,14,12000,168000,24000,Pending,OP1071,Completed,0
RNT104481,EQX1090,CUST1033,SITE108,Bridge Construction,Salem,2025-04-06,2025-04-17,2025-04-17,11,30000,330000,60000,Paid,OP1049,Completed,0
RNT104482,EQX1279,CUST1024,SITE103,Harbor Expansion,Hyderabad,2025-04-11,2025-05-06,2025-05-06,25,25000,625000,50000,Paid,OP1144,Completed,0
RNT104483,EQX1232,CUST1017,SITE113,Residential Township,Coimbatore,2025-04-20,2025-05-06,2025-05-06,16,18000,288000,36000,Paid,OP1134,Completed,0
RNT104484,EQX1287,CUST1091,SITE130,River Embankment,Mysore,2025-03-14,2025-04-05,2025-04-05,22,12000,264000,24000,Paid,OP1175,Completed,0
RNT104485,EQX1191,CUST1045,SITE118,River Embankment,Bangalore,2025-04-09,2025-04-17,2025-04-23,8,24000,336000,48000,Paid,OP1030,Overdue,6
RNT104486,EQX1120,CUST1006,SITE126,Industrial Park,Madurai,2025-01-25,2025-01-27,2025-01-27,2,22000,44000,44000,Paid,OP1155,Completed,0
RNT104487,EQX1212,CUST1062,SITE127,Mining Site,Chennai,2025-05-24,2025-06-10,2025-06-10,17,24000,408000,48000,Partial,OP1158,Completed,0
RNT104488,EQX1089,CUST1106,SITE117,Highway Expansion,Chennai,2025-04-06,2025-04-27,2025-04-27,21,18000,378000,36000,Paid,OP1183,Completed,0
RNT104489,EQX1001,CUST1109,SITE123,Bridge Construction,Hyderabad,2025-04-18,2025-04-26,2025-05-02,8,12000,168000,24000,Paid,OP1125,Overdue,6
RNT104490,EQX1213,CUST1100,SITE111,IT Park,Coimbatore,2025-04-04,2025-04-25,2025-04-25,21,12000,252000,24000,Paid,OP1082,Completed,0
RNT104491,EQX1202,CUST1073,SITE126,Industrial Park,Mysore,2025-06-19,2025-06-24,2025-06-24,5,30000,150000,60000,Partial,OP1141,Completed,0
RNT104492,EQX1026,CUST1108,SITE112,Residential Township,Salem,2025-03-12,2025-03-18,2025-03-18,6,25000,150000,50000,Pending,OP1052,Completed,0
RNT104493,EQX1210,CUST1113,SITE126,Highway Expansion,Coimbatore,2025-06-30,2025-07-28,2025-08-01,28,30000,960000,60000,Paid,OP1065,Overdue,4
RNT104494,EQX1066,CUST1112,SITE114,Harbor Expansion,Bangalore,2025-04-01,2025-04-20,2025-04-20,19,30000,570000,60000,Paid,OP1077,Completed,0
RNT104495,EQX1295,CUST1004,SITE125,Solar Power Plant,Chennai,2025-06-02,2025-06-07,2025-06-07,5,12000,60000,24000,Paid,OP1030,Completed,0
RNT104496,EQX1184,CUST1047,SITE111,Highway Expansion,Chennai,2025-04-15,2025-04-17,2025-04-17,2,24000,48000,48000,Paid,OP1070,Completed,0
RNT104497,EQX1219,CUST1027,SITE120,Industrial Park,Salem,2025-05-24,2025-06-07,2025-06-07,14,18000,252000,36000,Paid,OP1060,Completed,0
RNT104498,EQX1098,CUST1017,SITE117,Solar Power Plant,Salem,2025-05-29,2025-06-23,2025-06-23,25,30000,750000,60000,Paid,OP1162,Completed,0
RNT104499,EQX1064,CUST1103,SITE111,Solar Power Plant,Bangalore,2025-04-15,2025-04-20,2025-04-20,5,18000,90000,36000,Partial,OP1182,Completed,0
RNT104500,EQX1173,CUST1053,SITE106,Smart City Zone,Madurai,2025-06-07,2025-06-14,2025-06-14,7,24000,168000,48000,Paid,OP1151,Completed,0
RNT104501,EQX1028,CUST1033,SITE109,Mining Site,Salem,2025-04-07,2025-04-12,2025-04-12,5,12000,60000,24000,Pending,OP1159,Completed,0
RNT104502,EQX1163,CUST1056,SITE128,Mining Site,Chennai,2025-06-16,2025-07-15,2025-07-15,29,25000,725000,50000,Pending,OP1014,Completed,0
RNT104503,EQX1298,CUST1090,SITE124,IT Park,Trichy,2025-06-28,2025-07-17,2025-07-17,19,22000,418000,44000,Paid,OP1143,Completed,0
RNT104504,EQX1226,CUST1077,SITE127,River Embankment,Coimbatore,2025-04-23,2025-05-09,2025-05-09,16,24000,384000,48000,Pending,OP1113,Completed,0
RNT104505,EQX1134,CUST1015,SITE117,Harbor Expansion,Salem,2025-01-07,2025-02-01,2025-02-01,25,24000,600000,48000,Paid,OP1035,Completed,0
RNT104506,EQX1159,CUST1069,SITE109,Bridge Construction,Chennai,2025-03-29,2025-04-20,2025-04-20,22,24000,528000,48000,Paid,OP1010,Completed,0
RNT104507,EQX1152,CUST1024,SITE102,Solar Power Plant,Salem,2025-01-13,2025-01-29,2025-01-29,16,18000,288000,36000,Paid,OP1163,Completed,0
RNT104508,EQX1162,CUST1068,SITE102,Industrial Park,Chennai,2025-01-31,2025-02-19,2025-02-24,19,25000,600000,50000,Paid,OP1152,Overdue,5
RNT104509,EQX1090,CUST1024,SITE114,Airport Extension,Coimbatore,2025-03-20,2025-03-23,2025-03-23,3,30000,90000,60000,Paid,OP1099,Completed,0
RNT104510,EQX1300,CUST1108,SITE114,Mining Site,Madurai,2025-06-16,2025-06-21,2025-07-01,5,24000,360000,48000,Paid,OP1113,Overdue,10
RNT104511,EQX1249,CUST1078,SITE118,Airport Extension,Coimbatore,2025-05-04,2025-05-25,2025-05-25,21,18000,378000,36000,Pending,OP1159,Completed,0
RNT104512,EQX1205,CUST1103,SITE104,Airport Extension,Hyderabad,2025-05-11,2025-05-18,2025-05-18,7,18000,126000,36000,Partial,OP1121,Completed,0
RNT104513,EQX1282,CUST1072,SITE113,Industrial Park,Coimbatore,2025-02-16,2025-03-02,2025-03-02,14,18000,252000,36000,Paid,OP1200,Completed,0
RNT104514,EQX1029,CUST1105,SITE109,Mining Site,Salem,2025-03-23,2025-04-12,2025-04-12,20,12000,240000,24000,Paid,OP1077,Completed,0
RNT104515,EQX1002,CUST1002,SITE125,Residential Township,Hyderabad,2025-05-26,2025-06-22,2025-06-22,27,18000,486000,36000,Paid,OP1171,Completed,0
RNT104516,EQX1222,CUST1068,SITE105,Industrial Park,Madurai,2025-06-25,2025-07-19,2025-07-19,24,22000,528000,44000,Partial,OP1102,Completed,0
RNT104517,EQX1069,CUST1101,SITE115,Metro Rail Project,Chennai,2025-03-20,2025-04-19,2025-04-19,30,25000,750000,50000,Paid,OP1188,Completed,0
RNT104518,EQX1189,CUST1055,SITE120,Bridge Construction,Trichy,2025-06-13,2025-06-27,2025-06-27,14,12000,168000,24000,Paid,OP1105,Completed,0
RNT104519,EQX1041,CUST1067,SITE124,Bridge Construction,Mysore,2025-06-24,2025-07-06,2025-07-06,12,24000,288000,48000,Pending,OP1164,Completed,0
RNT104520,EQX1086,CUST1028,SITE107,Metro Rail Project,Trichy,2025-05-23,2025-05-30,2025-05-30,7,18000,126000,36000,Paid,OP1164,Completed,0
RNT104521,EQX1168,CUST1028,SITE115,Solar Power Plant,Chennai,2025-01-17,2025-01-20,2025-01-20,3,25000,75000,50000,Paid,OP1050,Completed,0
RNT104522,EQX1201,CUST1073,SITE114,Mining Site,Bangalore,2025-03-24,2025-04-21,2025-04-21,28,18000,504000,36000,Paid,OP1013,Completed,0
RNT104523,EQX1161,CUST1083,SITE123,Harbor Expansion,Chennai,2025-06-05,2025-07-05,2025-07-05,30,30000,900000,60000,Pending,OP1177,Completed,0
RNT104524,EQX1003,CUST1081,SITE128,IT Park,Chennai,2025-01-24,2025-02-19,2025-02-19,26,25000,650000,50000,Paid,OP1011,Completed,0
RNT104525,EQX1238,CUST1042,SITE119,Highway Expansion,Coimbatore,2025-02-21,2025-03-08,2025-03-08,15,12000,180000,24000,Paid,OP1095,Completed,0
RNT104526,EQX1169,CUST1113,SITE117,Airport Extension,Bangalore,2025-05-12,2025-05-16,2025-05-16,4,12000,48000,24000,Paid,OP1155,Completed,0
RNT104527,EQX1006,CUST1077,SITE104,Bridge Construction,Salem,2025-03-16,2025-04-10,2025-04-18,25,24000,792000,48000,Paid,OP1024,Overdue,8
RNT104528,EQX1149,CUST1079,SITE128,Highway Expansion,Chennai,2025-02-14,2025-02-25,2025-02-25,11,24000,264000,48000,Paid,OP1118,Completed,0
RNT104529,EQX1274,CUST1013,SITE114,IT Park,Bangalore,2025-04-20,2025-04-26,2025-04-26,6,30000,180000,60000,Paid,OP1064,Completed,0
RNT104530,EQX1173,CUST1011,SITE109,Residential Township,Chennai,2025-02-17,2025-02-22,2025-02-22,5,24000,120000,48000,Paid,OP1047,Completed,0
RNT104531,EQX1186,CUST1114,SITE106,IT Park,Hyderabad,2025-03-06,2025-03-21,2025-03-22,15,25000,400000,50000,Paid,OP1055,Overdue,1
RNT104532,EQX1269,CUST1078,SITE124,Residential Township,Hyderabad,2025-04-10,2025-04-13,2025-04-13,3,12000,36000,24000,Paid,OP1063,Completed,0
RNT104533,EQX1247,CUST1097,SITE129,Airport Extension,Hyderabad,2025-04-30,2025-05-26,2025-05-26,26,12000,312000,24000,Paid,OP1170,Completed,0
RNT104534,EQX1087,CUST1090,SITE130,Airport Extension,Chennai,2025-03-03,2025-03-31,2025-04-06,28,25000,850000,50000,Paid,OP1164,Overdue,6
RNT104535,EQX1225,CUST1006,SITE109,Metro Rail Project,Bangalore,2025-05-11,2025-05-31,2025-05-31,20,22000,440000,44000,Paid,OP1133,Completed,0
RNT104536,EQX1138,CUST1036,SITE124,Residential Township,Trichy,2025-06-03,2025-06-18,2025-06-18,15,22000,330000,44000,Paid,OP1112,Completed,0
RNT104537,EQX1082,CUST1023,SITE110,River Embankment,Coimbatore,2025-06-20,2025-07-15,2025-07-15,25,12000,300000,24000,Paid,OP1186,Completed,0
RNT104538,EQX1199,CUST1029,SITE102,Industrial Park,Trichy,2025-06-20,2025-07-03,2025-07-03,13,18000,234000,36000,Partial,OP1178,Completed,0
RNT104539,EQX1197,CUST1119,SITE122,Smart City Zone,Chennai,2025-04-16,2025-05-11,2025-05-11,25,25000,625000,50000,Paid,OP1164,Completed,0
RNT104540,EQX1091,CUST1040,SITE127,Residential Township,Trichy,2025-06-29,2025-07-10,2025-07-10,11,25000,275000,50000,Pending,OP1193,Completed,0
RNT104541,EQX1299,CUST1113,SITE126,Bridge Construction,Madurai,2025-01-01,2025-01-25,2025-01-25,24,24000,576000,48000,Paid,OP1088,Completed,0
RNT104542,EQX1008,CUST1056,SITE110,Bridge Construction,Hyderabad,2025-05-03,2025-05-14,2025-05-14,11,30000,330000,60000,Paid,OP1093,Completed,0
RNT104543,EQX1058,CUST1054,SITE120,Harbor Expansion,Chennai,2025-06-14,2025-06-23,2025-07-02,9,30000,540000,60000,Paid,OP1037,Overdue,9
RNT104544,EQX1055,CUST1100,SITE117,Solar Power Plant,Coimbatore,2025-05-10,2025-05-30,2025-05-30,20,25000,500000,50000,Paid,OP1047,Completed,0
RNT104545,EQX1089,CUST1080,SITE116,Residential Township,Bangalore,2025-05-23,2025-06-22,2025-06-22,30,18000,540000,36000,Paid,OP1156,Completed,0
RNT104546,EQX1179,CUST1088,SITE105,Metro Rail Project,Chennai,2025-04-17,2025-05-07,2025-05-07,20,25000,500000,50000,Paid,OP1109,Completed,0
RNT104547,EQX1215,CUST1056,SITE117,River Embankment,Trichy,2025-01-03,2025-01-14,2025-01-14,11,12000,132000,24000,Paid,OP1022,Completed,0
RNT104548,EQX1284,CUST1029,SITE116,Solar Power Plant,Chennai,2025-01-19,2025-01-24,2025-01-24,5,18000,90000,36000,Paid,OP1133,Completed,0
RNT104549,EQX1132,CUST1014,SITE107,Mining Site,Trichy,2025-02-04,2025-02-15,2025-02-15,11,30000,330000,60000,Paid,OP1103,Completed,0
RNT104550,EQX1247,CUST1117,SITE109,Bridge Construction,Coimbatore,2025-01-25,2025-02-23,2025-02-23,29,12000,348000,24000,Paid,OP1047,Completed,0
RNT104551,EQX1047,CUST1001,SITE128,Airport Extension,Trichy,2025-03-15,2025-04-09,2025-04-09,25,24000,600000,48000,Paid,OP1195,Completed,0
RNT104552,EQX1014,CUST1109,SITE128,Airport Extension,Bangalore,2025-03-04,2025-03-15,2025-03-15,11,12000,132000,24000,Paid,OP1159,Completed,0
RNT104553,EQX1132,CUST1022,SITE127,IT Park,Salem,2025-04-12,2025-04-25,2025-04-25,13,30000,390000,60000,Paid,OP1137,Completed,0
RNT104554,EQX1255,CUST1067,SITE107,Mining Site,Coimbatore,2025-01-16,2025-02-10,2025-02-20,25,12000,420000,24000,Paid,OP1129,Overdue,10
RNT104555,EQX1261,CUST1084,SITE118,Smart City Zone,Salem,2025-06-11,2025-06-16,2025-06-21,5,24000,240000,48000,Partial,OP1036,Overdue,5
RNT104556,EQX1266,CUST1047,SITE120,Airport Extension,Trichy,2025-04-03,2025-04-08,2025-04-08,5,30000,150000,60000,Paid,OP1081,Completed,0
RNT104557,EQX1096,CUST1039,SITE103,Solar Power Plant,Madurai,2025-05-13,2025-05-23,2025-05-23,10,25000,250000,50000,Pending,OP1017,Completed,0
RNT104558,EQX1014,CUST1052,SITE124,River Embankment,Mysore,2025-06-14,2025-06-18,2025-06-22,4,12000,96000,24000,Paid,OP1131,Overdue,4
RNT104559,EQX1260,CUST1104,SITE130,IT Park,Coimbatore,2025-02-12,2025-03-04,2025-03-04,20,30000,600000,60000,Paid,OP1149,Completed,0
RNT104560,EQX1299,CUST1033,SITE126,IT Park,Mysore,2025-05-24,2025-06-17,2025-06-22,24,24000,696000,48000,Pending,OP1113,Overdue,5
RNT104561,EQX1099,CUST1096,SITE105,Highway Expansion,Coimbatore,2025-04-09,2025-04-21,2025-04-24,12,22000,330000,44000,Paid,OP1172,Overdue,3
RNT104562,EQX1213,CUST1093,SITE114,Residential Township,Salem,2025-03-04,2025-03-10,2025-03-10,6,12000,72000,24000,Paid,OP1091,Completed,0
RNT104563,EQX1114,CUST1011,SITE102,IT Park,Trichy,2025-03-20,2025-03-22,2025-03-24,2,12000,48000,24000,Paid,OP1085,Overdue,2
RNT104564,EQX1031,CUST1009,SITE106,Mining Site,Chennai,2025-05-14,2025-05-26,2025-05-26,12,18000,216000,36000,Paid,OP1052,Completed,0
RNT104565,EQX1223,CUST1010,SITE112,Smart City Zone,Hyderabad,2025-05-24,2025-06-01,2025-06-01,8,30000,240000,60000,Paid,OP1057,Completed,0
RNT104566,EQX1041,CUST1010,SITE114,Airport Extension,Hyderabad,2025-04-08,2025-04-24,2025-05-03,16,24000,600000,48000,Partial,OP1160,Overdue,9
RNT104567,EQX1184,CUST1115,SITE117,Harbor Expansion,Bangalore,2025-01-13,2025-02-12,2025-02-12,30,24000,720000,48000,Paid,OP1008,Completed,0
RNT104568,EQX1209,CUST1081,SITE110,Metro Rail Project,Mysore,2025-06-23,2025-07-01,2025-07-01,8,18000,144000,36000,Paid,OP1125,Completed,0
RNT104569,EQX1056,CUST1108,SITE129,IT Park,Bangalore,2025-05-14,2025-05-19,2025-05-19,5,22000,110000,44000,Paid,OP1076,Completed,0
RNT104570,EQX1270,CUST1022,SITE127,Solar Power Plant,Trichy,2025-01-05,2025-01-17,2025-01-25,12,18000,360000,36000,Pending,OP1029,Overdue,8
RNT104571,EQX1254,CUST1041,SITE112,Harbor Expansion,Chennai,2025-01-02,2025-01-07,2025-01-07,5,18000,90000,36000,Paid,OP1016,Completed,0
RNT104572,EQX1112,CUST1007,SITE120,IT Park,Coimbatore,2025-04-10,2025-05-01,2025-05-01,21,30000,630000,60000,Paid,OP1175,Completed,0
RNT104573,EQX1225,CUST1028,SITE107,Industrial Park,Coimbatore,2025-06-12,2025-06-24,2025-06-24,12,22000,264000,44000,Paid,OP1044,Completed,0
RNT104574,EQX1218,CUST1101,SITE103,Metro Rail Project,Bangalore,2025-03-23,2025-04-15,2025-04-15,23,12000,276000,24000,Paid,OP1120,Completed,0
RNT104575,EQX1209,CUST1018,SITE123,Industrial Park,Salem,2025-01-14,2025-01-31,2025-01-31,17,18000,306000,36000,Paid,OP1051,Completed,0
RNT104576,EQX1030,CUST1030,SITE125,Industrial Park,Madurai,2025-06-14,2025-07-12,2025-07-12,28,12000,336000,24000,Paid,OP1163,Completed,0
RNT104577,EQX1285,CUST1120,SITE121,Mining Site,Chennai,2025-05-04,2025-06-03,2025-06-03,30,30000,900000,60000,Paid,OP1003,Completed,0
RNT104578,EQX1163,CUST1020,SITE109,IT Park,Bangalore,2025-05-29,2025-06-22,2025-06-22,24,25000,600000,50000,Paid,OP1078,Completed,0
RNT104579,EQX1254,CUST1012,SITE110,Harbor Expansion,Salem,2025-04-18,2025-04-24,2025-04-24,6,18000,108000,36000,Partial,OP1130,Completed,0
RNT104580,EQX1024,CUST1097,SITE109,Airport Extension,Trichy,2025-03-22,2025-04-14,2025-04-14,23,25000,575000,50000,Paid,OP1018,Completed,0
RNT104581,EQX1037,CUST1018,SITE107,Airport Extension,Hyderabad,2025-06-01,2025-06-26,2025-06-26,25,25000,625000,50000,Paid,OP1186,Completed,0
RNT104582,EQX1067,CUST1040,SITE118,Industrial Park,Salem,2025-06-17,2025-07-17,2025-07-17,30,24000,720000,48000,Paid,OP1131,Completed,0
RNT104583,EQX1090,CUST1100,SITE126,Airport Extension,Chennai,2025-03-06,2025-04-04,2025-04-10,29,30000,1050000,60000,Paid,OP1058,Overdue,6
RNT104584,EQX1076,CUST1026,SITE123,Solar Power Plant,Hyderabad,2025-02-12,2025-02-26,2025-02-26,14,25000,350000,50000,Pending,OP1187,Completed,0
RNT104585,EQX1041,CUST1120,SITE115,Highway Expansion,Hyderabad,2025-02-15,2025-02-23,2025-02-23,8,24000,192000,48000,Paid,OP1110,Completed,0
RNT104586,EQX1192,CUST1056,SITE112,River Embankment,Madurai,2025-05-06,2025-05-30,2025-06-08,24,12000,396000,24000,Paid,OP1062,Overdue,9
RNT104587,EQX1252,CUST1113,SITE104,River Embankment,Bangalore,2025-04-01,2025-04-28,2025-04-28,27,18000,486000,36000,Paid,OP1179,Completed,0
RNT104588,EQX1279,CUST1091,SITE107,IT Park,Bangalore,2025-06-16,2025-06-18,2025-06-26,2,25000,250000,50000,Paid,OP1038,Overdue,8
RNT104589,EQX1159,CUST1050,SITE122,Harbor Expansion,Bangalore,2025-01-11,2025-01-31,2025-01-31,20,24000,480000,48000,Paid,OP1066,Completed,0
RNT104590,EQX1294,CUST1111,SITE121,River Embankment,Coimbatore,2025-01-05,2025-01-27,2025-01-30,22,22000,550000,44000,Partial,OP1055,Overdue,3
RNT104591,EQX1268,CUST1070,SITE101,Industrial Park,Chennai,2025-05-03,2025-05-09,2025-05-09,6,22000,132000,44000,Paid,OP1154,Completed,0
RNT104592,EQX1168,CUST1112,SITE119,Metro Rail Project,Coimbatore,2025-02-02,2025-02-18,2025-02-18,16,25000,400000,50000,Paid,OP1098,Completed,0
RNT104593,EQX1186,CUST1026,SITE123,Mining Site,Salem,2025-05-20,2025-05-30,2025-05-30,10,25000,250000,50000,Partial,OP1047,Completed,0
RNT104594,EQX1237,CUST1064,SITE115,Highway Expansion,Chennai,2025-05-08,2025-06-06,2025-06-06,29,12000,348000,24000,Paid,OP1177,Completed,0
RNT104595,EQX1123,CUST1079,SITE127,Highway Expansion,Coimbatore,2025-02-15,2025-03-16,2025-03-16,29,12000,348000,24000,Paid,OP1132,Completed,0
RNT104596,EQX1085,CUST1012,SITE130,River Embankment,Trichy,2025-06-01,2025-06-11,2025-06-12,10,24000,264000,48000,Paid,OP1078,Overdue,1
RNT104597,EQX1268,CUST1107,SITE116,Airport Extension,Bangalore,2025-05-11,2025-06-02,2025-06-02,22,22000,484000,44000,Paid,OP1172,Completed,0
RNT104598,EQX1203,CUST1030,SITE124,Industrial Park,Chennai,2025-05-15,2025-06-06,2025-06-06,22,22000,484000,44000,Paid,OP1200,Completed,0
RNT104599,EQX1026,CUST1007,SITE130,Highway Expansion,Trichy,2025-06-16,2025-07-02,2025-07-02,16,25000,400000,50000,Paid,OP1016,Completed,0
RNT104600,EQX1221,CUST1107,SITE109,Residential Township,Salem,2025-04-13,2025-05-02,2025-05-11,19,25000,700000,50000,Paid,OP1100,Overdue,9
RNT104601,EQX1193,CUST1109,SITE128,Harbor Expansion,Mysore,2025-05-16,2025-06-02,2025-06-02,17,18000,306000,36000,Paid,OP1187,Completed,0
RNT104602,EQX1040,CUST1041,SITE113,Mining Site,Coimbatore,2025-06-01,2025-06-13,2025-06-13,12,12000,144000,24000,Paid,OP1042,Completed,0
RNT104603,EQX1231,CUST1013,SITE109,Residential Township,Mysore,2025-01-19,2025-02-13,2025-02-16,25,22000,616000,44000,Paid,OP1020,Overdue,3
RNT104604,EQX1035,CUST1028,SITE118,Metro Rail Project,Salem,2025-02-17,2025-03-19,2025-03-23,30,22000,748000,44000,Paid,OP1179,Overdue,4
RNT104605,EQX1257,CUST1089,SITE109,IT Park,Hyderabad,2025-01-12,2025-01-20,2025-01-29,8,24000,408000,48000,Paid,OP1099,Overdue,9
RNT104606,EQX1214,CUST1082,SITE120,Highway Expansion,Hyderabad,2025-06-11,2025-06-20,2025-06-20,9,24000,216000,48000,Paid,OP1046,Completed,0
RNT104607,EQX1272,CUST1070,SITE129,Metro Rail Project,Chennai,2025-05-30,2025-06-19,2025-06-19,20,30000,600000,60000,Paid,OP1035,Completed,0
RNT104608,EQX1169,CUST1114,SITE128,Smart City Zone,Mysore,2025-01-24,2025-02-12,2025-02-12,19,12000,228000,24000,Paid,OP1156,Completed,0
RNT104609,EQX1109,CUST1089,SITE120,IT Park,Hyderabad,2025-02-06,2025-02-25,2025-02-25,19,24000,456000,48000,Pending,OP1021,Completed,0
RNT104610,EQX1015,CUST1006,SITE127,Bridge Construction,Salem,2025-02-15,2025-02-26,2025-02-26,11,22000,242000,44000,Paid,OP1042,Completed,0
RNT104611,EQX1242,CUST1034,SITE127,Residential Township,Madurai,2025-05-26,2025-06-13,2025-06-13,18,25000,450000,50000,Paid,OP1132,Completed,0
RNT104612,EQX1027,CUST1027,SITE130,Metro Rail Project,Chennai,2025-05-07,2025-05-17,2025-05-17,10,25000,250000,50000,Paid,OP1022,Completed,0
RNT104613,EQX1252,CUST1090,SITE126,Mining Site,Bangalore,2025-01-16,2025-01-30,2025-01-30,14,18000,252000,36000,Paid,OP1187,Completed,0
RNT104614,EQX1237,CUST1073,SITE123,IT Park,Chennai,2025-05-05,2025-05-11,2025-05-11,6,12000,72000,24000,Paid,OP1104,Completed,0
RNT104615,EQX1235,CUST1071,SITE112,Residential Township,Madurai,2025-05-26,2025-06-14,2025-06-14,19,24000,456000,48000,Partial,OP1066,Completed,0
RNT104616,EQX1216,CUST1087,SITE130,Metro Rail Project,Bangalore,2025-05-17,2025-06-07,2025-06-07,21,24000,504000,48000,Paid,OP1046,Completed,0
RNT104617,EQX1194,CUST1038,SITE113,IT Park,Hyderabad,2025-04-14,2025-04-25,2025-05-04,11,12000,240000,24000,Pending,OP1048,Overdue,9
RNT104618,EQX1200,CUST1056,SITE120,Metro Rail Project,Trichy,2025-05-13,2025-05-26,2025-05-26,13,18000,234000,36000,Paid,OP1046,Completed,0
RNT104619,EQX1204,CUST1034,SITE126,Smart City Zone,Trichy,2025-06-15,2025-06-23,2025-06-23,8,30000,240000,60000,Paid,OP1078,Completed,0
RNT104620,EQX1187,CUST1045,SITE129,Metro Rail Project,Coimbatore,2025-01-16,2025-02-09,2025-02-09,24,30000,720000,60000,Paid,OP1106,Completed,0
RNT104621,EQX1163,CUST1032,SITE113,IT Park,Salem,2025-04-26,2025-05-02,2025-05-02,6,25000,150000,50000,Paid,OP1031,Completed,0
RNT104622,EQX1110,CUST1046,SITE125,Smart City Zone,Chennai,2025-02-26,2025-03-07,2025-03-07,9,12000,108000,24000,Paid,OP1162,Completed,0
RNT104623,EQX1287,CUST1106,SITE101,Highway Expansion,Madurai,2025-05-13,2025-05-31,2025-05-31,18,12000,216000,24000,Paid,OP1010,Completed,0
RNT104624,EQX1229,CUST1066,SITE117,Solar Power Plant,Trichy,2025-04-05,2025-04-17,2025-04-22,12,22000,374000,44000,Pending,OP1124,Overdue,5
RNT104625,EQX1223,CUST1106,SITE123,IT Park,Mysore,2025-06-12,2025-06-25,2025-06-25,13,30000,390000,60000,Paid,OP1094,Completed,0
RNT104626,EQX1199,CUST1011,SITE130,Residential Township,Madurai,2025-04-21,2025-05-05,2025-05-05,14,18000,252000,36000,Pending,OP1011,Completed,0
RNT104627,EQX1143,CUST1047,SITE119,Solar Power Plant,Bangalore,2025-03-20,2025-04-06,2025-04-06,17,12000,204000,24000,Paid,OP1176,Completed,0
RNT104628,EQX1064,CUST1010,SITE104,IT Park,Trichy,2025-06-05,2025-06-24,2025-06-24,19,18000,342000,36000,Pending,OP1113,Completed,0
RNT104629,EQX1176,CUST1032,SITE104,Metro Rail Project,Madurai,2025-05-04,2025-05-12,2025-05-13,8,30000,270000,60000,Paid,OP1091,Overdue,1
RNT104630,EQX1183,CUST1080,SITE124,Airport Extension,Salem,2025-04-01,2025-04-14,2025-04-14,13,12000,156000,24000,Partial,OP1086,Completed,0
RNT104631,EQX1197,CUST1091,SITE115,River Embankment,Coimbatore,2025-05-16,2025-05-31,2025-05-31,15,25000,375000,50000,Paid,OP1178,Completed,0
RNT104632,EQX1218,CUST1117,SITE120,River Embankment,Trichy,2025-01-22,2025-02-15,2025-02-15,24,12000,288000,24000,Paid,OP1089,Completed,0
RNT104633,EQX1111,CUST1105,SITE111,Airport Extension,Mysore,2025-04-22,2025-04-30,2025-05-06,8,22000,308000,44000,Paid,OP1042,Overdue,6
RNT104634,EQX1264,CUST1082,SITE103,Mining Site,Chennai,2025-06-11,2025-06-28,2025-06-28,17,22000,374000,44000,Paid,OP1016,Completed,0
RNT104635,EQX1241,CUST1112,SITE124,Highway Expansion,Hyderabad,2025-01-19,2025-01-29,2025-01-29,10,12000,120000,24000,Paid,OP1172,Completed,0
RNT104636,EQX1098,CUST1066,SITE108,Bridge Construction,Madurai,2025-05-09,2025-06-06,2025-06-06,28,30000,840000,60000,Paid,OP1180,Completed,0
RNT104637,EQX1097,CUST1041,SITE107,Solar Power Plant,Trichy,2025-03-03,2025-03-19,2025-03-19,16,22000,352000,44000,Paid,OP1145,Completed,0
RNT104638,EQX1167,CUST1025,SITE128,River Embankment,Mysore,2025-02-20,2025-02-25,2025-02-25,5,24000,120000,48000,Pending,OP1100,Completed,0
RNT104639,EQX1110,CUST1012,SITE106,Bridge Construction,Madurai,2025-01-17,2025-02-03,2025-02-03,17,12000,204000,24000,Paid,OP1098,Completed,0
RNT104640,EQX1037,CUST1044,SITE113,Industrial Park,Coimbatore,2025-02-05,2025-02-19,2025-02-19,14,25000,350000,50000,Pending,OP1118,Completed,0
RNT104641,EQX1104,CUST1110,SITE102,Metro Rail Project,Coimbatore,2025-05-17,2025-05-20,2025-05-26,3,24000,216000,48000,Paid,OP1040,Overdue,6
RNT104642,EQX1145,CUST1040,SITE130,Industrial Park,Madurai,2025-05-26,2025-05-29,2025-05-29,3,24000,72000,48000,Paid,OP1050,Completed,0
RNT104643,EQX1015,CUST1097,SITE102,Harbor Expansion,Bangalore,2025-05-01,2025-05-29,2025-05-29,28,22000,616000,44000,Paid,OP1026,Completed,0
RNT104644,EQX1150,CUST1109,SITE120,Metro Rail Project,Chennai,2025-06-01,2025-06-04,2025-06-04,3,18000,54000,36000,Paid,OP1040,Completed,0
RNT104645,EQX1102,CUST1026,SITE123,Bridge Construction,Coimbatore,2025-04-11,2025-04-13,2025-04-13,2,18000,36000,36000,Paid,OP1082,Completed,0
RNT104646,EQX1002,CUST1080,SITE123,Residential Township,Madurai,2025-02-15,2025-03-01,2025-03-01,14,18000,252000,36000,Pending,OP1007,Completed,0
RNT104647,EQX1177,CUST1076,SITE106,Harbor Expansion,Coimbatore,2025-01-29,2025-02-21,2025-02-21,23,25000,575000,50000,Paid,OP1174,Completed,0
RNT104648,EQX1104,CUST1078,SITE125,River Embankment,Salem,2025-01-24,2025-02-14,2025-02-14,21,24000,504000,48000,Paid,OP1190,Completed,0
RNT104649,EQX1001,CUST1089,SITE122,Mining Site,Mysore,2025-01-29,2025-02-05,2025-02-05,7,12000,84000,24000,Pending,OP1091,Completed,0
RNT104650,EQX1285,CUST1077,SITE112,Residential Township,Trichy,2025-06-12,2025-06-22,2025-06-22,10,30000,300000,60000,Paid,OP1026,Completed,0
RNT104651,EQX1264,CUST1001,SITE128,Airport Extension,Hyderabad,2025-04-22,2025-05-10,2025-05-10,18,22000,396000,44000,Paid,OP1010,Completed,0
RNT104652,EQX1277,CUST1023,SITE127,Residential Township,Bangalore,2025-05-05,2025-05-24,2025-05-24,19,12000,228000,24000,Partial,OP1033,Completed,0
RNT104653,EQX1194,CUST1030,SITE116,Industrial Park,Mysore,2025-06-07,2025-06-30,2025-06-30,23,12000,276000,24000,Pending,OP1136,Completed,0
RNT104654,EQX1163,CUST1036,SITE104,Mining Site,Bangalore,2025-06-07,2025-06-20,2025-06-20,13,25000,325000,50000,Paid,OP1161,Completed,0
RNT104655,EQX1159,CUST1099,SITE125,Solar Power Plant,Chennai,2025-06-30,2025-07-09,2025-07-09,9,24000,216000,48000,Paid,OP1025,Completed,0
RNT104656,EQX1147,CUST1111,SITE124,Residential Township,Chennai,2025-06-02,2025-06-10,2025-06-10,8,22000,176000,44000,Paid,OP1192,Completed,0
RNT104657,EQX1256,CUST1081,SITE104,Airport Extension,Mysore,2025-03-31,2025-04-08,2025-04-08,8,12000,96000,24000,Paid,OP1009,Completed,0
RNT104658,EQX1240,CUST1035,SITE102,Harbor Expansion,Bangalore,2025-01-21,2025-02-09,2025-02-09,19,22000,418000,44000,Paid,OP1078,Completed,0
RNT104659,EQX1049,CUST1076,SITE119,Smart City Zone,Trichy,2025-05-07,2025-05-12,2025-05-12,5,12000,60000,24000,Paid,OP1052,Completed,0
RNT104660,EQX1162,CUST1043,SITE130,Airport Extension,Salem,2025-03-06,2025-03-20,2025-03-20,14,25000,350000,50000,Paid,OP1034,Completed,0
RNT104661,EQX1267,CUST1060,SITE112,Highway Expansion,Mysore,2025-05-25,2025-06-10,2025-06-10,16,30000,480000,60000,Paid,OP1111,Completed,0
RNT104662,EQX1160,CUST1021,SITE113,Mining Site,Hyderabad,2025-03-12,2025-04-09,2025-04-09,28,18000,504000,36000,Paid,OP1130,Completed,0
RNT104663,EQX1164,CUST1048,SITE106,Bridge Construction,Bangalore,2025-05-11,2025-06-01,2025-06-01,21,30000,630000,60000,Paid,OP1028,Completed,0
RNT104664,EQX1293,CUST1023,SITE114,Industrial Park,Salem,2025-06-23,2025-07-07,2025-07-07,14,18000,252000,36000,Pending,OP1103,Completed,0
RNT104665,EQX1107,CUST1091,SITE119,Airport Extension,Madurai,2025-05-29,2025-06-02,2025-06-02,4,30000,120000,60000,Pending,OP1193,Completed,0
RNT104666,EQX1147,CUST1090,SITE120,Harbor Expansion,Mysore,2025-03-28,2025-04-02,2025-04-06,5,22000,198000,44000,Paid,OP1101,Overdue,4
RNT104667,EQX1176,CUST1106,SITE114,Mining Site,Mysore,2025-06-21,2025-07-04,2025-07-04,13,30000,390000,60000,Paid,OP1080,Completed,0
RNT104668,EQX1216,CUST1021,SITE121,Bridge Construction,Madurai,2025-05-04,2025-05-20,2025-05-20,16,24000,384000,48000,Paid,OP1124,Completed,0
RNT104669,EQX1157,CUST1032,SITE110,Residential Township,Chennai,2025-02-14,2025-03-11,2025-03-19,25,30000,990000,60000,Paid,OP1104,Overdue,8
RNT104670,EQX1062,CUST1093,SITE128,Harbor Expansion,Hyderabad,2025-02-20,2025-03-12,2025-03-12,20,12000,240000,24000,Paid,OP1054,Completed,0
RNT104671,EQX1207,CUST1040,SITE125,Industrial Park,Coimbatore,2025-02-01,2025-02-20,2025-02-20,19,30000,570000,60000,Pending,OP1111,Completed,0
RNT104672,EQX1259,CUST1032,SITE124,Solar Power Plant,Madurai,2025-05-04,2025-05-26,2025-05-26,22,22000,484000,44000,Pending,OP1030,Completed,0
RNT104673,EQX1038,CUST1061,SITE122,Metro Rail Project,Mysore,2025-03-07,2025-03-31,2025-04-08,24,18000,576000,36000,Paid,OP1107,Overdue,8
RNT104674,EQX1286,CUST1019,SITE116,River Embankment,Hyderabad,2025-03-08,2025-03-27,2025-03-27,19,18000,342000,36000,Paid,OP1092,Completed,0
RNT104675,EQX1278,CUST1031,SITE120,Harbor Expansion,Trichy,2025-01-25,2025-02-08,2025-02-08,14,22000,308000,44000,Paid,OP1076,Completed,0
RNT104676,EQX1170,CUST1091,SITE106,Industrial Park,Trichy,2025-02-02,2025-02-24,2025-02-24,22,24000,528000,48000,Paid,OP1056,Completed,0
RNT104677,EQX1134,CUST1099,SITE114,IT Park,Coimbatore,2025-05-08,2025-05-30,2025-05-30,22,24000,528000,48000,Paid,OP1157,Completed,0
RNT104678,EQX1125,CUST1118,SITE116,River Embankment,Hyderabad,2025-05-23,2025-06-04,2025-06-04,12,25000,300000,50000,Paid,OP1031,Completed,0
RNT104679,EQX1228,CUST1011,SITE114,Highway Expansion,Madurai,2025-05-19,2025-05-27,2025-05-27,8,24000,192000,48000,Paid,OP1102,Completed,0
RNT104680,EQX1227,CUST1113,SITE122,Highway Expansion,Hyderabad,2025-04-16,2025-05-13,2025-05-13,27,18000,486000,36000,Partial,OP1161,Completed,0
RNT104681,EQX1228,CUST1052,SITE108,Residential Township,Salem,2025-05-21,2025-05-24,2025-05-24,3,24000,72000,48000,Paid,OP1027,Completed,0
RNT104682,EQX1250,CUST1037,SITE129,Smart City Zone,Hyderabad,2025-01-20,2025-02-01,2025-02-01,12,25000,300000,50000,Paid,OP1114,Completed,0
RNT104683,EQX1295,CUST1100,SITE108,IT Park,Chennai,2025-05-13,2025-05-29,2025-05-29,16,12000,192000,24000,Paid,OP1161,Completed,0
RNT104684,EQX1146,CUST1004,SITE121,Industrial Park,Madurai,2025-06-26,2025-07-14,2025-07-14,18,18000,324000,36000,Paid,OP1196,Completed,0
RNT104685,EQX1300,CUST1029,SITE108,River Embankment,Mysore,2025-02-15,2025-02-23,2025-02-23,8,24000,192000,48000,Paid,OP1183,Completed,0
RNT104686,EQX1248,CUST1081,SITE109,Metro Rail Project,Trichy,2025-06-29,2025-07-23,2025-07-29,24,30000,900000,60000,Pending,OP1061,Overdue,6
RNT104687,EQX1201,CUST1118,SITE119,Airport Extension,Coimbatore,2025-02-06,2025-03-04,2025-03-05,26,18000,486000,36000,Paid,OP1032,Overdue,1
RNT104688,EQX1299,CUST1051,SITE115,River Embankment,Coimbatore,2025-03-12,2025-03-29,2025-03-29,17,24000,408000,48000,Paid,OP1113,Completed,0
RNT104689,EQX1121,CUST1062,SITE111,IT Park,Chennai,2025-03-03,2025-03-06,2025-03-06,3,22000,66000,44000,Paid,OP1056,Completed,0
RNT104690,EQX1254,CUST1081,SITE120,Airport Extension,Madurai,2025-02-17,2025-03-11,2025-03-11,22,18000,396000,36000,Paid,OP1126,Completed,0
RNT104691,EQX1121,CUST1062,SITE126,River Embankment,Madurai,2025-06-26,2025-07-15,2025-07-15,19,22000,418000,44000,Pending,OP1195,Completed,0
RNT104692,EQX1098,CUST1084,SITE109,Residential Township,Trichy,2025-05-21,2025-06-04,2025-06-04,14,30000,420000,60000,Paid,OP1016,Completed,0
RNT104693,EQX1265,CUST1082,SITE128,Residential Township,Hyderabad,2025-01-15,2025-02-06,2025-02-09,22,22000,550000,44000,Paid,OP1141,Overdue,3
RNT104694,EQX1035,CUST1041,SITE124,Solar Power Plant,Bangalore,2025-03-08,2025-03-24,2025-03-24,16,22000,352000,44000,Partial,OP1063,Completed,0
RNT104695,EQX1015,CUST1023,SITE129,Harbor Expansion,Madurai,2025-02-28,2025-03-17,2025-03-17,17,22000,374000,44000,Pending,OP1093,Completed,0
RNT104696,EQX1097,CUST1038,SITE103,Highway Expansion,Coimbatore,2025-06-17,2025-06-26,2025-06-26,9,22000,198000,44000,Pending,OP1047,Completed,0
RNT104697,EQX1253,CUST1041,SITE123,Bridge Construction,Chennai,2025-04-10,2025-05-08,2025-05-08,28,24000,672000,48000,Paid,OP1187,Completed,0
RNT104698,EQX1004,CUST1077,SITE109,Airport Extension,Hyderabad,2025-05-06,2025-06-05,2025-06-05,30,30000,900000,60000,Pending,OP1121,Completed,0
RNT104699,EQX1179,CUST1097,SITE102,Industrial Park,Hyderabad,2025-03-07,2025-04-04,2025-04-04,28,25000,700000,50000,Paid,OP1150,Completed,0
RNT104700,EQX1230,CUST1054,SITE101,Metro Rail Project,Coimbatore,2025-06-19,2025-07-17,2025-07-17,28,18000,504000,36000,Paid,OP1041,Completed,0
RNT104701,EQX1075,CUST1017,SITE130,Solar Power Plant,Trichy,2025-01-26,2025-02-15,2025-02-22,20,18000,486000,36000,Paid,OP1073,Overdue,7
RNT104702,EQX1115,CUST1045,SITE117,Mining Site,Coimbatore,2025-06-03,2025-06-12,2025-06-19,9,18000,288000,36000,Partial,OP1050,Overdue,7
RNT104703,EQX1140,CUST1049,SITE123,Highway Expansion,Bangalore,2025-05-14,2025-06-01,2025-06-01,18,12000,216000,24000,Paid,OP1138,Completed,0
RNT104704,EQX1244,CUST1037,SITE118,Mining Site,Mysore,2025-06-05,2025-06-09,2025-06-17,4,30000,360000,60000,Paid,OP1143,Overdue,8
RNT104705,EQX1164,CUST1026,SITE113,River Embankment,Trichy,2025-05-02,2025-05-17,2025-05-17,15,30000,450000,60000,Paid,OP1067,Completed,0
RNT104706,EQX1270,CUST1107,SITE130,Airport Extension,Madurai,2025-01-03,2025-01-15,2025-01-18,12,18000,270000,36000,Paid,OP1192,Overdue,3
RNT104707,EQX1214,CUST1057,SITE121,River Embankment,Hyderabad,2025-03-13,2025-04-07,2025-04-07,25,24000,600000,48000,Paid,OP1079,Completed,0
RNT104708,EQX1082,CUST1014,SITE129,Harbor Expansion,Salem,2025-06-14,2025-06-23,2025-06-23,9,12000,108000,24000,Paid,OP1093,Completed,0
RNT104709,EQX1251,CUST1013,SITE114,Residential Township,Hyderabad,2025-02-26,2025-03-28,2025-04-02,30,24000,840000,48000,Pending,OP1003,Overdue,5
RNT104710,EQX1288,CUST1019,SITE110,Highway Expansion,Trichy,2025-05-06,2025-05-29,2025-05-29,23,24000,552000,48000,Paid,OP1083,Completed,0
RNT104711,EQX1013,CUST1075,SITE109,Harbor Expansion,Salem,2025-04-19,2025-05-05,2025-05-05,16,18000,288000,36000,Paid,OP1040,Completed,0
RNT104712,EQX1297,CUST1021,SITE120,Smart City Zone,Madurai,2025-02-02,2025-02-20,2025-02-20,18,12000,216000,24000,Paid,OP1022,Completed,0
RNT104713,EQX1014,CUST1079,SITE115,Airport Extension,Salem,2025-05-19,2025-05-31,2025-05-31,12,12000,144000,24000,Paid,OP1116,Completed,0
RNT104714,EQX1103,CUST1015,SITE129,Smart City Zone,Trichy,2025-04-05,2025-05-05,2025-05-05,30,25000,750000,50000,Paid,OP1118,Completed,0
RNT104715,EQX1258,CUST1004,SITE103,IT Park,Mysore,2025-02-05,2025-02-13,2025-02-13,8,18000,144000,36000,Pending,OP1012,Completed,0
RNT104716,EQX1226,CUST1117,SITE111,Mining Site,Bangalore,2025-01-20,2025-02-17,2025-02-17,28,24000,672000,48000,Paid,OP1068,Completed,0
RNT104717,EQX1103,CUST1118,SITE116,Solar Power Plant,Hyderabad,2025-03-15,2025-03-25,2025-03-25,10,25000,250000,50000,Paid,OP1180,Completed,0
RNT104718,EQX1125,CUST1018,SITE128,River Embankment,Trichy,2025-01-08,2025-01-23,2025-01-23,15,25000,375000,50000,Paid,OP1098,Completed,0
RNT104719,EQX1044,CUST1066,SITE104,River Embankment,Chennai,2025-05-09,2025-05-30,2025-05-30,21,24000,504000,48000,Paid,OP1025,Completed,0
RNT104720,EQX1109,CUST1017,SITE125,Harbor Expansion,Mysore,2025-06-30,2025-07-18,2025-07-25,18,24000,600000,48000,Paid,OP1097,Overdue,7
RNT104721,EQX1098,CUST1043,SITE123,Residential Township,Trichy,2025-01-11,2025-01-18,2025-01-18,7,30000,210000,60000,Paid,OP1068,Completed,0
RNT104722,EQX1183,CUST1029,SITE108,Bridge Construction,Hyderabad,2025-02-12,2025-02-18,2025-02-18,6,12000,72000,24000,Paid,OP1130,Completed,0
RNT104723,EQX1175,CUST1099,SITE101,Harbor Expansion,Chennai,2025-05-12,2025-05-31,2025-06-06,19,25000,625000,50000,Pending,OP1059,Overdue,6
RNT104724,EQX1208,CUST1101,SITE109,Industrial Park,Madurai,2025-02-23,2025-03-20,2025-03-20,25,18000,450000,36000,Paid,OP1063,Completed,0
RNT104725,EQX1202,CUST1033,SITE104,Industrial Park,Trichy,2025-04-20,2025-04-25,2025-04-30,5,30000,300000,60000,Paid,OP1089,Overdue,5
RNT104726,EQX1173,CUST1076,SITE114,Harbor Expansion,Trichy,2025-04-17,2025-05-08,2025-05-08,21,24000,504000,48000,Paid,OP1043,Completed,0
RNT104727,EQX1129,CUST1094,SITE125,Highway Expansion,Salem,2025-02-15,2025-02-28,2025-02-28,13,24000,312000,48000,Paid,OP1041,Completed,0
RNT104728,EQX1139,CUST1071,SITE109,Mining Site,Chennai,2025-06-24,2025-07-18,2025-07-23,24,30000,870000,60000,Pending,OP1048,Overdue,5
RNT104729,EQX1209,CUST1066,SITE130,Solar Power Plant,Coimbatore,2025-03-28,2025-04-23,2025-04-23,26,18000,468000,36000,Paid,OP1134,Completed,0
RNT104730,EQX1260,CUST1103,SITE124,Airport Extension,Madurai,2025-02-21,2025-03-10,2025-03-15,17,30000,660000,60000,Paid,OP1044,Overdue,5
RNT104731,EQX1038,CUST1120,SITE110,Residential Township,Bangalore,2025-06-18,2025-07-07,2025-07-07,19,18000,342000,36000,Paid,OP1151,Completed,0
RNT104732,EQX1059,CUST1041,SITE128,Solar Power Plant,Mysore,2025-01-31,2025-03-01,2025-03-01,29,24000,696000,48000,Paid,OP1025,Completed,0
RNT104733,EQX1232,CUST1104,SITE111,Bridge Construction,Madurai,2025-06-03,2025-06-26,2025-06-26,23,18000,414000,36000,Paid,OP1028,Completed,0
RNT104734,EQX1245,CUST1040,SITE113,Airport Extension,Chennai,2025-02-05,2025-02-12,2025-02-12,7,25000,175000,50000,Paid,OP1184,Completed,0
RNT104735,EQX1134,CUST1019,SITE118,Metro Rail Project,Bangalore,2025-03-10,2025-04-06,2025-04-06,27,24000,648000,48000,Paid,OP1180,Completed,0
RNT104736,EQX1196,CUST1086,SITE116,Bridge Construction,Hyderabad,2025-01-03,2025-01-31,2025-02-03,28,22000,682000,44000,Paid,OP1140,Overdue,3
RNT104737,EQX1298,CUST1028,SITE105,Harbor Expansion,Chennai,2025-03-07,2025-03-24,2025-03-24,17,22000,374000,44000,Partial,OP1067,Completed,0
RNT104738,EQX1299,CUST1071,SITE125,Residential Township,Salem,2025-03-30,2025-04-05,2025-04-05,6,24000,144000,48000,Paid,OP1012,Completed,0
RNT104739,EQX1144,CUST1024,SITE107,Highway Expansion,Coimbatore,2025-02-13,2025-02-18,2025-02-18,5,18000,90000,36000,Pending,OP1200,Completed,0
RNT104740,EQX1053,CUST1001,SITE111,Metro Rail Project,Madurai,2025-04-03,2025-04-29,2025-04-29,26,18000,468000,36000,Pending,OP1084,Completed,0
RNT104741,EQX1240,CUST1008,SITE129,Metro Rail Project,Madurai,2025-06-05,2025-06-26,2025-07-05,21,22000,660000,44000,Paid,OP1102,Overdue,9
RNT104742,EQX1237,CUST1075,SITE117,Mining Site,Bangalore,2025-04-29,2025-05-17,2025-05-17,18,12000,216000,24000,Paid,OP1198,Completed,0
RNT104743,EQX1051,CUST1120,SITE130,River Embankment,Hyderabad,2025-05-31,2025-06-03,2025-06-05,3,12000,60000,24000,Pending,OP1096,Overdue,2
RNT104744,EQX1082,CUST1011,SITE117,Solar Power Plant,Salem,2025-02-26,2025-03-25,2025-03-25,27,12000,324000,24000,Paid,OP1137,Completed,0
RNT104745,EQX1214,CUST1001,SITE125,Harbor Expansion,Coimbatore,2025-01-25,2025-01-27,2025-01-27,2,24000,48000,48000,Paid,OP1037,Completed,0
RNT104746,EQX1211,CUST1086,SITE116,Bridge Construction,Mysore,2025-03-24,2025-04-02,2025-04-02,9,24000,216000,48000,Partial,OP1093,Completed,0
RNT104747,EQX1225,CUST1041,SITE119,Metro Rail Project,Salem,2025-05-08,2025-05-21,2025-05-21,13,22000,286000,44000,Paid,OP1154,Completed,0
RNT104748,EQX1076,CUST1047,SITE113,Highway Expansion,Coimbatore,2025-04-19,2025-04-21,2025-04-21,2,25000,50000,50000,Paid,OP1172,Completed,0
RNT104749,EQX1041,CUST1074,SITE102,Solar Power Plant,Chennai,2025-05-05,2025-05-17,2025-05-17,12,24000,288000,48000,Pending,OP1162,Completed,0
RNT104750,EQX1262,CUST1003,SITE125,Bridge Construction,Bangalore,2025-03-15,2025-04-14,2025-04-14,30,25000,750000,50000,Paid,OP1118,Completed,0
RNT104751,EQX1264,CUST1006,SITE113,Bridge Construction,Bangalore,2025-04-17,2025-04-24,2025-04-24,7,22000,154000,44000,Pending,OP1136,Completed,0
RNT104752,EQX1267,CUST1016,SITE119,Highway Expansion,Salem,2025-01-25,2025-02-17,2025-02-17,23,30000,690000,60000,Pending,OP1002,Completed,0
RNT104753,EQX1272,CUST1113,SITE111,Highway Expansion,Madurai,2025-01-11,2025-02-10,2025-02-10,30,30000,900000,60000,Pending,OP1003,Completed,0
RNT104754,EQX1277,CUST1010,SITE122,Industrial Park,Madurai,2025-04-08,2025-05-01,2025-05-01,23,12000,276000,24000,Partial,OP1051,Completed,0
RNT104755,EQX1197,CUST1115,SITE105,Residential Township,Chennai,2025-04-13,2025-04-22,2025-04-22,9,25000,225000,50000,Paid,OP1066,Completed,0
RNT104756,EQX1155,CUST1024,SITE120,Smart City Zone,Bangalore,2025-05-03,2025-05-29,2025-06-03,26,18000,558000,36000,Partial,OP1076,Overdue,5
RNT104757,EQX1199,CUST1044,SITE121,IT Park,Chennai,2025-03-20,2025-04-06,2025-04-06,17,18000,306000,36000,Paid,OP1041,Completed,0
RNT104758,EQX1259,CUST1007,SITE122,Residential Township,Coimbatore,2025-02-13,2025-03-15,2025-03-15,30,22000,660000,44000,Paid,OP1003,Completed,0
RNT104759,EQX1206,CUST1054,SITE112,Smart City Zone,Salem,2025-06-08,2025-07-01,2025-07-01,23,22000,506000,44000,Paid,OP1189,Completed,0
RNT104760,EQX1121,CUST1057,SITE108,Harbor Expansion,Chennai,2025-02-28,2025-03-24,2025-03-24,24,22000,528000,44000,Paid,OP1025,Completed,0
RNT104761,EQX1158,CUST1056,SITE101,River Embankment,Salem,2025-03-18,2025-03-29,2025-04-07,11,24000,480000,48000,Paid,OP1129,Overdue,9
RNT104762,EQX1071,CUST1054,SITE126,Industrial Park,Mysore,2025-03-29,2025-04-07,2025-04-09,9,30000,330000,60000,Paid,OP1131,Overdue,2
RNT104763,EQX1280,CUST1097,SITE114,IT Park,Madurai,2025-01-21,2025-02-01,2025-02-01,11,18000,198000,36000,Paid,OP1126,Completed,0
RNT104764,EQX1119,CUST1056,SITE127,Mining Site,Madurai,2025-05-23,2025-06-09,2025-06-09,17,22000,374000,44000,Paid,OP1120,Completed,0
RNT104765,EQX1083,CUST1107,SITE103,Highway Expansion,Coimbatore,2025-03-08,2025-03-21,2025-03-21,13,25000,325000,50000,Paid,OP1008,Completed,0
RNT104766,EQX1058,CUST1023,SITE109,Mining Site,Salem,2025-06-01,2025-06-07,2025-06-07,6,30000,180000,60000,Partial,OP1001,Completed,0
RNT104767,EQX1006,CUST1102,SITE125,Airport Extension,Coimbatore,2025-01-04,2025-01-20,2025-01-20,16,24000,384000,48000,Paid,OP1007,Completed,0
RNT104768,EQX1258,CUST1048,SITE109,IT Park,Bangalore,2025-04-01,2025-04-27,2025-04-27,26,18000,468000,36000,Partial,OP1088,Completed,0
RNT104769,EQX1031,CUST1020,SITE105,Airport Extension,Salem,2025-03-04,2025-03-15,2025-03-15,11,18000,198000,36000,Paid,OP1167,Completed,0
RNT104770,EQX1184,CUST1031,SITE110,Mining Site,Trichy,2025-06-14,2025-06-21,2025-06-23,7,24000,216000,48000,Paid,OP1068,Overdue,2
RNT104771,EQX1003,CUST1024,SITE106,Highway Expansion,Chennai,2025-03-10,2025-03-16,2025-03-16,6,25000,150000,50000,Paid,OP1125,Completed,0
RNT104772,EQX1175,CUST1027,SITE128,Highway Expansion,Madurai,2025-03-09,2025-04-08,2025-04-08,30,25000,750000,50000,Paid,OP1194,Completed,0
RNT104773,EQX1197,CUST1011,SITE122,Bridge Construction,Coimbatore,2025-02-15,2025-03-05,2025-03-05,18,25000,450000,50000,Paid,OP1012,Completed,0
RNT104774,EQX1206,CUST1017,SITE127,Airport Extension,Madurai,2025-01-21,2025-01-24,2025-01-24,3,22000,66000,44000,Partial,OP1063,Completed,0
RNT104775,EQX1073,CUST1054,SITE124,Smart City Zone,Salem,2025-03-18,2025-04-09,2025-04-13,22,22000,572000,44000,Paid,OP1002,Overdue,4
RNT104776,EQX1162,CUST1004,SITE115,Residential Township,Madurai,2025-03-27,2025-04-01,2025-04-01,5,25000,125000,50000,Paid,OP1135,Completed,0
RNT104777,EQX1156,CUST1101,SITE110,Industrial Park,Trichy,2025-01-06,2025-02-03,2025-02-13,28,30000,1140000,60000,Paid,OP1136,Overdue,10
RNT104778,EQX1148,CUST1024,SITE112,IT Park,Salem,2025-03-06,2025-03-27,2025-03-27,21,22000,462000,44000,Paid,OP1056,Completed,0
RNT104779,EQX1163,CUST1031,SITE103,Airport Extension,Bangalore,2025-02-12,2025-02-26,2025-03-03,14,25000,475000,50000,Paid,OP1175,Overdue,5
RNT104780,EQX1024,CUST1068,SITE121,Smart City Zone,Coimbatore,2025-04-30,2025-05-25,2025-05-25,25,25000,625000,50000,Paid,OP1075,Completed,0
RNT104781,EQX1137,CUST1008,SITE129,Mining Site,Trichy,2025-02-12,2025-03-03,2025-03-08,19,18000,432000,36000,Paid,OP1184,Overdue,5
RNT104782,EQX1129,CUST1072,SITE118,Industrial Park,Salem,2025-01-16,2025-02-06,2025-02-06,21,24000,504000,48000,Pending,OP1158,Completed,0
RNT104783,EQX1280,CUST1042,SITE129,Smart City Zone,Chennai,2025-02-08,2025-02-11,2025-02-11,3,18000,54000,36000,Pending,OP1106,Completed,0
RNT104784,EQX1019,CUST1034,SITE103,Residential Township,Trichy,2025-03-23,2025-04-19,2025-04-19,27,25000,675000,50000,Paid,OP1164,Completed,0
RNT104785,EQX1141,CUST1095,SITE114,Airport Extension,Madurai,2025-06-16,2025-07-01,2025-07-01,15,12000,180000,24000,Paid,OP1039,Completed,0
RNT104786,EQX1112,CUST1046,SITE124,Metro Rail Project,Hyderabad,2025-04-22,2025-05-19,2025-05-19,27,30000,810000,60000,Paid,OP1041,Completed,0
RNT104787,EQX1149,CUST1082,SITE128,Metro Rail Project,Bangalore,2025-03-17,2025-04-02,2025-04-02,16,24000,384000,48000,Paid,OP1032,Completed,0
RNT104788,EQX1034,CUST1063,SITE106,Industrial Park,Bangalore,2025-05-07,2025-05-17,2025-05-18,10,25000,275000,50000,Paid,OP1096,Overdue,1
RNT104789,EQX1101,CUST1067,SITE115,Solar Power Plant,Bangalore,2025-04-06,2025-04-10,2025-04-10,4,24000,96000,48000,Paid,OP1013,Completed,0
RNT104790,EQX1068,CUST1054,SITE118,Airport Extension,Coimbatore,2025-03-08,2025-03-23,2025-03-23,15,18000,270000,36000,Partial,OP1028,Completed,0
RNT104791,EQX1269,CUST1021,SITE111,Residential Township,Hyderabad,2025-02-03,2025-02-27,2025-02-27,24,12000,288000,24000,Paid,OP1164,Completed,0
RNT104792,EQX1264,CUST1070,SITE104,Solar Power Plant,Salem,2025-03-23,2025-04-13,2025-04-13,21,22000,462000,44000,Paid,OP1087,Completed,0
RNT104793,EQX1246,CUST1116,SITE119,Harbor Expansion,Hyderabad,2025-04-02,2025-04-09,2025-04-09,7,22000,154000,44000,Paid,OP1048,Completed,0
RNT104794,EQX1055,CUST1042,SITE118,Industrial Park,Hyderabad,2025-02-06,2025-02-27,2025-02-27,21,25000,525000,50000,Paid,OP1051,Completed,0
RNT104795,EQX1033,CUST1051,SITE115,Bridge Construction,Bangalore,2025-03-07,2025-03-26,2025-03-26,19,24000,456000,48000,Partial,OP1047,Completed,0
RNT104796,EQX1140,CUST1113,SITE109,Harbor Expansion,Madurai,2025-05-11,2025-05-14,2025-05-14,3,12000,36000,24000,Paid,OP1032,Completed,0
RNT104797,EQX1292,CUST1117,SITE107,Industrial Park,Bangalore,2025-06-15,2025-07-02,2025-07-02,17,12000,204000,24000,Paid,OP1026,Completed,0
RNT104798,EQX1250,CUST1051,SITE106,Smart City Zone,Trichy,2025-01-09,2025-02-03,2025-02-03,25,25000,625000,50000,Paid,OP1137,Completed,0
RNT104799,EQX1216,CUST1052,SITE120,Mining Site,Coimbatore,2025-02-22,2025-03-19,2025-03-19,25,24000,600000,48000,Paid,OP1120,Completed,0
RNT104800,EQX1054,CUST1091,SITE123,Industrial Park,Bangalore,2025-04-27,2025-05-20,2025-05-20,23,12000,276000,24000,Paid,OP1199,Completed,0
RNT104801,EQX1187,CUST1002,SITE120,Bridge Construction,Chennai,2025-01-06,2025-02-02,2025-02-02,27,30000,810000,60000,Paid,OP1066,Completed,0
RNT104802,EQX1235,CUST1026,SITE116,Airport Extension,Coimbatore,2025-04-13,2025-05-09,2025-05-09,26,24000,624000,48000,Paid,OP1143,Completed,0
RNT104803,EQX1067,CUST1016,SITE121,Airport Extension,Hyderabad,2025-06-21,2025-07-19,2025-07-19,28,24000,672000,48000,Pending,OP1058,Completed,0
RNT104804,EQX1074,CUST1104,SITE127,Harbor Expansion,Bangalore,2025-02-28,2025-03-09,2025-03-09,9,12000,108000,24000,Paid,OP1135,Completed,0
RNT104805,EQX1107,CUST1076,SITE115,Airport Extension,Trichy,2025-06-02,2025-07-01,2025-07-01,29,30000,870000,60000,Paid,OP1145,Completed,0
RNT104806,EQX1201,CUST1005,SITE104,IT Park,Trichy,2025-05-06,2025-05-25,2025-05-25,19,18000,342000,36000,Paid,OP1025,Completed,0
RNT104807,EQX1188,CUST1070,SITE104,Solar Power Plant,Trichy,2025-01-16,2025-02-02,2025-02-02,17,30000,510000,60000,Paid,OP1185,Completed,0
RNT104808,EQX1276,CUST1024,SITE124,Highway Expansion,Chennai,2025-01-12,2025-02-10,2025-02-10,29,25000,725000,50000,Paid,OP1187,Completed,0
RNT104809,EQX1226,CUST1072,SITE128,Smart City Zone,Mysore,2025-01-19,2025-01-31,2025-01-31,12,24000,288000,48000,Pending,OP1081,Completed,0
RNT104810,EQX1001,CUST1033,SITE120,Bridge Construction,Chennai,2025-01-06,2025-01-29,2025-02-06,23,12000,372000,24000,Paid,OP1009,Overdue,8
RNT104811,EQX1128,CUST1049,SITE120,Highway Expansion,Madurai,2025-05-21,2025-06-06,2025-06-06,16,30000,480000,60000,Paid,OP1023,Completed,0
RNT104812,EQX1263,CUST1045,SITE122,Residential Township,Mysore,2025-03-19,2025-03-31,2025-03-31,12,18000,216000,36000,Partial,OP1100,Completed,0
RNT104813,EQX1118,CUST1024,SITE107,Smart City Zone,Hyderabad,2025-02-06,2025-02-15,2025-02-15,9,12000,108000,24000,Paid,OP1118,Completed,0
RNT104814,EQX1089,CUST1082,SITE120,Residential Township,Salem,2025-05-15,2025-05-28,2025-05-28,13,18000,234000,36000,Paid,OP1133,Completed,0
RNT104815,EQX1105,CUST1033,SITE101,IT Park,Bangalore,2025-01-14,2025-01-29,2025-01-29,15,12000,180000,24000,Paid,OP1118,Completed,0
RNT104816,EQX1278,CUST1006,SITE121,Industrial Park,Hyderabad,2025-04-26,2025-05-01,2025-05-01,5,22000,110000,44000,Paid,OP1117,Completed,0
RNT104817,EQX1206,CUST1070,SITE111,River Embankment,Mysore,2025-06-03,2025-06-09,2025-06-09,6,22000,132000,44000,Paid,OP1196,Completed,0
RNT104818,EQX1091,CUST1052,SITE114,Bridge Construction,Bangalore,2025-03-11,2025-04-06,2025-04-06,26,25000,650000,50000,Paid,OP1134,Completed,0
RNT104819,EQX1170,CUST1044,SITE119,IT Park,Trichy,2025-01-20,2025-01-22,2025-01-22,2,24000,48000,48000,Paid,OP1060,Completed,0
RNT104820,EQX1129,CUST1082,SITE108,Bridge Construction,Mysore,2025-03-18,2025-04-05,2025-04-05,18,24000,432000,48000,Paid,OP1095,Completed,0
RNT104821,EQX1102,CUST1030,SITE123,Harbor Expansion,Coimbatore,2025-01-20,2025-01-27,2025-01-28,7,18000,144000,36000,Partial,OP1050,Overdue,1
RNT104822,EQX1215,CUST1011,SITE109,Harbor Expansion,Salem,2025-05-02,2025-05-17,2025-05-17,15,12000,180000,24000,Paid,OP1092,Completed,0
RNT104823,EQX1112,CUST1077,SITE116,Metro Rail Project,Coimbatore,2025-01-28,2025-02-27,2025-02-27,30,30000,900000,60000,Paid,OP1012,Completed,0
RNT104824,EQX1210,CUST1105,SITE106,Smart City Zone,Bangalore,2025-02-01,2025-02-05,2025-02-05,4,30000,120000,60000,Paid,OP1174,Completed,0
RNT104825,EQX1091,CUST1118,SITE107,Bridge Construction,Bangalore,2025-02-12,2025-03-06,2025-03-06,22,25000,550000,50000,Partial,OP1127,Completed,0
RNT104826,EQX1146,CUST1004,SITE130,Mining Site,Salem,2025-01-07,2025-01-14,2025-01-14,7,18000,126000,36000,Paid,OP1193,Completed,0
RNT104827,EQX1079,CUST1075,SITE127,River Embankment,Coimbatore,2025-03-14,2025-03-18,2025-03-18,4,12000,48000,24000,Paid,OP1064,Completed,0
RNT104828,EQX1182,CUST1116,SITE101,Highway Expansion,Salem,2025-01-27,2025-02-18,2025-02-19,22,22000,506000,44000,Paid,OP1025,Overdue,1
RNT104829,EQX1243,CUST1056,SITE106,Harbor Expansion,Mysore,2025-05-05,2025-05-12,2025-05-12,7,30000,210000,60000,Pending,OP1186,Completed,0
RNT104830,EQX1282,CUST1112,SITE130,Solar Power Plant,Trichy,2025-02-05,2025-02-17,2025-02-17,12,18000,216000,36000,Paid,OP1069,Completed,0
RNT104831,EQX1209,CUST1083,SITE130,Harbor Expansion,Mysore,2025-04-05,2025-04-27,2025-05-06,22,18000,558000,36000,Paid,OP1058,Overdue,9
RNT104832,EQX1004,CUST1120,SITE125,River Embankment,Trichy,2025-06-05,2025-06-25,2025-06-25,20,30000,600000,60000,Partial,OP1057,Completed,0
RNT104833,EQX1273,CUST1034,SITE108,Residential Township,Hyderabad,2025-03-31,2025-04-09,2025-04-09,9,18000,162000,36000,Paid,OP1139,Completed,0
RNT104834,EQX1036,CUST1060,SITE125,Airport Extension,Salem,2025-03-15,2025-04-05,2025-04-05,21,24000,504000,48000,Pending,OP1085,Completed,0
RNT104835,EQX1145,CUST1078,SITE119,Smart City Zone,Trichy,2025-06-24,2025-07-06,2025-07-06,12,24000,288000,48000,Paid,OP1116,Completed,0
RNT104836,EQX1033,CUST1094,SITE110,Solar Power Plant,Coimbatore,2025-01-29,2025-02-01,2025-02-01,3,24000,72000,48000,Paid,OP1068,Completed,0
RNT104837,EQX1189,CUST1112,SITE129,Mining Site,Hyderabad,2025-03-19,2025-04-13,2025-04-13,25,12000,300000,24000,Paid,OP1049,Completed,0
RNT104838,EQX1096,CUST1119,SITE120,Harbor Expansion,Madurai,2025-05-17,2025-05-19,2025-05-19,2,25000,50000,50000,Paid,OP1068,Completed,0
RNT104839,EQX1211,CUST1040,SITE104,Smart City Zone,Bangalore,2025-05-09,2025-05-18,2025-05-18,9,24000,216000,48000,Paid,OP1112,Completed,0
RNT104840,EQX1154,CUST1020,SITE121,Bridge Construction,Trichy,2025-03-11,2025-03-26,2025-03-26,15,12000,180000,24000,Pending,OP1016,Completed,0
RNT104841,EQX1032,CUST1004,SITE122,Mining Site,Trichy,2025-03-07,2025-03-25,2025-03-25,18,24000,432000,48000,Partial,OP1080,Completed,0
RNT104842,EQX1281,CUST1048,SITE104,Industrial Park,Bangalore,2025-01-26,2025-01-29,2025-01-29,3,12000,36000,24000,Partial,OP1083,Completed,0
RNT104843,EQX1297,CUST1080,SITE118,Metro Rail Project,Madurai,2025-02-24,2025-03-03,2025-03-06,7,12000,120000,24000,Pending,OP1174,Overdue,3
RNT104844,EQX1010,CUST1091,SITE130,Industrial Park,Hyderabad,2025-03-02,2025-03-30,2025-03-30,28,25000,700000,50000,Pending,OP1045,Completed,0
RNT104845,EQX1006,CUST1028,SITE124,Solar Power Plant,Madurai,2025-05-07,2025-05-31,2025-05-31,24,24000,576000,48000,Paid,OP1010,Completed,0
RNT104846,EQX1053,CUST1037,SITE112,Mining Site,Trichy,2025-06-10,2025-07-05,2025-07-05,25,18000,450000,36000,Paid,OP1039,Completed,0
RNT104847,EQX1144,CUST1030,SITE121,IT Park,Mysore,2025-01-19,2025-02-18,2025-02-18,30,18000,540000,36000,Paid,OP1092,Completed,0
RNT104848,EQX1068,CUST1094,SITE105,Metro Rail Project,Salem,2025-02-09,2025-02-12,2025-02-12,3,18000,54000,36000,Paid,OP1184,Completed,0
RNT104849,EQX1109,CUST1048,SITE121,Highway Expansion,Salem,2025-05-22,2025-06-14,2025-06-14,23,24000,552000,48000,Paid,OP1103,Completed,0
RNT104850,EQX1130,CUST1088,SITE113,Smart City Zone,Salem,2025-06-28,2025-07-28,2025-08-02,30,25000,875000,50000,Paid,OP1173,Overdue,5
RNT104851,EQX1191,CUST1030,SITE123,IT Park,Hyderabad,2025-05-28,2025-06-26,2025-06-26,29,24000,696000,48000,Paid,OP1082,Completed,0
RNT104852,EQX1215,CUST1011,SITE117,Bridge Construction,Coimbatore,2025-01-20,2025-02-06,2025-02-06,17,12000,204000,24000,Paid,OP1158,Completed,0
RNT104853,EQX1140,CUST1099,SITE101,Bridge Construction,Madurai,2025-04-17,2025-05-15,2025-05-15,28,12000,336000,24000,Partial,OP1157,Completed,0
RNT104854,EQX1218,CUST1039,SITE108,Smart City Zone,Bangalore,2025-06-19,2025-06-29,2025-06-29,10,12000,120000,24000,Paid,OP1118,Completed,0
RNT104855,EQX1148,CUST1006,SITE117,Mining Site,Trichy,2025-01-09,2025-01-31,2025-01-31,22,22000,484000,44000,Paid,OP1069,Completed,0
RNT104856,EQX1026,CUST1107,SITE111,Industrial Park,Hyderabad,2025-06-17,2025-06-22,2025-06-30,5,25000,325000,50000,Paid,OP1002,Overdue,8
RNT104857,EQX1185,CUST1021,SITE107,Solar Power Plant,Salem,2025-06-07,2025-07-01,2025-07-01,24,30000,720000,60000,Paid,OP1008,Completed,0
RNT104858,EQX1290,CUST1087,SITE115,Metro Rail Project,Hyderabad,2025-03-18,2025-04-09,2025-04-17,22,22000,660000,44000,Partial,OP1128,Overdue,8
RNT104859,EQX1012,CUST1111,SITE124,Industrial Park,Trichy,2025-06-01,2025-06-18,2025-06-18,17,30000,510000,60000,Paid,OP1130,Completed,0
RNT104860,EQX1068,CUST1081,SITE105,Solar Power Plant,Trichy,2025-02-26,2025-03-05,2025-03-05,7,18000,126000,36000,Paid,OP1170,Completed,0
RNT104861,EQX1235,CUST1114,SITE103,IT Park,Bangalore,2025-05-11,2025-05-15,2025-05-16,4,24000,120000,48000,Paid,OP1175,Overdue,1
RNT104862,EQX1287,CUST1071,SITE123,Harbor Expansion,Trichy,2025-03-24,2025-04-05,2025-04-05,12,12000,144000,24000,Paid,OP1088,Completed,0
RNT104863,EQX1284,CUST1032,SITE126,Bridge Construction,Madurai,2025-01-28,2025-02-15,2025-02-15,18,18000,324000,36000,Paid,OP1057,Completed,0
RNT104864,EQX1222,CUST1115,SITE102,Harbor Expansion,Bangalore,2025-02-05,2025-02-20,2025-02-20,15,22000,330000,44000,Paid,OP1029,Completed,0
RNT104865,EQX1275,CUST1039,SITE111,Mining Site,Mysore,2025-06-13,2025-06-30,2025-06-30,17,18000,306000,36000,Paid,OP1066,Completed,0
RNT104866,EQX1247,CUST1010,SITE124,IT Park,Hyderabad,2025-06-30,2025-07-22,2025-07-22,22,12000,264000,24000,Paid,OP1163,Completed,0
RNT104867,EQX1141,CUST1034,SITE117,Harbor Expansion,Mysore,2025-05-16,2025-05-22,2025-05-22,6,12000,72000,24000,Paid,OP1046,Completed,0
RNT104868,EQX1258,CUST1101,SITE109,IT Park,Hyderabad,2025-03-14,2025-04-12,2025-04-12,29,18000,522000,36000,Paid,OP1127,Completed,0
RNT104869,EQX1031,CUST1035,SITE114,IT Park,Salem,2025-01-25,2025-02-05,2025-02-05,11,18000,198000,36000,Paid,OP1003,Completed,0
RNT104870,EQX1108,CUST1054,SITE110,Bridge Construction,Coimbatore,2025-01-18,2025-02-12,2025-02-12,25,22000,550000,44000,Paid,OP1133,Completed,0
RNT104871,EQX1094,CUST1019,SITE118,Solar Power Plant,Madurai,2025-03-11,2025-03-18,2025-03-18,7,30000,210000,60000,Paid,OP1159,Completed,0
RNT104872,EQX1022,CUST1080,SITE101,Residential Township,Bangalore,2025-02-19,2025-03-06,2025-03-06,15,24000,360000,48000,Paid,OP1170,Completed,0
RNT104873,EQX1133,CUST1092,SITE123,Smart City Zone,Madurai,2025-03-19,2025-04-12,2025-04-12,24,30000,720000,60000,Paid,OP1041,Completed,0
RNT104874,EQX1175,CUST1032,SITE103,Harbor Expansion,Trichy,2025-03-20,2025-03-25,2025-03-25,5,25000,125000,50000,Paid,OP1050,Completed,0
RNT104875,EQX1127,CUST1104,SITE108,Bridge Construction,Madurai,2025-03-17,2025-03-27,2025-03-27,10,24000,240000,48000,Paid,OP1101,Completed,0
RNT104876,EQX1209,CUST1100,SITE114,Solar Power Plant,Coimbatore,2025-03-15,2025-04-06,2025-04-06,22,18000,396000,36000,Paid,OP1157,Completed,0
RNT104877,EQX1248,CUST1055,SITE129,Harbor Expansion,Chennai,2025-06-07,2025-06-29,2025-07-06,22,30000,870000,60000,Paid,OP1084,Overdue,7
RNT104878,EQX1286,CUST1116,SITE111,Highway Expansion,Chennai,2025-01-18,2025-02-17,2025-02-17,30,18000,540000,36000,Partial,OP1183,Completed,0
RNT104879,EQX1119,CUST1087,SITE105,River Embankment,Chennai,2025-01-22,2025-01-25,2025-01-25,3,22000,66000,44000,Paid,OP1064,Completed,0
RNT104880,EQX1226,CUST1087,SITE107,Highway Expansion,Hyderabad,2025-05-21,2025-06-06,2025-06-06,16,24000,384000,48000,Paid,OP1174,Completed,0
RNT104881,EQX1249,CUST1110,SITE106,Industrial Park,Coimbatore,2025-05-18,2025-06-13,2025-06-13,26,18000,468000,36000,Paid,OP1172,Completed,0
RNT104882,EQX1127,CUST1039,SITE127,Mining Site,Madurai,2025-05-24,2025-06-15,2025-06-15,22,24000,528000,48000,Paid,OP1188,Completed,0
RNT104883,EQX1073,CUST1069,SITE105,Mining Site,Bangalore,2025-02-28,2025-03-11,2025-03-11,11,22000,242000,44000,Paid,OP1158,Completed,0
RNT104884,EQX1015,CUST1048,SITE125,Airport Extension,Salem,2025-06-19,2025-06-22,2025-06-22,3,22000,66000,44000,Paid,OP1057,Completed,0
RNT104885,EQX1282,CUST1066,SITE111,Smart City Zone,Chennai,2025-05-06,2025-05-11,2025-05-11,5,18000,90000,36000,Paid,OP1154,Completed,0
RNT104886,EQX1085,CUST1094,SITE128,Smart City Zone,Hyderabad,2025-03-23,2025-03-25,2025-03-25,2,24000,48000,48000,Pending,OP1072,Completed,0
RNT104887,EQX1289,CUST1069,SITE101,IT Park,Bangalore,2025-01-09,2025-01-28,2025-01-28,19,24000,456000,48000,Pending,OP1121,Completed,0
RNT104888,EQX1077,CUST1003,SITE129,Industrial Park,Hyderabad,2025-05-25,2025-06-04,2025-06-04,10,18000,180000,36000,Paid,OP1182,Completed,0
RNT104889,EQX1136,CUST1059,SITE125,River Embankment,Chennai,2025-05-05,2025-05-23,2025-05-25,18,24000,480000,48000,Pending,OP1116,Overdue,2
RNT104890,EQX1022,CUST1074,SITE130,IT Park,Trichy,2025-02-22,2025-03-11,2025-03-11,17,24000,408000,48000,Partial,OP1072,Completed,0
RNT104891,EQX1181,CUST1002,SITE124,Airport Extension,Coimbatore,2025-05-27,2025-06-03,2025-06-03,7,22000,154000,44000,Paid,OP1052,Completed,0
RNT104892,EQX1271,CUST1088,SITE106,River Embankment,Coimbatore,2025-04-16,2025-05-08,2025-05-08,22,12000,264000,24000,Paid,OP1080,Completed,0
RNT104893,EQX1115,CUST1033,SITE107,IT Park,Trichy,2025-06-23,2025-07-21,2025-07-21,28,18000,504000,36000,Paid,OP1188,Completed,0
RNT104894,EQX1133,CUST1078,SITE112,Smart City Zone,Salem,2025-04-09,2025-04-13,2025-04-13,4,30000,120000,60000,Paid,OP1200,Completed,0
RNT104895,EQX1177,CUST1033,SITE101,Mining Site,Chennai,2025-05-28,2025-06-03,2025-06-03,6,25000,150000,50000,Pending,OP1114,Completed,0
RNT104896,EQX1132,CUST1115,SITE124,Industrial Park,Madurai,2025-02-19,2025-03-04,2025-03-04,13,30000,390000,60000,Paid,OP1003,Completed,0
RNT104897,EQX1211,CUST1056,SITE110,IT Park,Madurai,2025-06-03,2025-06-17,2025-06-24,14,24000,504000,48000,Paid,OP1052,Overdue,7
RNT104898,EQX1095,CUST1087,SITE120,Smart City Zone,Salem,2025-02-25,2025-03-04,2025-03-06,7,18000,162000,36000,Paid,OP1093,Overdue,2
RNT104899,EQX1202,CUST1007,SITE121,Metro Rail Project,Coimbatore,2025-04-19,2025-05-19,2025-05-19,30,30000,900000,60000,Paid,OP1161,Completed,0
RNT104900,EQX1191,CUST1003,SITE125,IT Park,Madurai,2025-06-26,2025-07-14,2025-07-14,18,24000,432000,48000,Paid,OP1081,Completed,0
RNT104901,EQX1057,CUST1029,SITE110,Residential Township,Hyderabad,2025-05-08,2025-05-25,2025-05-25,17,22000,374000,44000,Paid,OP1192,Completed,0
RNT104902,EQX1285,CUST1103,SITE126,Solar Power Plant,Trichy,2025-01-29,2025-02-23,2025-02-23,25,30000,750000,60000,Paid,OP1178,Completed,0
RNT104903,EQX1012,CUST1014,SITE117,Residential Township,Coimbatore,2025-04-14,2025-05-04,2025-05-04,20,30000,600000,60000,Paid,OP1020,Completed,0
RNT104904,EQX1029,CUST1106,SITE113,River Embankment,Hyderabad,2025-02-01,2025-03-02,2025-03-06,29,12000,396000,24000,Paid,OP1177,Overdue,4
RNT104905,EQX1133,CUST1036,SITE122,Highway Expansion,Hyderabad,2025-04-02,2025-04-09,2025-04-09,7,30000,210000,60000,Paid,OP1086,Completed,0
RNT104906,EQX1292,CUST1047,SITE109,Mining Site,Bangalore,2025-02-07,2025-02-14,2025-02-14,7,12000,84000,24000,Paid,OP1095,Completed,0
RNT104907,EQX1056,CUST1063,SITE116,Mining Site,Mysore,2025-06-22,2025-07-05,2025-07-05,13,22000,286000,44000,Paid,OP1155,Completed,0
RNT104908,EQX1137,CUST1098,SITE111,Solar Power Plant,Hyderabad,2025-01-04,2025-01-25,2025-01-25,21,18000,378000,36000,Partial,OP1063,Completed,0
RNT104909,EQX1125,CUST1026,SITE118,Mining Site,Trichy,2025-01-26,2025-01-28,2025-01-28,2,25000,50000,50000,Pending,OP1133,Completed,0
RNT104910,EQX1129,CUST1006,SITE117,Metro Rail Project,Salem,2025-06-11,2025-06-26,2025-07-01,15,24000,480000,48000,Pending,OP1086,Overdue,5
RNT104911,EQX1221,CUST1035,SITE122,Airport Extension,Trichy,2025-04-02,2025-04-21,2025-04-22,19,25000,500000,50000,Pending,OP1064,Overdue,1
RNT104912,EQX1213,CUST1027,SITE113,Smart City Zone,Bangalore,2025-06-24,2025-07-15,2025-07-15,21,12000,252000,24000,Paid,OP1109,Completed,0
RNT104913,EQX1260,CUST1033,SITE112,Industrial Park,Madurai,2025-04-06,2025-05-06,2025-05-06,30,30000,900000,60000,Paid,OP1112,Completed,0
RNT104914,EQX1277,CUST1085,SITE117,Residential Township,Hyderabad,2025-05-29,2025-06-14,2025-06-24,16,12000,312000,24000,Pending,OP1079,Overdue,10
RNT104915,EQX1065,CUST1117,SITE121,Metro Rail Project,Chennai,2025-03-06,2025-03-26,2025-04-02,20,25000,675000,50000,Paid,OP1188,Overdue,7
RNT104916,EQX1002,CUST1054,SITE106,Airport Extension,Chennai,2025-04-12,2025-05-02,2025-05-08,20,18000,468000,36000,Pending,OP1040,Overdue,6
RNT104917,EQX1019,CUST1044,SITE112,Harbor Expansion,Mysore,2025-01-10,2025-02-03,2025-02-13,24,25000,850000,50000,Pending,OP1182,Overdue,10
RNT104918,EQX1122,CUST1047,SITE129,Harbor Expansion,Chennai,2025-01-18,2025-01-27,2025-01-27,9,18000,162000,36000,Paid,OP1069,Completed,0
RNT104919,EQX1188,CUST1017,SITE125,Solar Power Plant,Mysore,2025-06-23,2025-07-07,2025-07-15,14,30000,660000,60000,Paid,OP1114,Overdue,8
RNT104920,EQX1068,CUST1083,SITE112,Residential Township,Salem,2025-05-05,2025-05-20,2025-05-26,15,18000,378000,36000,Paid,OP1191,Overdue,6
RNT104921,EQX1176,CUST1088,SITE122,Solar Power Plant,Trichy,2025-06-22,2025-06-25,2025-06-30,3,30000,240000,60000,Paid,OP1189,Overdue,5
RNT104922,EQX1264,CUST1062,SITE113,Highway Expansion,Salem,2025-06-16,2025-07-02,2025-07-02,16,22000,352000,44000,Paid,OP1175,Completed,0
RNT104923,EQX1165,CUST1042,SITE121,Solar Power Plant,Trichy,2025-02-24,2025-03-07,2025-03-07,11,25000,275000,50000,Pending,OP1046,Completed,0
RNT104924,EQX1115,CUST1114,SITE116,Bridge Construction,Madurai,2025-06-26,2025-07-23,2025-07-23,27,18000,486000,36000,Paid,OP1087,Completed,0
RNT104925,EQX1232,CUST1089,SITE125,River Embankment,Mysore,2025-04-02,2025-04-20,2025-04-20,18,18000,324000,36000,Paid,OP1109,Completed,0
RNT104926,EQX1104,CUST1057,SITE128,Bridge Construction,Hyderabad,2025-02-08,2025-02-17,2025-02-17,9,24000,216000,48000,Partial,OP1040,Completed,0
RNT104927,EQX1033,CUST1030,SITE103,IT Park,Madurai,2025-06-30,2025-07-25,2025-07-25,25,24000,600000,48000,Partial,OP1150,Completed,0
RNT104928,EQX1067,CUST1089,SITE104,IT Park,Hyderabad,2025-06-28,2025-07-20,2025-07-24,22,24000,624000,48000,Pending,OP1097,Overdue,4
RNT104929,EQX1080,CUST1092,SITE105,Bridge Construction,Madurai,2025-03-15,2025-03-23,2025-03-23,8,24000,192000,48000,Paid,OP1192,Completed,0
RNT104930,EQX1168,CUST1112,SITE124,Harbor Expansion,Coimbatore,2025-05-26,2025-06-18,2025-06-18,23,25000,575000,50000,Paid,OP1069,Completed,0
RNT104931,EQX1126,CUST1086,SITE127,Highway Expansion,Madurai,2025-02-12,2025-03-14,2025-03-15,30,18000,558000,36000,Pending,OP1037,Overdue,1
RNT104932,EQX1019,CUST1031,SITE101,Solar Power Plant,Madurai,2025-03-22,2025-03-30,2025-04-05,8,25000,350000,50000,Partial,OP1128,Overdue,6
RNT104933,EQX1069,CUST1009,SITE114,River Embankment,Madurai,2025-05-18,2025-06-15,2025-06-15,28,25000,700000,50000,Paid,OP1164,Completed,0
RNT104934,EQX1190,CUST1064,SITE108,Solar Power Plant,Madurai,2025-05-01,2025-05-20,2025-05-20,19,25000,475000,50000,Pending,OP1119,Completed,0
RNT104935,EQX1299,CUST1115,SITE115,IT Park,Mysore,2025-06-14,2025-06-16,2025-06-16,2,24000,48000,48000,Paid,OP1172,Completed,0
RNT104936,EQX1275,CUST1029,SITE121,Smart City Zone,Mysore,2025-05-14,2025-06-10,2025-06-10,27,18000,486000,36000,Paid,OP1063,Completed,0
RNT104937,EQX1199,CUST1067,SITE117,Harbor Expansion,Salem,2025-01-12,2025-01-31,2025-01-31,19,18000,342000,36000,Paid,OP1120,Completed,0
RNT104938,EQX1206,CUST1050,SITE130,River Embankment,Hyderabad,2025-03-14,2025-03-23,2025-03-26,9,22000,264000,44000,Paid,OP1014,Overdue,3
RNT104939,EQX1146,CUST1026,SITE117,Mining Site,Hyderabad,2025-01-20,2025-02-06,2025-02-06,17,18000,306000,36000,Paid,OP1029,Completed,0
RNT104940,EQX1008,CUST1074,SITE126,Bridge Construction,Bangalore,2025-03-18,2025-03-20,2025-03-20,2,30000,60000,60000,Pending,OP1080,Completed,0
RNT104941,EQX1088,CUST1082,SITE101,Solar Power Plant,Coimbatore,2025-06-13,2025-07-13,2025-07-14,30,18000,558000,36000,Paid,OP1149,Overdue,1
RNT104942,EQX1096,CUST1082,SITE118,River Embankment,Hyderabad,2025-04-08,2025-04-22,2025-04-22,14,25000,350000,50000,Paid,OP1165,Completed,0
RNT104943,EQX1114,CUST1022,SITE109,IT Park,Salem,2025-01-16,2025-02-12,2025-02-12,27,12000,324000,24000,Paid,OP1146,Completed,0
RNT104944,EQX1125,CUST1079,SITE127,IT Park,Madurai,2025-05-02,2025-05-19,2025-05-19,17,25000,425000,50000,Pending,OP1174,Completed,0
RNT104945,EQX1117,CUST1108,SITE101,Smart City Zone,Trichy,2025-02-02,2025-02-13,2025-02-20,11,18000,324000,36000,Partial,OP1040,Overdue,7
RNT104946,EQX1066,CUST1068,SITE107,Highway Expansion,Hyderabad,2025-02-05,2025-02-07,2025-02-10,2,30000,150000,60000,Paid,OP1197,Overdue,3
RNT104947,EQX1049,CUST1038,SITE124,Metro Rail Project,Mysore,2025-02-07,2025-03-06,2025-03-06,27,12000,324000,24000,Partial,OP1003,Completed,0
RNT104948,EQX1285,CUST1047,SITE127,Highway Expansion,Trichy,2025-02-22,2025-03-21,2025-03-27,27,30000,990000,60000,Paid,OP1133,Overdue,6
RNT104949,EQX1182,CUST1068,SITE128,Airport Extension,Trichy,2025-06-25,2025-07-21,2025-07-21,26,22000,572000,44000,Paid,OP1139,Completed,0
RNT104950,EQX1090,CUST1092,SITE113,Harbor Expansion,Salem,2025-05-24,2025-05-30,2025-05-30,6,30000,180000,60000,Paid,OP1125,Completed,0
RNT104951,EQX1196,CUST1081,SITE123,Airport Extension,Madurai,2025-04-05,2025-04-27,2025-04-27,22,22000,484000,44000,Paid,OP1032,Completed,0
RNT104952,EQX1111,CUST1025,SITE106,Metro Rail Project,Mysore,2025-01-16,2025-01-18,2025-01-18,2,22000,44000,44000,Paid,OP1035,Completed,0
RNT104953,EQX1241,CUST1086,SITE128,Mining Site,Trichy,2025-06-25,2025-07-10,2025-07-10,15,12000,180000,24000,Pending,OP1110,Completed,0
RNT104954,EQX1045,CUST1088,SITE111,Harbor Expansion,Madurai,2025-01-23,2025-02-08,2025-02-08,16,25000,400000,50000,Paid,OP1003,Completed,0
RNT104955,EQX1004,CUST1034,SITE117,Smart City Zone,Trichy,2025-05-11,2025-06-04,2025-06-04,24,30000,720000,60000,Paid,OP1089,Completed,0
RNT104956,EQX1132,CUST1081,SITE129,Smart City Zone,Salem,2025-01-09,2025-02-03,2025-02-03,25,30000,750000,60000,Pending,OP1041,Completed,0
RNT104957,EQX1245,CUST1103,SITE126,Highway Expansion,Bangalore,2025-01-17,2025-01-30,2025-01-31,13,25000,350000,50000,Paid,OP1138,Overdue,1
RNT104958,EQX1045,CUST1032,SITE101,Metro Rail Project,Bangalore,2025-06-15,2025-06-30,2025-06-30,15,25000,375000,50000,Paid,OP1063,Completed,0
RNT104959,EQX1111,CUST1078,SITE102,Highway Expansion,Chennai,2025-01-06,2025-02-04,2025-02-04,29,22000,638000,44000,Pending,OP1103,Completed,0
RNT104960,EQX1064,CUST1085,SITE121,River Embankment,Hyderabad,2025-04-14,2025-04-29,2025-04-29,15,18000,270000,36000,Paid,OP1068,Completed,0
RNT104961,EQX1141,CUST1111,SITE114,IT Park,Coimbatore,2025-06-09,2025-07-06,2025-07-12,27,12000,396000,24000,Partial,OP1186,Overdue,6
RNT104962,EQX1272,CUST1090,SITE102,Metro Rail Project,Trichy,2025-05-30,2025-06-03,2025-06-03,4,30000,120000,60000,Paid,OP1021,Completed,0
RNT104963,EQX1109,CUST1046,SITE106,IT Park,Trichy,2025-05-05,2025-05-20,2025-05-24,15,24000,456000,48000,Partial,OP1126,Overdue,4
RNT104964,EQX1192,CUST1112,SITE103,IT Park,Coimbatore,2025-02-14,2025-02-18,2025-02-23,4,12000,108000,24000,Paid,OP1165,Overdue,5
RNT104965,EQX1214,CUST1069,SITE108,Bridge Construction,Hyderabad,2025-01-04,2025-01-19,2025-01-19,15,24000,360000,48000,Pending,OP1073,Completed,0
RNT104966,EQX1280,CUST1102,SITE128,Highway Expansion,Salem,2025-05-30,2025-06-17,2025-06-17,18,18000,324000,36000,Paid,OP1061,Completed,0
RNT104967,EQX1217,CUST1115,SITE121,Smart City Zone,Hyderabad,2025-05-13,2025-05-25,2025-05-28,12,18000,270000,36000,Paid,OP1141,Overdue,3
RNT104968,EQX1172,CUST1115,SITE122,Metro Rail Project,Hyderabad,2025-02-15,2025-02-19,2025-02-19,4,30000,120000,60000,Paid,OP1175,Completed,0
RNT104969,EQX1079,CUST1115,SITE109,Solar Power Plant,Hyderabad,2025-03-14,2025-03-27,2025-03-27,13,12000,156000,24000,Pending,OP1143,Completed,0
RNT104970,EQX1213,CUST1118,SITE119,Highway Expansion,Trichy,2025-01-27,2025-02-20,2025-02-20,24,12000,288000,24000,Partial,OP1118,Completed,0
RNT104971,EQX1112,CUST1010,SITE127,Bridge Construction,Bangalore,2025-05-06,2025-05-16,2025-05-16,10,30000,300000,60000,Paid,OP1094,Completed,0
RNT104972,EQX1248,CUST1099,SITE121,Bridge Construction,Mysore,2025-02-03,2025-02-19,2025-02-19,16,30000,480000,60000,Paid,OP1040,Completed,0
RNT104973,EQX1257,CUST1002,SITE103,Solar Power Plant,Trichy,2025-02-05,2025-02-16,2025-02-16,11,24000,264000,48000,Paid,OP1030,Completed,0
RNT104974,EQX1268,CUST1119,SITE119,Metro Rail Project,Coimbatore,2025-06-30,2025-07-19,2025-07-19,19,22000,418000,44000,Paid,OP1105,Completed,0
RNT104975,EQX1012,CUST1019,SITE108,Airport Extension,Mysore,2025-01-31,2025-02-28,2025-02-28,28,30000,840000,60000,Paid,OP1004,Completed,0
RNT104976,EQX1133,CUST1030,SITE120,Harbor Expansion,Hyderabad,2025-01-30,2025-02-23,2025-02-27,24,30000,840000,60000,Partial,OP1100,Overdue,4
RNT104977,EQX1147,CUST1030,SITE124,Metro Rail Project,Mysore,2025-01-04,2025-01-22,2025-01-22,18,22000,396000,44000,Paid,OP1055,Completed,0
RNT104978,EQX1156,CUST1072,SITE101,IT Park,Chennai,2025-02-25,2025-03-19,2025-03-19,22,30000,660000,60000,Pending,OP1070,Completed,0
RNT104979,EQX1151,CUST1056,SITE125,Industrial Park,Bangalore,2025-05-29,2025-06-18,2025-06-18,20,18000,360000,36000,Paid,OP1110,Completed,0
RNT104980,EQX1006,CUST1117,SITE127,Mining Site,Mysore,2025-06-19,2025-07-04,2025-07-04,15,24000,360000,48000,Paid,OP1149,Completed,0
RNT104981,EQX1074,CUST1037,SITE121,River Embankment,Chennai,2025-01-15,2025-02-07,2025-02-07,23,12000,276000,24000,Partial,OP1006,Completed,0
RNT104982,EQX1015,CUST1034,SITE116,Solar Power Plant,Mysore,2025-05-09,2025-05-30,2025-05-30,21,22000,462000,44000,Paid,OP1077,Completed,0
RNT104983,EQX1158,CUST1001,SITE106,Airport Extension,Salem,2025-03-28,2025-04-04,2025-04-14,7,24000,408000,48000,Partial,OP1024,Overdue,10
RNT104984,EQX1296,CUST1086,SITE118,Solar Power Plant,Hyderabad,2025-06-03,2025-06-29,2025-06-29,26,30000,780000,60000,Paid,OP1008,Completed,0
RNT104985,EQX1148,CUST1022,SITE127,IT Park,Salem,2025-06-03,2025-06-23,2025-06-30,20,22000,594000,44000,Paid,OP1091,Overdue,7
RNT104986,EQX1192,CUST1018,SITE109,Solar Power Plant,Bangalore,2025-06-30,2025-07-04,2025-07-04,4,12000,48000,24000,Partial,OP1138,Completed,0
RNT104987,EQX1253,CUST1026,SITE110,Harbor Expansion,Trichy,2025-05-08,2025-06-05,2025-06-05,28,24000,672000,48000,Paid,OP1019,Completed,0
RNT104988,EQX1258,CUST1112,SITE110,River Embankment,Salem,2025-06-30,2025-07-13,2025-07-13,13,18000,234000,36000,Partial,OP1012,Completed,0
RNT104989,EQX1119,CUST1070,SITE116,Industrial Park,Chennai,2025-05-06,2025-05-15,2025-05-15,9,22000,198000,44000,Paid,OP1164,Completed,0
RNT104990,EQX1164,CUST1023,SITE107,Highway Expansion,Madurai,2025-03-03,2025-03-30,2025-04-03,27,30000,930000,60000,Paid,OP1045,Overdue,4
RNT104991,EQX1103,CUST1115,SITE113,Metro Rail Project,Coimbatore,2025-03-28,2025-04-16,2025-04-16,19,25000,475000,50000,Partial,OP1121,Completed,0
RNT104992,EQX1109,CUST1062,SITE121,Smart City Zone,Salem,2025-05-21,2025-06-09,2025-06-09,19,24000,456000,48000,Paid,OP1188,Completed,0
RNT104993,EQX1167,CUST1037,SITE118,Residential Township,Madurai,2025-05-09,2025-06-08,2025-06-08,30,24000,720000,48000,Partial,OP1183,Completed,0
RNT104994,EQX1108,CUST1117,SITE120,Residential Township,Madurai,2025-05-13,2025-06-04,2025-06-04,22,22000,484000,44000,Pending,OP1132,Completed,0
RNT104995,EQX1046,CUST1076,SITE105,Smart City Zone,Trichy,2025-05-18,2025-05-29,2025-05-29,11,22000,242000,44000,Paid,OP1066,Completed,0
RNT104996,EQX1074,CUST1027,SITE117,Solar Power Plant,Trichy,2025-02-20,2025-03-12,2025-03-12,20,12000,240000,24000,Paid,OP1188,Completed,0
RNT104997,EQX1078,CUST1093,SITE101,Airport Extension,Madurai,2025-03-27,2025-04-22,2025-04-22,26,12000,312000,24000,Paid,OP1138,Completed,0
RNT104998,EQX1294,CUST1038,SITE108,Metro Rail Project,Trichy,2025-06-19,2025-07-13,2025-07-13,24,22000,528000,44000,Paid,OP1154,Completed,0
RNT104999,EQX1132,CUST1025,SITE125,Solar Power Plant,Chennai,2025-04-17,2025-04-24,2025-04-28,7,30000,330000,60000,Paid,OP1084,Overdue,4
